temp_ambiente,temp_agua,humedad_ambiente,humedad_suelo,intensidad_luz,perfil,uv,riego
26.82,24.23,84.43,55.71,15.4,3,29,1
37.0,23.6,50.8,79.94,61.0,2,133,0
20.1,17.91,68.49,47.31,78.3,3,150,1
17.15,24.24,78.52,43.12,1.1,2,30,0
17.13,23.68,60.68,59.23,31.3,2,79,0
25.6,20.94,74.57,77.0,84.0,1,247,0
31.97,16.68,89.22,24.85,98.6,1,255,1
19.11,23.99,80.91,39.07,6.7,3,20,1
32.26,19.3,94.55,71.35,72.2,3,138,1
25.0,20.57,94.22,35.1,41.5,3,78,1
25.12,16.11,71.67,33.44,41.5,2,106,1
28.24,23.76,91.19,19.96,50.7,1,149,1
20.11,17.18,76.84,45.46,6.4,2,30,0
20.32,19.5,96.78,34.45,67.9,3,128,1
45.2,19.25,89.2,67.72,15.4,3,24,1
20.57,21.8,69.01,76.73,14.0,1,40,0
32.04,20.35,62.38,25.05,89.8,1,255,0
27.77,23.93,89.87,76.66,79.2,2,200,0
22.12,22.45,61.9,41.05,74.0,3,142,1
33.39,25.61,73.44,73.66,43.4,1,127,0
36.9,18.03,50.81,59.12,18.2,2,38,1
25.05,16.76,76.08,76.7,69.6,2,177,0
36.86,21.82,83.13,41.67,29.1,3,47,1
41.66,15.97,76.29,46.65,66.4,3,109,1
16.67,15.61,89.45,41.87,12.5,1,40,0
28.1,22.31,56.14,27.74,96.1,2,247,1
17.66,15.15,96.35,70.45,70.7,1,204,0
28.73,22.43,52.91,53.5,15.8,2,40,0
30.26,19.96,59.86,46.24,40.1,2,101,1
43.44,23.49,82.24,68.4,67.8,3,110,1
27.03,24.58,92.22,32.31,6.4,3,20,1
36.39,18.68,62.76,50.17,69.6,2,150,1
24.38,16.32,86.17,68.95,99.4,2,252,0
37.01,17.59,67.88,52.22,49.6,1,123,0
42.99,20.82,81.78,47.11,29.4,1,73,1
40.35,19.61,60.3,43.47,89.9,2,193,1
17.79,22.64,77.96,44.5,91.1,3,173,1
40.17,22.46,82.01,34.93,39.9,1,99,1
44.7,20.24,64.93,22.12,93.2,1,230,1
42.26,24.34,52.3,42.61,10.4,1,40,1
32.67,15.3,95.56,79.51,69.8,1,204,0
33.11,24.17,53.75,72.75,54.6,1,161,0
27.13,24.55,91.73,70.41,47.0,3,89,1
37.38,22.61,68.55,34.82,19.9,1,51,1
33.72,18.85,55.0,61.56,52.7,2,132,1
34.39,22.53,94.51,57.48,98.0,2,250,1
26.49,20.33,88.59,43.72,62.3,3,118,1
25.88,17.2,77.07,40.24,53.2,3,102,1
41.81,20.05,81.85,30.3,20.1,3,31,1
27.28,24.1,57.14,40.23,31.8,2,82,1
37.78,17.32,59.85,42.29,48.9,2,105,1
37.93,15.07,92.09,41.84,39.8,1,98,1
18.58,20.8,61.26,40.14,48.2,2,120,0
28.73,16.27,62.31,42.03,64.5,2,164,0
15.89,17.09,65.53,49.61,85.3,2,216,0
41.07,23.26,63.81,30.87,66.8,1,166,1
22.34,24.91,84.14,31.53,73.5,3,140,1
33.41,18.99,71.34,53.33,54.3,2,139,1
38.23,21.15,73.18,44.64,35.2,1,86,1
36.85,15.35,87.88,70.0,74.4,2,162,0
42.43,18.4,76.38,61.73,44.3,2,97,1
27.75,20.37,53.65,33.3,54.1,2,138,1
39.36,21.5,75.21,73.83,79.2,2,170,0
29.96,22.47,54.16,51.97,38.1,1,111,0
22.34,21.85,83.14,59.22,69.7,2,176,0
20.42,20.9,74.86,56.93,1.9,3,20,0
36.26,16.38,78.0,56.21,41.8,1,105,0
22.15,21.33,66.35,64.54,20.9,1,60,0
26.25,21.92,72.54,33.13,44.8,3,86,1
21.88,20.92,96.87,47.55,55.7,2,142,0
22.21,24.33,60.68,30.94,4.9,2,30,1
30.73,19.93,87.16,26.6,32.8,3,63,1
27.2,15.36,57.52,62.25,65.0,1,193,0
32.92,24.25,77.06,63.11,80.0,2,205,1
25.53,16.13,80.82,64.29,84.1,1,248,0
40.38,18.92,51.35,69.66,34.6,2,74,0
32.53,24.34,71.53,31.3,48.6,1,142,0
44.47,20.66,58.34,35.96,1.8,2,30,1
28.4,20.45,83.77,26.65,13.9,3,26,1
27.43,20.23,52.08,30.39,73.7,3,141,1
36.58,21.31,95.11,43.86,96.7,2,206,1
25.65,22.94,56.4,24.11,72.8,1,213,1
17.73,14.96,97.3,20.38,10.7,1,40,1
35.35,21.84,90.86,34.82,49.0,3,79,1
32.63,25.31,76.65,48.73,31.3,3,59,1
25.27,23.36,51.39,56.4,22.6,1,67,0
16.84,18.37,75.72,67.94,32.0,2,81,0
16.0,17.22,67.88,75.7,5.8,2,30,0
34.89,23.79,97.23,66.03,42.2,3,79,1
36.57,21.36,62.51,75.11,4.4,3,20,1
43.85,19.57,79.94,29.77,98.9,3,161,1
43.72,23.15,87.5,58.18,22.2,1,53,0
19.56,22.89,60.63,32.55,53.7,1,157,0
42.94,22.34,64.94,34.9,0.6,3,20,1
41.13,19.99,73.19,56.41,82.3,2,178,1
20.78,16.33,66.51,34.84,93.0,3,177,1
16.16,23.58,61.13,74.55,0.0,2,30,0
34.68,20.76,87.24,25.83,75.9,2,194,1
38.16,23.18,57.78,66.23,95.7,1,236,0
32.94,18.8,52.17,69.34,37.8,3,71,1
39.86,17.64,90.23,66.69,22.4,3,37,1
24.62,24.95,69.42,73.9,23.9,1,67,0
30.33,19.69,58.05,32.09,9.9,3,20,1
23.78,20.84,60.3,29.43,64.2,1,191,0
16.65,15.85,68.07,48.77,60.0,3,114,1
33.46,22.33,76.94,19.89,32.1,2,83,1
44.43,17.27,84.45,70.05,4.3,1,40,0
43.4,21.29,88.36,56.64,49.1,3,78,1
34.54,20.91,83.87,25.42,6.9,3,20,1
41.2,19.35,52.19,30.01,1.6,3,20,1
18.55,15.22,63.48,48.14,86.8,3,166,1
32.39,20.54,78.58,21.32,38.9,2,100,1
26.91,19.46,90.11,34.73,77.9,2,197,1
28.77,19.89,65.94,56.44,17.1,3,31,1
28.28,17.19,61.13,72.45,44.5,2,112,0
23.37,18.8,68.99,56.88,35.6,1,104,0
32.13,20.09,51.49,79.43,12.0,1,40,0
20.31,24.89,96.65,20.37,94.3,2,242,1
26.18,20.01,55.54,28.92,14.3,2,36,1
36.17,23.44,95.47,60.79,49.9,1,123,0
38.33,24.47,79.1,75.9,83.1,1,206,0
44.65,22.02,53.6,37.84,11.2,2,30,1
37.57,23.33,71.98,69.86,11.0,2,30,0
32.34,21.46,77.0,46.32,2.6,3,20,1
26.36,23.68,72.98,48.48,3.4,2,30,0
36.88,20.14,89.79,45.76,89.9,1,223,1
19.92,20.15,62.53,36.85,30.9,3,58,1
39.85,20.04,56.17,70.77,80.2,3,130,1
44.02,20.51,89.75,53.22,3.8,2,30,1
26.65,24.27,87.32,53.91,25.8,2,65,0
39.22,15.93,69.91,28.71,23.2,2,50,1
34.24,18.07,81.08,22.57,13.2,3,27,1
36.36,15.33,65.49,68.77,60.0,2,130,0
30.97,16.18,89.11,33.9,53.2,2,137,1
21.24,15.51,68.61,41.81,99.8,3,190,1
21.46,19.66,54.24,46.65,76.0,1,221,0
35.68,16.1,61.48,66.83,86.1,1,215,0
43.08,20.79,64.69,43.94,44.7,2,96,1
40.84,17.69,94.11,27.2,82.0,3,132,1
25.14,15.55,57.76,33.4,96.1,2,244,1
33.26,22.75,59.15,48.46,39.8,1,116,0
38.5,16.31,77.89,76.46,87.0,1,218,0
35.51,16.49,51.75,67.29,45.4,2,117,0
18.06,22.88,62.74,30.88,69.8,1,202,0
24.33,21.17,74.36,44.66,13.3,3,24,1
38.61,15.64,70.61,49.11,1.3,3,20,1
25.43,23.05,81.16,31.85,6.4,1,40,0
19.98,18.69,85.23,48.23,38.1,1,110,0
35.95,19.77,61.47,69.37,4.0,1,40,0
28.97,24.15,55.53,78.08,44.4,1,129,0
29.87,25.13,97.39,76.16,77.7,3,149,1
22.57,16.5,79.48,66.09,64.2,2,164,0
29.61,15.89,72.49,74.23,53.1,2,132,0
42.91,17.67,55.37,31.76,88.8,1,221,1
38.35,19.37,90.65,62.85,77.4,3,126,1
36.0,16.36,95.93,49.63,15.8,1,37,1
19.02,16.15,54.33,54.21,87.4,1,255,0
32.33,22.82,81.67,31.4,35.7,1,104,0
40.11,15.48,85.12,65.52,68.6,3,110,1
38.13,17.52,56.16,59.87,0.0,3,20,1
30.95,21.32,52.87,54.83,56.7,2,143,0
19.75,21.61,85.65,78.56,20.1,3,40,0
18.16,17.76,79.69,64.43,99.7,2,254,0
39.97,19.05,78.79,56.11,18.8,1,45,0
42.81,22.95,52.54,71.86,22.0,1,56,0
18.32,22.2,73.03,46.18,73.4,2,186,0
16.3,17.94,52.87,21.78,28.3,3,52,1
17.79,19.48,50.74,23.67,90.7,1,255,1
22.82,22.14,77.03,27.22,87.7,1,255,0
32.62,19.39,96.52,56.75,35.9,1,102,0
44.1,17.3,68.53,51.09,79.4,1,197,0
29.77,19.06,82.35,52.4,5.8,2,30,0
20.39,18.44,87.59,51.35,21.4,1,60,0
19.54,18.75,63.96,44.1,79.6,3,152,1
44.45,17.2,75.73,37.13,78.7,1,197,1
36.23,22.94,64.18,71.22,90.7,2,196,0
26.56,22.75,89.31,39.02,79.3,2,203,1
41.75,19.12,56.78,21.0,55.9,1,139,1
19.18,21.92,97.03,74.57,65.4,1,191,0
39.62,16.14,60.54,29.49,34.0,3,56,1
36.93,23.42,90.13,35.34,3.3,1,40,1
22.48,23.19,62.44,59.3,69.2,1,203,0
42.31,17.52,87.98,23.62,89.0,3,146,1
40.16,20.4,68.6,78.39,11.4,1,40,0
43.23,22.82,90.4,21.35,95.5,3,156,1
19.38,15.91,61.93,22.44,56.8,1,166,1
41.4,23.72,65.92,41.01,98.4,3,160,1
18.82,23.76,82.03,69.26,87.7,1,255,0
20.56,24.49,71.17,66.13,64.2,3,122,0
33.48,22.68,74.47,57.95,6.3,1,40,0
28.98,19.73,80.75,47.9,45.0,1,131,0
25.6,24.35,67.33,25.22,62.2,1,180,0
36.7,24.87,56.93,37.25,39.9,3,64,1
43.48,23.1,50.54,58.72,5.4,1,40,0
35.67,15.68,80.05,52.44,90.4,2,195,1
33.48,19.84,56.96,26.37,15.5,3,29,1
16.27,18.77,65.0,48.99,57.4,2,147,0
31.67,23.07,77.78,32.66,39.0,3,73,1
33.27,22.09,83.23,41.42,17.3,1,48,0
33.08,16.58,90.29,51.84,83.6,2,214,1
16.74,20.28,94.99,42.6,3.9,2,30,0
19.3,23.71,68.07,42.43,47.6,2,120,0
26.97,18.2,75.64,29.76,55.6,2,141,1
21.48,20.16,81.57,33.84,83.4,3,158,1
38.51,21.96,64.4,39.27,78.5,3,128,1
44.05,24.19,85.97,52.08,86.8,1,216,0
28.83,15.72,95.82,76.62,51.0,2,130,0
31.38,20.56,76.77,72.57,98.3,2,250,0
29.76,25.26,54.72,20.29,65.0,1,187,1
36.86,22.29,55.76,38.69,35.9,2,77,1
45.02,17.16,97.23,25.6,0.6,3,20,1
35.4,22.37,91.38,57.05,7.9,1,40,0
34.15,20.7,84.66,20.37,10.0,2,30,1
18.15,18.98,64.73,33.8,28.4,3,53,1
30.41,17.12,81.22,78.31,60.3,1,176,0
40.26,20.69,80.98,52.11,47.7,2,100,1
20.37,23.0,62.5,49.03,28.8,2,72,0
33.58,23.91,78.12,48.55,34.1,1,99,0
32.69,23.9,93.31,45.28,38.4,3,72,1
16.5,16.7,84.38,59.67,96.4,3,184,0
38.27,21.42,53.33,41.92,95.8,1,238,1
27.53,22.4,66.96,71.41,73.5,2,186,0
19.82,22.11,84.81,39.01,64.5,1,189,0
39.75,22.36,75.2,25.88,67.5,1,171,1
28.53,20.37,79.41,20.23,46.5,2,118,1
44.92,16.18,49.78,65.61,80.1,2,174,0
37.5,17.25,80.95,54.36,56.7,1,141,0
28.14,17.98,54.48,33.7,24.8,1,72,0
43.47,15.47,67.57,33.71,20.1,2,42,1
43.68,18.05,84.67,52.35,6.4,2,30,1
23.13,20.48,82.49,23.92,28.0,2,70,1
30.03,23.85,82.84,27.42,99.7,2,253,1
28.34,21.33,52.84,58.13,98.6,3,187,1
38.29,18.1,62.39,47.8,78.0,2,169,1
22.29,21.1,61.37,39.19,84.8,3,162,1
31.11,19.85,80.97,26.04,3.0,3,20,1
22.96,20.86,66.34,59.75,24.9,2,61,0
32.13,19.22,66.4,70.32,15.1,3,27,1
30.47,16.95,77.25,30.7,33.1,3,63,1
19.17,23.29,53.34,63.3,77.4,2,197,0
24.69,23.54,68.22,52.29,52.7,1,156,0
15.74,22.74,96.02,33.88,66.4,3,126,1
39.48,17.95,64.42,28.01,33.7,3,54,1
36.25,16.0,87.24,55.1,95.5,2,206,1
20.2,20.9,88.13,62.47,17.8,1,50,0
41.36,17.46,89.1,31.87,34.3,2,74,1
35.56,19.26,77.23,38.9,48.3,2,104,1
30.17,22.27,75.98,52.69,42.7,1,125,0
32.42,18.8,55.7,71.92,15.9,3,30,1
40.6,24.29,80.47,34.34,15.6,1,40,1
33.75,18.27,86.16,43.69,6.9,3,20,1
38.74,22.25,55.15,66.61,77.7,1,195,0
44.45,15.79,75.17,30.12,97.1,1,241,1
17.57,20.81,75.15,63.82,63.2,2,160,0
42.32,15.93,71.31,61.17,46.2,3,74,1
25.69,18.36,77.91,71.24,95.4,2,241,0
17.42,21.42,68.2,76.39,53.8,3,103,0
37.65,24.22,69.61,36.13,44.0,1,108,1
21.53,20.98,89.65,22.33,90.3,3,174,1
26.17,23.95,66.41,50.1,28.0,2,72,0
28.52,17.28,88.2,40.74,85.9,1,253,0
36.74,19.11,71.93,58.77,93.6,2,202,1
25.12,19.72,52.67,49.39,93.5,3,177,1
43.37,23.03,83.0,70.02,44.2,1,111,0
17.76,23.32,90.32,32.97,81.5,1,237,0
29.73,16.23,90.38,59.46,83.3,3,160,1
37.33,19.12,72.49,45.8,73.7,1,184,1
18.55,16.98,74.2,57.06,24.1,3,46,0
33.02,25.18,69.91,64.58,87.7,3,166,1
34.21,20.43,55.5,55.83,11.7,1,40,0
39.23,21.46,88.27,77.58,77.8,2,168,0
40.95,23.53,92.98,48.92,34.0,1,83,1
30.39,14.46,69.18,58.97,2.2,2,30,1
28.37,25.18,78.03,38.83,22.7,2,56,1
26.63,16.09,67.01,76.51,38.6,2,96,0
37.97,23.5,73.98,27.84,66.3,1,167,1
21.35,17.92,78.99,45.38,76.9,2,197,0
22.24,17.73,61.62,33.01,42.2,2,108,1
27.98,23.38,81.01,68.14,27.8,2,69,0
29.48,17.95,81.93,69.08,6.6,1,40,0
18.34,21.52,68.46,46.12,2.9,3,20,1
22.4,20.0,85.85,45.83,66.7,2,170,0
18.75,24.93,64.27,65.21,80.8,2,205,0
41.83,23.68,70.55,21.02,8.6,1,40,1
32.88,21.49,90.82,55.42,58.9,1,170,0
41.93,19.13,68.27,57.46,64.1,1,157,0
17.63,19.74,82.52,60.41,38.1,3,71,0
39.64,19.04,60.07,23.32,58.4,1,144,1
40.39,23.32,96.48,52.68,48.9,2,105,1
18.63,21.22,83.94,24.16,23.5,1,67,1
22.02,23.53,93.08,31.29,74.6,3,141,1
43.85,22.98,56.39,41.1,42.6,1,108,1
38.85,18.93,58.34,48.51,5.8,2,30,1
21.88,15.09,89.94,42.38,35.2,1,103,0
20.59,15.51,72.33,38.15,55.6,2,143,1
30.46,15.56,70.95,38.12,81.7,2,209,1
31.76,25.17,81.84,31.25,4.5,3,20,1
30.69,23.17,68.7,72.05,40.7,3,77,1
41.31,23.38,72.81,64.61,50.8,2,111,1
32.72,16.92,64.04,33.9,19.3,2,46,1
26.97,23.34,64.12,77.47,90.1,1,255,0
34.29,20.59,52.77,42.09,22.8,1,68,0
42.61,23.81,78.79,75.7,77.2,1,195,0
33.11,25.33,87.53,43.94,82.6,1,242,0
21.74,22.22,72.25,66.56,12.3,2,31,0
22.72,15.37,83.88,26.47,61.5,3,116,1
37.2,15.94,86.75,35.0,67.6,1,168,1
27.95,18.13,64.78,37.04,4.7,3,20,1
40.37,23.86,92.85,65.32,27.3,3,45,1
38.27,18.08,56.46,39.11,84.9,2,184,1
18.13,15.89,56.76,56.14,14.8,2,38,0
18.98,24.63,88.0,48.38,86.1,2,220,0
24.22,17.42,55.32,47.26,72.9,3,139,1
23.96,20.84,70.72,29.41,11.8,1,40,0
41.25,20.14,83.39,44.74,56.0,1,139,1
18.42,20.98,62.53,72.87,78.6,3,149,0
42.98,23.06,96.01,35.64,97.0,1,241,1
20.08,21.5,91.97,64.42,8.2,3,20,0
21.94,15.77,73.6,49.15,83.7,2,214,0
22.28,15.16,82.19,24.02,41.9,2,107,1
35.66,24.73,77.05,62.8,6.2,3,20,1
36.03,24.26,52.01,38.64,42.9,3,71,1
35.42,21.42,54.85,43.8,18.0,3,29,1
43.84,17.17,64.23,69.94,4.9,3,20,1
25.22,15.36,88.45,43.96,43.4,2,113,0
42.09,17.47,90.68,49.12,51.9,1,128,1
40.55,21.77,84.52,39.22,23.4,3,38,1
34.99,21.82,56.54,76.74,18.1,3,29,1
38.43,16.08,77.98,47.36,79.5,2,172,1
16.44,23.31,97.38,27.17,23.8,2,59,1
16.14,21.28,50.58,67.46,31.1,2,78,0
23.46,24.17,68.36,52.64,4.7,1,40,0
38.54,24.19,53.75,46.19,33.1,1,84,1
32.63,22.74,85.1,29.19,14.9,2,38,1
40.2,20.75,65.95,68.48,24.4,2,53,0
22.4,21.76,89.35,59.97,82.5,2,210,0
16.83,24.59,51.48,47.48,50.3,3,96,1
29.55,21.24,82.28,50.15,65.1,3,123,1
39.08,15.35,89.65,23.06,88.6,1,221,1
24.35,16.43,97.48,28.47,16.1,3,29,1
28.99,17.97,87.12,33.08,68.8,1,203,0
30.38,23.97,67.46,47.28,1.5,1,40,0
24.56,21.58,97.31,23.11,89.2,1,255,1
40.9,16.69,91.12,79.81,73.2,3,118,1
35.62,24.62,64.07,19.54,27.2,3,44,1
42.09,23.14,56.34,28.34,81.0,1,202,1
39.15,16.25,51.25,62.18,35.4,3,57,1
19.04,16.19,90.1,78.0,39.9,2,103,0
28.02,22.09,82.9,38.42,13.7,3,25,1
28.1,24.81,53.05,67.34,67.5,1,197,0
22.06,16.03,97.06,26.72,47.8,3,91,1
18.11,15.15,64.86,76.41,51.5,3,100,0
42.44,23.32,78.36,63.73,37.3,3,59,1
42.89,24.81,90.39,37.69,95.9,3,157,1
31.89,22.75,64.26,54.79,33.5,1,101,0
27.35,15.91,94.17,44.4,37.6,3,74,1
28.61,22.85,55.15,31.35,17.9,1,52,0
20.33,22.11,59.81,23.35,55.0,2,140,1
24.54,20.28,84.14,54.87,15.1,1,43,0
40.62,15.51,72.4,57.22,83.5,2,179,1
45.7,18.42,69.07,56.44,80.9,3,130,1
43.53,14.64,97.86,25.02,81.5,1,202,1
19.13,16.25,59.43,47.77,74.3,2,191,0
39.62,20.51,89.74,57.77,78.4,1,195,0
29.25,15.25,88.87,69.61,78.2,1,231,0
21.27,16.77,68.06,22.95,39.8,1,116,1
16.82,20.13,74.65,79.74,20.0,2,51,0
20.84,16.32,55.62,51.6,24.0,1,72,0
21.14,15.57,65.87,65.45,40.7,1,121,0
33.25,16.48,65.43,66.92,43.7,3,83,1
22.73,18.84,70.41,78.23,18.3,2,46,0
17.06,16.96,93.95,72.93,66.0,2,166,0
19.16,16.26,96.42,72.32,91.1,1,255,0
43.88,18.08,61.97,59.96,19.6,3,32,1
31.91,17.62,81.87,53.74,79.2,2,203,1
25.48,19.35,93.68,34.5,8.5,3,20,1
18.11,21.51,75.58,44.43,51.3,2,132,0
34.51,22.91,78.73,37.43,25.2,2,65,1
24.29,20.58,77.65,44.81,62.2,3,117,1
39.63,24.65,51.42,29.26,88.7,3,144,1
16.68,22.29,59.34,27.62,64.9,3,122,1
22.93,22.94,86.86,38.65,40.7,3,78,1
27.0,23.62,57.69,29.92,32.9,3,62,1
24.47,19.28,80.79,64.96,23.5,3,44,1
25.19,22.6,56.08,59.45,63.8,2,163,0
39.01,23.89,64.33,71.32,85.6,2,185,0
35.36,17.41,62.65,38.75,6.8,3,20,1
19.65,21.63,86.42,60.63,25.2,3,48,0
22.64,23.28,83.5,58.09,40.4,1,117,0
19.39,23.15,81.87,61.05,36.7,1,106,0
25.86,15.49,65.97,71.6,23.3,3,44,1
44.19,18.54,67.11,40.54,51.6,2,112,1
17.18,18.43,72.25,47.37,87.2,2,221,0
28.58,19.33,63.2,64.89,51.6,2,130,0
16.24,18.97,77.52,48.58,86.1,2,219,0
19.75,20.09,66.38,42.2,62.7,2,158,0
28.9,21.61,74.94,70.76,87.1,3,165,1
41.42,19.19,90.98,36.53,53.2,1,133,1
15.75,18.04,61.08,33.39,7.0,3,20,1
39.41,22.06,74.93,69.94,33.7,2,73,0
38.67,15.84,79.97,27.64,6.7,3,20,1
21.05,16.11,90.32,49.65,0.9,3,20,1
26.84,18.52,76.52,30.1,70.0,2,176,1
19.05,18.97,88.4,33.51,18.5,3,35,1
20.72,22.6,56.36,79.57,38.9,2,97,0
36.63,23.57,82.3,74.96,81.8,1,204,0
33.61,23.72,68.45,28.28,20.5,3,37,1
36.73,16.83,73.26,47.8,38.4,2,81,1
17.4,21.02,60.71,43.19,8.3,2,30,0
20.6,24.53,59.7,64.68,55.0,3,104,0
25.81,21.01,59.16,73.47,11.5,2,30,0
21.49,23.71,54.61,48.15,69.1,2,176,0
42.58,20.82,85.25,69.23,33.9,3,55,1
37.62,20.14,50.42,24.8,38.6,1,96,1
22.39,15.84,79.91,48.35,2.4,3,20,1
44.28,20.58,78.73,60.93,67.3,1,166,0
19.7,22.54,78.35,63.97,77.5,2,196,0
33.1,19.35,71.85,71.67,33.7,3,65,1
37.42,22.82,56.61,28.53,28.3,2,62,1
44.4,22.37,95.08,51.31,25.9,1,64,0
21.09,22.11,83.15,74.09,58.8,3,111,0
34.07,19.72,75.99,39.79,52.6,2,132,1
29.87,23.57,84.34,68.15,14.5,2,34,0
30.21,15.4,94.57,51.43,61.8,2,156,1
29.3,23.25,56.43,35.21,82.5,2,211,1
16.53,19.4,78.06,54.35,33.8,1,97,0
31.63,17.81,74.06,70.31,69.0,2,174,0
33.69,20.54,61.66,40.72,85.4,3,162,1
31.04,23.67,84.53,20.86,39.9,2,100,1
34.72,24.61,79.7,27.07,30.6,2,78,1
34.1,16.47,66.97,32.49,69.4,1,204,0
38.16,19.28,77.19,21.3,3.0,2,30,1
42.23,18.01,91.37,27.48,93.8,1,233,1
42.28,24.53,50.93,34.81,31.5,1,77,1
44.44,19.27,87.46,46.51,86.8,2,188,1
20.9,17.04,63.92,74.88,22.2,2,58,0
17.92,20.35,92.54,29.07,59.9,2,152,1
30.59,22.69,66.23,51.06,85.8,1,251,0
28.87,19.7,68.28,78.21,69.4,2,177,0
28.02,19.91,89.72,58.97,62.3,2,156,0
21.8,16.51,65.91,76.07,33.9,2,87,0
35.95,20.07,56.27,78.86,63.2,2,137,0
28.98,15.37,88.33,20.64,76.2,1,223,1
44.01,15.08,95.17,22.69,53.9,1,136,1
44.74,15.5,77.7,25.5,15.1,3,25,1
24.12,19.06,89.12,57.53,93.5,3,179,0
35.01,22.74,60.23,72.62,94.9,3,155,1
31.98,22.04,75.0,79.39,61.0,1,179,0
30.22,22.98,63.9,62.63,18.8,1,54,0
41.23,16.06,78.6,71.88,58.0,2,126,0
33.16,22.09,55.92,56.22,55.2,2,140,1
35.15,17.33,84.49,22.09,4.9,1,40,1
22.06,18.27,96.51,45.19,44.3,2,113,0
30.27,24.82,64.32,43.5,68.5,2,175,1
43.49,15.52,58.96,40.53,62.8,2,134,1
22.02,18.12,68.35,78.14,96.1,3,182,0
23.31,19.66,54.51,64.63,1.2,2,30,0
25.51,22.28,88.78,37.11,80.7,3,155,1
28.57,20.98,50.36,36.78,50.8,2,132,1
21.24,19.92,64.03,35.23,46.0,3,88,1
34.12,18.38,92.71,58.75,43.6,1,128,0
34.54,15.73,70.72,37.38,55.9,2,139,1
31.37,22.0,62.5,74.33,43.9,3,83,1
33.64,23.28,84.29,26.06,72.4,1,215,0
39.08,21.35,80.7,80.07,7.4,1,40,0
17.5,18.59,90.58,61.74,45.2,1,134,0
43.46,18.76,93.07,79.32,65.8,2,143,0
34.86,15.73,78.67,72.19,89.9,3,144,1
32.53,16.73,95.49,40.1,44.7,3,85,1
32.76,16.58,58.82,30.56,5.7,3,20,1
22.36,25.54,76.66,37.62,99.2,1,255,0
19.19,15.66,82.6,72.01,95.5,2,245,0
25.6,22.9,54.12,58.94,81.0,2,206,0
16.94,20.65,58.1,62.56,17.6,2,44,0
42.48,24.62,61.35,33.33,75.0,3,122,1
29.42,18.56,97.0,37.43,29.6,2,75,1
43.53,17.17,78.71,33.09,54.3,1,136,1
20.06,16.55,70.03,67.82,14.7,2,36,0
18.99,17.71,56.81,27.86,36.6,2,93,1
41.62,21.28,89.68,79.26,16.2,2,35,0
41.04,17.17,61.59,71.04,81.8,1,203,0
37.34,17.39,52.43,36.6,90.9,1,227,1
35.31,18.51,71.25,25.84,90.2,3,146,1
44.75,17.14,62.61,59.52,96.5,1,240,0
37.19,20.02,60.26,66.96,19.8,1,50,0
44.48,23.43,63.62,24.82,5.7,3,20,1
28.5,22.09,83.78,30.79,36.2,1,105,0
40.77,18.55,68.57,73.65,80.8,2,176,0
16.86,20.83,64.46,46.72,34.6,1,101,0
29.08,20.07,50.83,45.34,71.9,3,137,1
21.4,18.4,70.65,25.13,57.1,1,169,1
34.15,18.8,97.47,49.6,48.9,2,123,1
33.96,16.0,61.01,36.1,83.0,2,212,1
18.5,21.58,71.37,66.53,21.6,3,42,0
16.32,23.77,67.97,58.23,72.0,2,182,0
42.51,15.83,65.89,35.12,99.0,3,160,1
34.39,15.49,60.69,75.77,36.5,1,107,0
38.83,20.87,52.41,57.38,30.3,1,77,0
17.27,15.97,82.73,61.07,33.9,3,65,0
43.92,15.57,57.16,52.37,59.2,2,124,1
23.49,21.92,50.63,21.39,60.0,2,152,1
30.4,22.54,73.65,28.59,64.9,3,123,1
33.41,22.66,77.63,36.16,4.1,2,30,1
19.41,19.36,90.66,71.57,9.6,2,30,0
18.56,20.88,67.66,67.64,22.7,3,44,0
16.56,17.9,70.88,27.34,45.3,1,132,0
31.36,18.89,92.42,50.24,47.3,3,90,1
42.72,23.82,78.6,50.72,55.6,2,120,1
16.54,18.59,75.45,52.81,34.8,1,104,0
37.19,15.99,80.34,34.58,48.5,3,79,1
16.99,23.44,58.73,72.0,34.5,2,89,0
19.63,15.32,77.66,63.37,32.2,2,81,0
18.87,18.69,89.52,71.19,60.4,2,153,0
18.89,15.21,55.86,44.82,93.3,3,178,1
37.68,16.22,87.26,26.89,3.2,2,30,1
20.33,22.94,57.24,39.04,25.3,1,73,0
25.81,19.94,63.05,41.92,16.4,2,40,0
21.42,15.95,96.37,21.12,80.2,2,204,1
18.98,17.14,96.62,20.21,62.9,1,187,1
38.81,21.73,92.25,62.9,24.8,1,60,0
16.55,22.56,66.94,45.05,81.4,3,154,1
32.13,16.19,67.09,70.03,64.7,3,123,1
22.67,22.56,73.95,44.48,16.7,1,49,0
16.12,19.58,74.27,57.09,65.7,3,126,0
42.42,15.45,91.52,40.09,90.8,3,146,1
23.83,18.43,90.51,31.19,81.6,3,158,1
20.32,15.99,76.34,24.91,30.1,3,57,1
18.75,21.93,65.28,67.06,45.7,3,84,0
15.91,18.89,79.08,70.84,89.1,2,226,0
35.44,14.81,78.04,49.96,55.1,1,160,0
35.45,23.67,61.22,78.23,38.8,3,62,1
35.37,16.53,82.84,58.13,80.5,3,130,1
16.99,20.85,94.58,77.91,54.1,1,158,0
34.61,17.72,89.23,58.18,50.3,1,147,0
42.55,17.36,51.52,64.49,82.6,2,179,1
33.58,20.96,86.33,36.3,56.7,2,144,1
29.14,20.72,91.03,46.48,91.3,1,255,0
30.4,24.29,51.69,41.27,85.8,1,251,0
37.15,22.49,62.31,73.69,14.5,2,30,0
43.56,23.96,74.63,66.67,56.6,1,140,0
36.69,17.68,81.59,31.54,13.5,2,31,1
42.01,17.48,79.44,44.15,4.6,2,30,1
23.59,24.71,84.92,32.67,45.0,2,114,1
29.59,21.6,50.46,31.43,48.7,2,125,1
17.65,22.24,61.39,42.91,44.7,3,84,1
42.81,23.56,83.94,23.43,78.1,2,169,1
37.12,24.88,57.68,33.76,21.0,2,45,1
26.5,23.55,61.0,27.3,32.8,2,83,1
28.99,21.07,59.16,69.76,96.6,2,246,0
25.24,20.35,76.71,20.63,76.6,2,194,1
32.8,19.36,83.71,30.4,82.1,1,240,0
23.94,18.71,78.17,71.94,93.8,3,180,0
37.26,17.77,61.32,41.84,17.6,3,28,1
42.5,20.04,77.26,56.16,36.3,3,59,1
41.75,23.01,59.4,24.04,60.3,1,150,1
27.92,20.01,77.43,68.73,18.0,2,43,0
19.69,21.71,76.45,58.21,33.8,3,64,0
42.53,17.63,70.46,73.78,88.9,3,145,1
27.69,19.07,76.81,52.28,15.6,2,38,0
41.6,22.83,64.87,64.8,15.8,2,32,1
33.82,20.12,92.87,22.06,26.4,1,76,1
17.28,23.15,61.43,61.18,80.1,2,204,0
24.69,20.84,85.06,42.33,29.9,2,77,0
29.98,19.35,59.8,27.45,0.8,2,30,1
38.85,15.8,89.59,45.66,59.6,2,129,1
20.42,21.77,83.58,30.96,89.5,2,226,1
40.11,22.16,90.89,46.3,75.4,3,121,1
32.52,25.66,65.08,38.03,16.2,2,40,1
24.06,17.6,74.75,68.39,4.9,3,20,0
29.78,19.43,66.31,63.35,87.3,1,255,0
19.11,21.61,62.32,34.53,100.0,1,255,0
37.32,19.31,65.68,39.01,78.1,2,167,1
17.26,20.59,94.94,55.5,81.3,2,206,0
27.06,17.91,95.19,41.62,38.4,2,99,0
29.37,21.47,53.46,33.11,92.4,1,255,0
23.12,23.37,88.78,34.3,20.1,3,38,1
30.06,15.8,81.27,40.35,85.6,1,251,0
40.46,14.13,95.58,26.29,83.0,3,136,1
42.33,23.19,51.23,39.53,41.8,3,68,1
24.45,23.07,68.58,74.88,6.6,3,20,0
35.63,19.89,54.39,68.79,87.5,3,140,1
35.8,21.36,64.87,25.66,42.4,3,69,1
27.71,22.69,64.37,55.33,53.7,3,102,1
29.61,14.81,88.16,40.58,54.1,1,158,0
44.66,23.97,90.66,45.24,68.8,2,149,1
28.04,20.58,70.27,65.82,82.8,2,211,0
25.91,18.02,74.12,73.07,3.9,2,30,0
34.29,14.91,58.04,69.3,77.1,1,224,0
16.35,16.77,78.42,63.1,2.3,1,40,0
27.96,15.39,85.93,57.86,1.1,3,20,1
28.73,23.76,61.94,47.12,53.7,1,157,0
37.41,15.11,58.34,49.09,87.0,1,218,1
42.55,19.62,76.33,44.41,45.8,3,74,1
30.47,16.55,58.14,42.05,42.6,2,110,1
33.75,20.46,85.51,39.92,75.6,3,146,1
17.18,25.28,71.74,65.56,45.1,3,86,0
17.11,16.96,96.43,56.82,25.7,3,50,0
19.32,21.94,57.27,67.69,31.2,3,59,0
19.18,19.99,92.15,44.69,49.2,2,122,0
20.52,20.12,86.04,71.82,63.7,3,119,0
33.41,15.16,79.68,57.68,89.5,2,227,1
30.81,19.62,65.99,55.88,72.4,2,186,1
33.99,16.58,85.99,36.68,90.6,3,173,1
38.34,17.06,72.48,32.73,40.0,1,102,1
20.57,16.46,62.37,75.54,11.5,2,30,0
42.84,24.4,68.11,26.7,51.6,2,112,1
37.58,19.21,96.23,75.15,87.4,1,217,0
42.51,24.65,61.41,29.01,31.0,2,65,1
25.81,19.99,54.29,66.03,28.1,3,54,1
40.52,24.05,55.2,51.28,28.5,2,61,1
25.1,19.42,88.7,75.58,63.1,3,120,1
15.6,23.34,53.7,31.59,38.3,2,98,1
28.65,22.34,97.66,58.81,4.2,1,40,0
43.65,23.75,86.1,24.83,11.0,1,40,1
26.51,24.46,86.95,57.95,29.0,1,85,0
44.62,15.56,80.33,45.9,94.7,2,205,1
39.77,22.32,81.78,34.53,9.2,3,20,1
17.17,17.65,82.96,51.14,94.5,2,240,0
28.81,19.87,84.71,76.96,32.5,1,96,0
34.63,18.51,59.6,64.05,15.8,1,45,0
33.84,15.78,79.92,27.83,8.6,3,20,1
40.4,20.62,78.37,36.92,89.5,3,145,1
39.87,19.93,63.27,23.1,17.6,3,26,1
30.94,20.03,64.2,24.81,8.4,3,20,1
40.69,18.46,58.54,25.74,61.2,3,100,1
24.87,22.02,81.74,37.21,46.6,1,134,0
41.11,14.78,52.71,74.22,76.7,1,193,0
35.03,15.72,77.09,45.86,26.4,3,51,1
29.94,18.7,94.28,42.53,36.9,1,109,0
24.44,15.13,77.98,61.73,85.5,2,217,0
36.73,17.52,90.81,68.27,96.3,1,238,0
18.36,15.53,91.36,32.21,67.3,2,170,1
41.6,21.09,59.41,32.47,49.8,3,80,1
25.69,22.62,83.01,78.59,93.5,1,255,0
23.28,16.2,54.39,32.73,50.1,1,146,0
20.85,15.52,86.68,35.74,83.0,3,158,1
30.81,17.93,81.79,51.78,23.8,2,59,1
23.78,22.42,53.55,77.31,62.3,1,182,0
35.5,21.65,69.41,19.82,11.5,1,40,1
44.22,15.18,91.22,80.29,88.8,2,192,0
24.65,21.94,58.57,57.47,33.4,3,64,1
42.92,24.66,60.66,60.98,9.4,3,20,1
29.15,24.05,85.08,49.02,60.7,2,153,0
19.99,20.08,83.55,67.22,2.6,3,20,0
30.29,21.06,51.6,57.88,77.5,1,228,0
25.56,25.44,97.83,50.3,93.4,1,255,0
38.02,22.6,65.13,38.86,83.7,2,181,1
40.07,23.57,63.77,63.45,10.2,2,30,1
31.33,23.44,51.96,41.6,23.9,2,60,1
17.2,19.28,58.42,27.4,58.0,2,144,1
20.8,15.05,87.94,25.39,63.0,1,185,0
39.53,25.21,67.1,46.93,4.2,1,40,1
20.2,19.88,62.41,64.96,26.9,1,76,0
40.43,21.13,65.27,48.21,85.8,1,213,1
30.17,19.51,52.54,73.86,1.1,3,20,1
34.34,22.06,49.76,76.37,16.2,3,31,1
40.19,17.46,49.66,33.44,4.7,2,30,1
27.41,19.04,83.88,46.36,84.8,3,163,1
20.28,23.4,52.49,51.54,65.3,3,126,1
18.73,19.97,88.53,56.54,83.7,2,212,0
29.72,19.0,69.74,33.75,12.8,3,26,1
20.78,19.06,98.19,38.35,60.1,3,114,1
17.31,18.8,60.36,43.6,40.8,2,106,0
27.23,16.79,74.14,68.07,44.3,2,112,0
28.16,18.97,65.43,65.66,75.8,3,145,1
31.98,16.15,49.78,34.61,67.6,3,130,1
44.34,15.52,65.48,38.64,63.6,2,137,1
26.34,18.21,56.52,50.36,58.3,2,149,0
41.99,24.73,97.67,67.87,66.8,2,143,0
20.56,15.65,93.47,38.8,12.7,1,40,0
16.92,15.66,93.44,40.81,40.6,1,120,0
29.0,22.94,86.99,47.3,79.6,1,232,0
32.36,24.45,79.62,35.72,29.3,2,74,1
26.86,22.84,62.72,61.88,2.7,1,40,0
28.14,18.0,88.25,36.97,72.0,2,184,1
39.4,17.65,74.76,68.0,35.8,2,76,0
39.37,20.88,52.77,47.13,94.7,2,204,1
27.78,18.31,60.44,49.15,55.1,3,105,1
19.65,14.65,62.15,69.78,20.7,3,40,0
33.95,21.07,68.42,49.1,31.9,1,92,0
32.22,18.74,90.84,34.0,23.8,1,70,0
32.42,23.14,97.84,43.58,4.1,3,20,1
35.51,16.59,88.03,21.68,48.3,3,78,1
19.08,17.3,92.38,21.74,52.2,2,132,1
25.39,21.56,83.56,44.18,87.4,1,255,0
23.53,20.51,88.85,25.48,93.5,3,180,1
38.67,24.66,55.18,45.52,48.5,3,78,1
41.9,24.59,59.14,26.92,5.8,3,20,1
41.58,18.45,66.61,32.37,38.5,1,94,1
22.94,15.65,53.6,39.76,15.9,3,30,1
24.78,17.58,85.44,71.68,19.4,3,36,1
24.62,15.8,71.56,35.69,91.5,2,231,1
16.66,18.98,66.46,60.45,21.2,1,63,0
23.43,24.59,56.1,31.62,13.4,1,40,0
24.85,16.18,53.06,55.3,51.9,2,132,0
33.37,22.86,69.8,21.01,7.5,3,20,1
31.3,23.53,90.55,76.86,69.6,2,178,0
25.6,19.13,74.93,48.34,26.5,1,79,0
31.72,22.45,60.67,61.05,70.3,1,206,0
39.33,19.27,95.38,49.44,46.2,1,115,1
39.93,19.91,86.9,69.8,34.6,1,86,0
28.95,19.96,86.59,47.81,78.9,2,201,0
33.44,20.09,73.19,36.76,28.7,3,53,1
36.67,17.7,73.02,77.44,76.3,3,124,1
26.81,18.46,87.6,41.91,30.5,3,60,1
29.08,24.92,67.98,46.84,13.6,3,25,1
32.57,17.01,59.91,20.52,13.6,3,24,1
35.05,15.88,85.12,23.74,54.4,2,117,1
19.09,23.05,82.0,27.14,69.9,3,132,1
38.45,19.76,80.81,76.98,9.2,3,20,1
20.83,23.41,83.04,25.1,64.1,1,190,0
16.72,16.34,85.78,20.46,93.5,1,255,1
25.57,19.45,64.6,36.42,97.2,1,255,0
41.26,15.84,57.01,43.73,47.6,3,78,1
20.98,19.69,76.94,21.49,43.4,1,130,1
20.14,23.36,73.38,72.94,58.8,1,171,0
39.84,15.68,96.15,77.68,36.4,1,89,0
40.21,16.57,92.9,58.38,88.1,3,143,1
21.48,24.68,70.91,30.39,20.3,2,50,1
41.36,17.27,73.38,47.81,87.1,1,217,1
37.48,20.37,80.7,21.43,93.1,1,231,1
20.66,19.4,68.76,60.84,24.1,1,73,0
33.06,24.03,68.98,78.74,76.2,1,222,0
24.05,22.13,81.88,33.19,4.2,1,40,0
33.51,21.94,90.07,45.4,26.7,1,80,0
35.53,23.19,94.25,49.74,11.0,1,40,0
42.24,19.49,69.34,21.78,49.8,2,107,1
21.76,15.46,65.99,27.81,71.5,3,135,1
32.48,18.41,54.18,33.22,19.0,2,47,1
33.14,19.48,76.83,76.52,82.9,2,211,0
30.8,15.89,85.66,68.88,29.0,2,73,0
40.16,21.4,81.37,32.67,64.9,3,106,1
26.87,24.67,68.02,24.41,9.7,1,40,1
30.19,24.19,84.41,64.34,19.4,1,57,0
29.98,15.24,82.94,51.43,89.8,2,229,1
17.56,20.15,84.76,40.88,10.5,2,30,0
32.6,19.5,72.17,63.27,8.8,2,30,1
19.22,20.24,86.92,35.03,47.7,2,122,1
31.65,16.17,82.54,57.14,9.2,2,30,1
25.18,15.77,96.81,27.97,6.1,2,30,1
41.48,20.86,53.85,59.44,1.1,2,30,1
16.42,22.34,94.22,58.85,43.9,1,128,0
42.73,20.12,97.98,45.34,60.4,2,131,1
33.08,21.14,66.97,75.23,13.2,3,25,1
43.02,24.18,92.9,52.59,35.0,2,77,1
40.46,18.2,78.54,50.52,5.6,1,40,0
33.06,21.17,81.82,58.05,55.6,2,141,1
30.96,22.2,50.49,55.24,84.5,2,216,1
35.21,20.52,81.69,25.13,89.3,1,222,1
41.23,22.24,95.29,35.3,57.0,2,125,1
40.85,21.13,91.48,36.18,51.3,1,129,1
28.4,20.98,80.9,57.07,38.9,1,115,0
34.05,18.74,86.91,59.18,63.8,3,121,1
30.09,21.04,82.68,54.41,62.6,3,119,1
28.77,21.16,66.29,38.46,58.1,3,110,1
18.71,22.89,79.3,54.95,29.2,2,74,0
31.16,18.35,77.1,26.66,100.0,1,255,0
35.62,21.25,95.94,28.25,42.8,2,93,1
32.19,24.12,74.9,69.28,55.0,2,139,0
42.71,23.13,84.26,64.37,18.0,2,38,1
28.67,20.43,68.29,64.84,79.2,3,149,1
33.96,23.61,87.83,22.91,37.8,2,96,1
39.34,20.32,86.43,51.14,15.5,3,25,1
37.06,24.74,76.95,53.25,45.5,1,114,0
32.09,17.68,70.46,46.07,89.0,1,255,0
35.84,17.69,78.02,68.94,47.9,1,118,0
17.35,16.02,80.22,46.75,50.8,1,149,0
20.46,15.97,94.88,56.2,66.2,1,193,0
21.95,19.69,63.15,51.92,34.5,1,102,0
38.86,20.79,49.48,45.87,40.8,2,88,1
22.87,18.65,97.18,70.23,46.7,3,89,0
44.03,15.72,73.53,61.65,79.2,2,171,1
40.59,15.36,52.27,55.91,52.9,2,115,1
18.72,22.13,61.66,23.23,79.2,2,203,1
15.25,23.22,74.15,27.86,23.8,3,45,1
23.04,18.29,86.4,38.69,23.9,3,46,1
20.78,22.32,89.41,54.13,96.5,2,244,0
25.43,18.3,76.02,21.64,8.5,1,40,1
34.62,20.09,80.26,67.86,96.9,3,185,1
39.85,19.92,85.09,27.93,24.6,2,54,1
36.48,18.82,77.17,25.3,80.6,1,200,1
29.41,15.92,97.67,70.45,18.6,2,45,0
36.36,19.26,60.69,58.14,96.4,2,211,1
23.06,20.95,91.6,39.36,39.8,3,75,1
18.22,22.85,91.54,29.96,85.7,1,250,0
23.33,21.14,72.5,58.93,86.7,1,253,0
43.01,14.89,51.19,29.84,99.0,3,160,1
44.99,17.03,84.99,41.48,1.1,3,20,1
21.31,22.95,50.56,38.02,1.5,2,30,1
37.49,16.63,74.69,24.3,60.2,2,129,1
32.87,18.97,95.39,66.94,28.8,2,72,0
35.56,16.46,56.06,47.08,38.6,3,62,1
44.02,22.05,65.18,39.43,45.3,2,97,1
35.11,17.74,82.97,22.14,73.4,2,159,1
41.55,16.87,94.96,69.52,97.7,3,159,1
18.5,14.71,70.36,49.94,64.8,3,121,1
30.62,19.3,95.96,32.63,51.5,2,131,1
39.54,16.7,60.9,58.84,27.7,2,59,1
36.01,15.5,71.54,73.09,9.5,1,40,0
35.34,20.9,51.73,23.79,20.9,3,34,1
19.72,15.01,71.5,77.69,12.3,3,22,0
41.58,23.73,76.72,34.92,66.6,3,107,1
40.42,18.74,54.34,23.24,4.6,2,30,1
19.95,24.65,89.55,30.09,40.5,2,103,1
36.85,21.65,58.31,75.22,6.4,2,30,0
22.5,22.06,84.4,33.95,90.1,3,172,1
29.21,24.49,68.39,53.98,80.9,2,204,0
39.13,17.26,82.6,26.83,51.2,2,110,1
21.74,18.08,57.65,35.1,23.0,1,65,0
26.31,21.29,56.23,24.3,41.0,1,120,1
26.98,17.36,70.06,54.33,93.6,2,241,0
23.03,15.03,64.11,25.8,66.1,3,126,1
37.56,20.58,88.83,67.4,21.3,3,34,1
34.59,18.99,56.62,49.21,2.1,3,20,1
28.99,22.2,83.96,28.14,96.4,1,255,0
40.67,18.95,85.59,51.11,62.5,3,101,1
25.05,15.79,95.21,40.8,11.3,3,20,1
26.65,23.04,52.78,65.61,26.2,2,68,0
31.22,20.12,62.54,21.74,40.9,1,120,1
16.07,16.6,87.04,55.18,4.1,1,40,0
27.77,23.77,86.82,31.57,13.0,2,33,1
23.54,21.85,52.85,23.91,29.0,1,86,1
25.48,21.78,86.73,60.23,20.2,3,37,1
17.53,16.42,88.97,41.78,12.3,3,22,1
38.93,23.43,54.64,57.63,0.0,3,20,1
20.4,18.6,67.34,53.65,65.6,2,169,0
23.93,17.36,79.76,25.48,6.1,2,30,1
22.33,21.95,67.28,37.13,18.4,3,34,1
43.69,20.62,61.23,71.79,74.8,1,185,0
15.87,16.63,52.76,39.46,90.5,2,231,1
44.12,19.11,92.86,38.31,54.0,1,135,1
29.58,21.45,91.81,64.92,94.3,1,255,0
32.85,24.52,74.53,41.58,80.5,3,152,1
30.8,20.33,72.88,54.32,70.6,3,136,1
39.55,24.72,84.71,71.02,46.1,2,101,0
24.76,15.61,89.13,46.9,32.6,2,82,0
36.69,19.0,62.9,61.18,74.3,2,160,1
38.01,22.62,92.25,64.48,91.8,3,150,1
28.17,24.8,80.05,65.54,93.0,3,179,1
42.43,18.01,75.82,26.29,92.9,1,229,1
22.66,15.26,84.57,80.32,81.7,3,154,0
31.16,18.29,61.64,22.83,58.7,3,111,1
30.27,23.83,96.75,68.64,62.8,2,162,0
42.56,15.66,67.33,63.89,76.5,2,166,1
22.55,17.35,57.03,41.78,84.8,2,215,0
32.91,19.91,68.21,32.21,48.0,3,92,1
24.1,15.6,84.68,50.22,9.5,3,20,1
16.37,21.29,70.83,32.48,11.7,3,20,1
32.02,15.68,72.45,74.82,38.0,1,116,0
30.89,18.21,68.36,44.86,12.8,3,25,1
42.39,16.25,69.97,39.9,50.4,2,107,1
31.63,21.41,72.73,46.22,45.0,3,85,1
20.17,16.08,50.79,45.55,18.4,1,55,0
23.04,20.61,58.93,38.73,30.4,1,94,0
40.08,22.11,92.36,73.49,98.2,1,243,0
44.36,17.18,52.32,52.01,69.9,3,114,1
33.47,21.33,71.97,77.26,8.3,1,40,0
24.63,17.82,96.24,29.02,79.1,1,230,0
42.1,16.9,61.12,36.01,31.1,1,75,1
37.06,19.68,50.43,54.18,4.2,1,40,0
42.89,23.39,55.37,26.25,42.9,3,69,1
26.66,23.15,87.7,52.89,15.6,2,39,0
22.66,23.71,64.77,78.92,27.7,1,82,0
38.96,19.04,87.84,34.5,42.0,2,91,1
29.96,24.01,85.38,54.49,8.9,2,30,1
40.25,25.55,91.59,33.3,1.0,3,20,1
40.0,19.15,52.98,67.24,37.4,2,81,0
26.11,19.71,66.41,38.68,81.0,1,236,0
45.2,20.22,59.05,50.58,81.4,2,176,1
19.82,24.72,92.78,73.09,87.8,1,255,0
28.09,21.05,65.15,78.87,61.1,3,116,1
38.58,17.05,63.56,76.55,83.6,2,178,0
24.34,19.65,85.45,33.41,29.2,1,85,0
24.62,19.56,72.84,40.43,69.0,2,176,0
23.66,21.03,94.4,22.4,0.0,3,20,1
32.69,17.26,70.54,48.66,1.5,3,20,1
40.37,21.63,58.97,47.33,91.6,2,197,1
23.4,15.15,90.83,21.39,94.1,2,238,1
24.46,20.44,85.61,48.44,60.5,2,153,0
35.5,17.53,56.73,53.67,31.8,1,81,0
41.02,17.2,95.05,56.49,99.6,3,161,1
17.41,20.19,90.34,43.95,29.8,2,77,0
30.35,15.66,79.32,65.46,76.5,1,225,0
31.26,19.63,55.92,59.0,7.2,3,20,1
40.11,19.29,93.98,54.97,64.0,2,136,1
40.56,18.29,60.85,42.47,89.3,2,193,1
41.95,23.7,57.14,66.12,62.6,3,101,1
21.85,24.75,66.39,39.8,92.5,3,176,1
31.49,22.46,55.63,40.43,39.4,1,114,0
44.0,22.09,91.24,50.69,20.4,2,45,1
35.68,23.12,81.94,75.87,70.8,3,116,1
36.04,19.8,72.27,78.04,39.8,3,63,1
43.5,19.6,77.34,46.82,57.4,2,122,1
23.13,15.58,71.11,47.99,26.5,1,75,0
42.86,20.82,50.1,41.13,14.0,1,40,1
37.33,15.51,96.16,31.49,88.0,1,220,1
40.26,18.22,85.56,25.07,66.0,3,107,1
41.12,21.95,69.23,42.38,45.4,3,74,1
19.22,22.93,90.72,48.99,78.2,3,149,1
35.09,14.9,90.86,30.01,52.0,2,111,1
37.78,15.14,62.81,50.29,4.8,2,30,1
33.52,18.44,73.6,56.37,47.5,2,120,1
21.17,19.71,74.62,38.42,48.7,1,141,0
19.58,17.03,67.45,44.87,33.6,2,88,0
44.07,21.02,80.69,23.15,16.2,2,35,1
43.17,21.15,57.48,63.37,73.2,2,156,1
17.31,24.32,90.95,51.17,23.6,1,67,0
16.91,19.1,89.22,51.36,54.7,2,140,0
26.9,21.74,86.41,37.51,55.2,1,163,0
35.47,19.3,90.17,31.34,20.9,2,44,1
40.75,18.56,97.72,24.95,43.5,3,70,1
39.68,16.64,89.75,25.49,82.5,2,180,1
19.49,24.41,88.89,60.18,53.7,2,137,0
28.43,22.91,65.83,35.23,61.9,2,158,1
27.36,16.6,95.17,68.44,22.9,1,67,0
23.04,18.39,95.87,75.51,94.5,3,181,0
32.08,23.73,65.33,51.18,48.4,3,92,1
27.53,16.5,95.64,21.05,89.7,3,170,1
33.63,24.17,67.97,38.17,21.9,3,40,1
26.4,24.29,84.2,34.66,56.4,3,107,1
32.61,16.45,92.15,60.65,99.6,3,190,1
36.33,15.38,94.5,49.21,45.8,2,99,1
30.25,17.08,50.95,45.01,8.8,1,40,0
36.75,23.82,82.83,42.29,70.9,1,177,1
38.93,24.8,65.95,55.5,93.1,1,233,0
18.63,17.99,61.19,53.94,35.9,3,68,1
21.99,16.07,57.59,46.95,51.7,1,148,0
43.35,22.98,52.33,39.87,46.8,3,76,1
44.61,18.6,71.16,57.16,3.2,2,30,1
28.81,22.55,60.48,42.64,63.6,1,185,0
30.26,19.17,92.08,64.4,95.2,2,241,1
16.3,21.58,72.84,40.58,87.0,3,164,1
23.0,20.99,56.81,65.4,4.0,1,40,0
18.05,21.87,71.09,56.64,20.6,2,53,0
24.64,17.01,64.64,32.44,64.0,3,121,1
21.1,17.02,78.2,28.45,25.7,1,77,0
38.21,23.86,93.72,66.53,22.8,3,37,1
42.78,18.37,69.99,26.81,49.2,3,80,1
34.58,15.53,82.24,31.23,51.7,3,97,1
22.14,18.7,96.56,41.05,34.6,2,88,0
15.92,18.94,93.45,35.74,27.0,1,80,0
34.04,23.5,74.8,66.15,76.5,3,145,1
38.14,17.46,61.88,77.69,0.9,2,30,0
29.71,17.35,90.27,35.08,29.9,1,89,0
22.3,20.45,54.85,21.91,5.4,2,30,1
35.56,16.26,80.99,65.84,86.0,3,139,1
40.29,14.64,89.06,28.35,89.4,1,220,1
42.82,23.43,74.24,62.99,80.6,3,130,1
16.06,17.72,79.17,67.59,12.5,3,25,0
20.18,17.25,77.61,24.26,43.6,1,127,1
26.88,18.13,68.16,21.1,72.7,1,212,1
33.34,22.53,62.31,66.33,68.7,1,201,0
28.02,23.64,78.21,31.57,58.4,3,111,1
18.94,21.52,78.57,55.7,29.4,3,55,0
39.33,18.47,54.57,60.55,0.8,1,40,0
41.87,18.81,66.15,73.65,8.5,2,30,0
39.75,23.67,67.79,21.49,85.5,1,214,1
23.25,19.24,76.33,28.66,55.9,1,163,0
23.68,21.84,90.36,43.4,82.5,1,243,0
28.19,17.31,52.06,52.48,89.7,2,226,0
43.22,17.76,70.51,67.04,54.0,2,118,0
32.27,23.35,92.88,29.04,33.8,3,64,1
27.01,22.82,88.05,76.29,40.4,3,77,1
36.49,25.49,54.16,74.49,12.9,3,20,1
19.55,23.3,73.77,47.34,42.9,1,124,0
33.02,23.36,89.16,27.18,84.5,1,248,0
33.12,16.74,92.21,68.71,52.4,1,152,0
35.81,23.13,56.6,34.66,88.9,3,145,1
41.31,20.14,75.42,78.41,31.9,3,52,1
34.86,18.94,90.81,77.11,80.7,1,200,0
38.49,18.74,60.37,76.53,30.2,3,49,1
42.22,24.24,84.99,73.38,32.2,1,79,0
19.45,23.0,74.04,73.11,88.4,2,226,0
33.28,15.69,57.39,73.16,61.5,3,116,1
32.1,24.0,93.14,32.74,4.5,2,30,1
16.99,17.39,64.25,57.44,53.1,1,156,0
20.02,22.68,54.6,46.94,73.2,1,215,0
42.07,24.6,54.87,27.37,48.8,2,107,1
32.42,16.02,62.96,31.17,1.6,2,30,1
37.83,16.72,87.18,65.34,5.8,2,30,0
31.0,19.46,82.75,74.77,80.2,1,236,0
24.17,25.31,88.73,30.22,0.6,2,30,1
41.23,18.04,53.72,75.88,51.1,3,84,1
17.81,15.02,51.32,19.85,10.8,2,30,1
25.18,25.12,83.48,62.0,9.7,1,40,0
37.62,20.79,70.78,65.31,6.2,2,30,0
27.23,25.25,97.43,27.66,73.2,1,212,0
22.53,18.68,87.26,54.49,9.0,2,30,0
20.03,17.63,61.73,73.06,20.0,2,50,0
38.22,16.21,56.24,21.4,58.6,2,128,1
17.02,24.84,93.58,76.2,35.4,3,69,0
39.17,22.63,93.73,21.56,81.1,1,201,1
37.52,22.14,85.91,46.75,47.4,2,102,1
22.75,16.68,50.45,63.68,12.0,1,40,0
25.86,19.55,52.45,68.62,24.6,1,70,0
38.94,19.96,70.91,20.18,92.8,1,230,1
19.21,15.42,77.2,34.37,73.8,2,187,1
31.97,15.52,57.67,42.84,18.5,2,47,1
19.89,16.88,91.96,75.74,82.9,3,158,0
44.02,20.37,94.02,78.18,85.4,3,137,1
28.86,20.76,71.39,34.71,68.3,3,129,1
29.53,18.18,55.42,19.82,52.9,2,135,1
38.3,24.44,54.21,29.38,96.5,1,239,1
35.76,22.16,54.94,26.77,12.6,2,30,1
40.48,17.29,80.78,24.96,83.4,2,181,1
31.16,21.04,51.29,42.74,70.4,2,177,1
41.64,20.09,62.59,70.96,55.8,2,120,0
37.07,25.22,82.63,33.95,11.7,2,30,1
27.85,19.45,61.33,21.14,56.6,2,146,1
44.03,23.59,64.2,47.93,41.7,3,67,1
35.12,19.29,83.04,22.93,59.1,1,146,1
24.79,17.06,55.58,70.53,61.5,3,117,0
16.59,15.61,70.68,61.21,28.4,2,73,0
40.15,25.22,53.24,48.16,79.7,2,173,1
30.43,17.48,77.35,54.55,20.5,2,52,1
37.8,21.53,54.71,71.02,59.4,2,130,0
20.3,24.76,87.56,63.19,69.3,1,202,0
33.11,18.52,95.1,35.38,79.5,1,235,0
40.16,16.67,70.48,44.0,51.0,1,127,1
36.65,21.85,78.86,50.58,44.0,3,70,1
42.87,24.96,73.14,30.2,66.0,1,164,1
45.72,24.99,82.02,46.09,48.9,3,79,1
29.8,15.87,65.15,42.42,46.3,1,136,0
17.57,15.28,78.87,57.16,53.0,2,135,0
38.8,22.79,74.63,68.19,60.4,2,129,0
28.78,15.74,58.4,66.96,64.0,2,165,0
37.82,21.41,83.33,43.59,48.2,3,79,1
41.14,19.03,81.51,73.64,20.9,2,45,0
21.84,18.34,66.22,36.93,46.5,2,119,1
15.47,18.82,72.25,74.7,88.6,3,170,0
36.27,21.65,53.52,26.22,13.1,2,30,1
25.01,18.58,80.9,47.8,81.5,3,155,1
26.09,20.34,58.9,68.45,77.1,1,226,0
30.33,16.44,88.51,44.53,76.1,3,146,1
42.72,21.98,49.93,63.02,52.0,3,85,1
37.83,19.62,95.56,35.5,67.8,3,110,1
31.99,22.61,49.96,35.81,54.5,1,157,0
26.78,24.28,72.47,29.46,48.0,3,89,1
40.08,21.46,58.61,23.43,42.6,1,105,1
42.93,16.99,56.7,20.51,51.0,1,126,1
16.7,23.28,64.87,29.56,22.5,3,43,1
33.82,18.14,66.49,66.01,44.8,2,115,0
25.52,16.68,67.94,36.16,8.9,2,30,1
30.54,23.14,77.62,39.68,52.7,2,131,1
38.33,23.45,88.58,20.23,18.5,3,30,1
27.63,18.39,60.99,37.8,36.2,3,68,1
33.22,15.2,90.33,59.06,39.4,3,77,1
28.03,16.89,75.16,70.74,4.8,1,40,0
33.16,21.82,81.75,72.59,48.3,1,142,0
38.31,19.04,70.45,60.42,78.1,2,169,1
19.61,24.36,89.07,26.14,12.1,3,23,1
40.12,24.09,53.55,58.23,68.9,3,111,1
27.47,19.6,55.59,21.36,69.1,3,133,1
27.07,20.04,77.98,76.28,78.1,3,148,1
19.04,16.5,56.78,57.74,73.5,2,187,0
33.15,15.51,64.33,39.74,56.6,3,107,1
27.72,22.54,69.87,60.49,76.0,1,224,0
17.44,15.62,95.03,70.66,84.9,1,247,0
33.46,21.72,80.23,46.71,35.3,1,101,0
27.85,23.49,81.21,63.19,14.5,1,44,0
41.46,18.06,69.18,71.07,62.5,3,100,1
36.97,20.99,57.49,70.45,93.3,3,152,1
37.73,19.47,51.57,56.66,41.1,3,66,1
18.09,21.12,54.11,74.08,90.5,1,255,0
25.4,16.68,69.17,52.86,68.6,1,200,0
35.42,20.55,73.45,31.22,89.4,2,193,1
39.94,23.13,84.18,67.38,66.5,2,145,0
34.53,22.72,75.9,58.55,94.2,1,255,0
39.75,18.91,59.83,32.06,73.1,2,158,1
31.51,22.73,51.3,79.32,45.4,2,116,0
39.78,19.85,82.71,46.32,55.5,1,139,1
29.51,21.02,63.8,54.94,29.5,1,87,0
28.25,20.93,60.2,37.37,85.3,3,163,1
20.71,18.78,70.09,38.78,64.3,3,125,1
22.97,23.66,96.25,66.47,54.3,1,159,0
26.11,17.54,87.89,58.11,46.9,3,89,1
29.14,15.3,77.17,31.27,96.9,3,184,1
39.01,20.58,73.25,25.82,9.1,2,30,1
36.6,20.04,70.63,46.05,87.8,3,141,1
38.93,23.67,77.17,77.86,100.0,2,215,0
31.39,24.62,82.03,57.73,72.3,1,208,0
39.35,19.93,88.05,52.05,33.5,2,73,1
42.35,22.32,87.22,61.06,20.5,1,51,0
19.48,18.03,71.9,27.02,11.2,1,40,0
37.32,20.97,60.79,50.45,92.4,2,200,1
24.56,24.42,58.03,23.7,44.4,2,113,1
42.35,20.27,55.15,27.22,38.6,2,83,1
21.84,17.96,92.84,68.79,62.0,1,181,0
44.23,21.46,90.76,52.56,41.4,1,103,0
17.16,16.44,58.74,34.71,30.1,1,89,0
38.0,18.7,84.66,47.95,54.2,3,88,1
32.45,24.55,74.55,76.38,40.3,3,77,1
27.65,16.96,78.62,46.1,16.7,1,48,0
27.95,23.3,59.37,52.09,94.8,3,181,1
40.33,23.71,63.41,69.19,35.7,2,77,0
29.23,16.65,65.72,31.8,77.1,1,227,0
31.47,15.58,71.31,55.0,52.4,1,153,0
42.1,20.36,65.83,30.74,87.3,3,140,1
25.94,23.02,61.58,47.39,47.3,2,120,0
36.99,23.29,60.85,23.11,0.0,3,20,1
36.75,18.02,86.51,32.02,55.4,1,135,1
40.47,21.75,87.39,36.88,38.7,3,62,1
16.59,15.7,58.95,50.38,84.4,2,216,0
26.94,22.89,53.47,38.99,96.5,1,255,0
32.4,23.33,74.53,75.5,62.8,2,160,0
21.75,16.95,95.89,65.45,68.9,1,204,0
36.42,16.3,64.53,22.36,42.9,2,93,1
36.71,24.65,76.35,20.1,33.6,2,73,1
32.81,19.7,84.57,46.23,33.4,3,64,1
35.53,16.58,75.66,79.97,43.6,2,93,0
24.69,19.95,84.31,45.15,85.7,3,163,1
16.99,20.32,85.33,46.32,94.4,3,180,1
30.64,17.3,75.44,70.11,61.8,2,157,0
37.34,16.45,60.89,26.85,43.7,1,108,1
26.13,20.34,71.35,60.18,5.6,3,20,1
17.65,16.35,91.92,76.88,77.5,1,228,0
32.15,19.95,75.03,32.22,43.3,2,109,1
23.2,20.17,70.14,72.89,4.4,1,40,0
38.82,20.65,90.98,34.02,80.8,3,131,1
28.22,19.84,65.49,55.83,17.7,3,35,1
31.81,24.85,85.35,52.31,76.8,3,147,1
33.17,22.3,87.31,73.25,35.8,1,103,0
18.27,22.53,74.76,62.31,48.3,1,139,0
23.35,17.88,54.89,76.01,27.9,1,85,0
24.25,22.91,68.7,64.21,21.3,1,60,0
21.57,22.9,78.33,74.37,18.5,3,32,0
24.84,21.49,52.29,23.93,73.2,1,215,1
19.9,21.03,61.86,39.37,47.3,1,138,0
39.02,15.42,96.29,72.29,58.5,1,144,0
20.78,17.58,70.77,62.25,38.0,2,95,0
35.12,16.78,51.87,26.96,92.8,2,201,1
20.84,16.8,73.69,26.71,93.6,1,255,0
19.68,23.45,76.78,71.76,83.0,3,158,0
27.46,17.56,52.41,36.49,6.3,3,20,1
32.24,23.68,56.21,41.51,53.8,2,137,1
32.77,22.31,63.96,49.06,81.8,1,238,0
31.47,22.69,64.49,49.41,96.5,1,255,0
27.93,23.71,93.18,47.5,40.8,3,78,1
33.14,15.83,93.3,31.21,74.8,1,218,0
25.51,15.92,72.93,64.94,11.5,1,40,0
41.93,22.28,82.42,57.01,5.7,3,20,1
23.93,17.82,83.0,27.01,45.8,3,86,1
34.91,19.72,84.44,47.85,23.8,2,61,1
25.84,23.85,60.5,29.94,1.3,2,30,1
42.18,23.99,58.12,21.09,10.0,1,40,1
17.44,19.98,62.05,37.02,39.5,1,114,0
26.15,24.73,78.22,48.8,47.9,2,126,0
19.16,20.72,61.45,78.54,79.5,3,152,0
21.67,20.46,85.66,39.03,8.8,2,30,1
33.94,15.75,94.89,53.32,24.9,1,73,0
34.7,21.75,54.39,38.94,98.9,1,247,1
21.28,20.91,66.25,68.5,18.0,3,35,0
41.19,20.08,51.5,62.59,38.8,1,96,0
32.75,23.21,82.86,80.37,1.2,2,30,0
39.29,24.49,86.38,23.35,83.7,1,208,1
39.36,16.41,68.8,35.08,28.6,2,63,1
40.62,18.1,90.48,26.53,18.2,2,39,1
17.5,15.47,72.58,43.85,14.3,1,40,0
37.7,16.44,74.09,37.04,17.0,3,26,1
20.04,16.77,62.74,50.91,50.9,3,97,1
37.28,21.15,90.06,35.55,61.0,3,100,1
21.89,24.7,62.3,36.72,41.1,3,78,1
42.98,21.36,51.07,32.43,67.6,2,148,1
26.88,15.9,54.93,51.06,72.3,1,211,0
40.31,16.75,78.35,73.2,47.2,1,118,0
25.89,21.93,80.95,44.97,96.6,3,184,1
21.87,21.41,86.55,45.93,86.4,3,164,1
36.25,15.82,55.02,62.25,8.1,2,30,1
24.19,20.42,95.72,22.67,77.5,1,225,1
37.71,21.44,68.81,56.26,4.4,2,30,1
24.6,25.15,67.96,20.5,28.3,2,72,1
32.02,17.06,65.51,75.35,49.4,3,96,1
30.23,24.73,91.32,75.57,25.4,2,64,0
36.27,21.14,57.47,55.43,53.6,2,117,1
39.89,23.13,62.05,53.95,76.5,1,191,0
21.47,23.7,51.11,59.23,38.3,1,112,0
30.28,20.97,56.79,70.76,14.5,1,42,0
22.56,20.1,64.05,71.37,60.0,2,154,0
34.2,19.02,79.49,29.29,97.0,2,247,1
43.59,19.48,70.35,78.1,69.7,3,112,1
27.33,18.85,89.58,28.42,33.9,2,87,1
43.14,15.46,85.85,25.01,46.1,2,101,1
26.99,21.73,83.54,61.52,11.8,1,40,0
19.11,19.1,56.49,34.51,16.4,3,29,1
30.66,21.28,81.1,37.89,14.2,1,41,0
35.49,21.66,82.99,59.46,38.6,3,62,1
41.06,16.59,67.95,66.49,3.2,3,20,1
26.61,19.58,85.24,68.47,23.1,1,68,0
18.69,21.11,78.55,33.63,53.9,3,103,1
35.74,15.11,95.73,22.74,87.3,3,143,1
37.0,25.12,72.09,51.61,52.6,1,130,0
32.51,17.72,66.66,65.56,58.2,2,148,0
28.75,22.11,58.76,51.01,42.4,3,81,1
43.75,17.05,54.2,45.6,82.6,3,134,1
40.03,18.27,71.4,21.39,38.6,1,96,1
38.59,21.17,93.25,57.13,69.2,1,171,0
44.65,22.21,89.91,22.32,23.2,3,38,1
35.04,15.68,58.26,48.17,65.0,3,124,1
27.48,21.48,71.2,66.58,71.8,3,137,1
27.15,18.26,57.2,28.57,13.5,3,25,1
29.19,15.04,73.24,73.34,19.0,3,36,1
23.45,18.63,55.45,46.03,98.3,1,255,0
21.19,17.45,85.78,66.38,40.4,2,103,0
30.87,16.97,82.0,53.33,21.2,2,52,1
26.46,18.12,50.61,69.55,8.1,3,20,1
42.47,21.0,59.52,36.51,42.9,1,107,1
19.33,21.13,72.87,23.7,54.4,1,159,1
37.99,22.47,51.22,53.78,8.5,2,30,1
25.77,18.16,72.18,28.76,83.2,1,243,0
31.34,19.29,78.67,57.41,4.5,3,20,1
41.69,24.61,54.29,72.24,38.8,2,84,0
35.44,25.11,93.46,62.63,10.9,1,40,0
18.05,22.11,69.23,66.1,44.4,3,85,0
17.97,18.51,92.11,32.97,14.3,1,45,0
28.53,20.16,77.94,47.58,69.9,1,205,0
33.91,17.33,90.21,39.41,33.4,2,83,1
31.27,21.86,86.25,30.58,57.4,1,165,0
18.54,18.96,73.02,71.05,76.1,2,193,0
27.85,16.77,95.14,51.91,85.0,2,217,0
19.03,21.51,96.55,72.87,4.4,2,30,0
44.76,22.9,77.29,48.87,83.7,2,180,1
20.18,25.0,78.64,51.83,0.9,3,20,1
23.65,18.73,88.38,48.11,88.3,1,255,0
34.66,16.24,90.61,67.04,18.9,1,47,0
25.61,17.61,86.72,20.88,27.4,3,51,1
32.01,17.33,76.78,41.74,70.1,1,204,0
44.07,23.31,87.61,40.01,53.4,2,116,1
34.31,15.83,93.12,23.19,55.4,1,162,1
20.74,18.12,86.84,77.47,36.4,3,71,0
24.54,16.94,95.29,30.38,57.7,3,109,1
31.84,20.16,62.33,23.31,41.0,1,119,1
26.0,18.95,79.3,36.69,70.8,1,204,0
17.03,15.23,92.54,72.22,35.9,1,104,0
28.34,20.07,92.41,37.19,15.9,2,40,1
35.8,15.37,78.48,42.42,98.0,3,158,1
23.98,14.75,74.25,71.38,89.1,3,171,0
43.89,23.47,74.28,52.54,30.6,1,77,0
21.74,19.17,86.23,77.45,81.1,1,237,0
25.21,21.16,53.04,27.77,5.8,1,40,0
19.22,20.66,82.78,57.51,79.6,1,235,0
36.33,19.76,95.02,63.5,56.7,3,91,1
26.82,24.6,79.59,43.97,84.0,3,159,1
34.38,16.96,69.25,71.36,21.4,2,54,0
25.28,22.57,51.26,51.43,25.6,3,47,1
16.41,22.54,77.92,40.32,28.4,1,82,0
17.47,19.5,92.81,31.62,32.7,2,84,1
40.13,19.62,73.06,22.72,7.1,2,30,1
26.4,22.26,74.66,63.91,90.4,1,255,0
23.48,20.5,78.98,74.21,37.9,2,98,0
19.58,18.1,58.08,79.65,4.9,2,30,0
28.73,22.07,70.31,71.12,33.5,3,63,1
19.14,18.7,87.78,46.05,33.4,3,63,1
37.57,18.73,91.96,57.65,85.0,1,212,0
39.63,22.75,80.94,70.74,93.8,3,152,1
41.34,16.63,94.08,46.47,74.5,3,120,1
42.68,22.29,66.76,29.73,92.4,2,200,1
34.64,24.44,52.45,74.65,60.9,3,116,1
34.92,22.64,72.57,57.51,54.2,3,87,1
35.31,17.29,70.24,21.18,15.4,1,37,1
16.28,24.8,74.29,21.44,34.0,1,100,1
20.24,17.84,54.28,68.35,13.4,2,34,0
20.83,24.15,95.83,71.52,83.7,2,215,0
40.82,23.8,51.0,44.43,58.5,2,126,1
28.05,23.65,54.83,38.52,17.9,2,44,1
24.31,21.4,72.4,71.64,34.9,3,65,0
28.2,17.98,96.15,67.89,11.8,3,21,1
43.18,16.65,82.28,70.32,95.7,2,206,0
35.73,18.26,84.17,39.54,12.8,3,20,1
19.23,21.94,65.06,76.78,71.3,3,136,0
35.54,19.32,73.41,33.33,54.9,3,89,1
37.7,24.18,76.98,40.43,61.3,2,131,1
37.97,16.23,54.76,74.21,53.8,3,87,1
24.33,16.64,63.05,69.5,63.9,1,187,0
19.34,19.52,68.77,54.36,44.7,1,128,0
17.34,23.12,96.29,42.39,15.4,3,29,1
34.4,21.43,89.57,54.5,46.5,3,89,1
38.95,18.39,70.39,76.72,91.8,2,198,0
43.11,23.29,95.38,47.18,53.6,1,133,1
26.07,21.53,69.29,73.02,83.9,3,161,1
27.03,21.28,54.05,56.6,92.7,2,237,0
32.19,23.01,85.09,22.42,88.7,2,227,1
42.68,19.25,64.65,65.85,1.6,3,20,1
20.65,16.03,97.45,21.17,17.0,2,42,1
27.15,22.13,80.81,76.0,40.8,2,101,0
44.13,23.14,63.9,64.06,21.1,3,34,1
35.02,23.55,84.75,70.12,20.9,1,49,0
42.29,23.2,85.12,21.65,37.3,1,93,1
26.9,23.46,75.41,60.46,62.6,1,182,0
29.06,23.6,59.41,51.37,35.3,3,68,1
27.8,19.57,66.98,38.78,68.8,2,175,1
18.84,21.84,93.23,47.59,4.1,2,30,0
30.95,21.8,71.74,40.11,46.5,1,137,0
22.89,24.43,83.67,66.26,38.1,3,72,0
39.02,20.69,53.37,59.47,52.7,1,131,0
21.49,20.46,60.22,57.26,71.8,2,184,0
38.34,21.22,72.17,31.91,30.3,1,75,1
35.75,23.03,85.3,42.87,47.6,1,119,1
45.1,23.25,83.7,23.8,91.4,1,225,1
30.73,15.76,82.13,74.72,9.7,2,30,0
30.83,21.07,67.75,77.23,70.3,3,134,1
42.1,23.96,94.28,74.82,52.6,2,114,0
43.6,22.24,84.9,23.77,90.7,3,145,1
35.53,23.05,86.07,76.72,39.4,1,99,0
16.34,20.98,52.63,42.43,0.7,1,40,0
26.35,25.01,80.17,68.93,26.0,2,67,0
26.6,24.04,62.83,52.94,70.2,2,179,0
29.74,22.69,72.52,63.06,33.2,3,64,1
40.26,22.86,70.24,46.68,90.4,2,194,1
34.88,17.45,68.78,21.51,76.1,3,147,1
18.81,20.0,67.37,62.06,81.7,2,208,0
27.66,18.52,81.04,51.91,37.8,3,71,1
43.24,16.43,60.11,74.56,16.9,3,28,1
33.45,15.93,74.8,19.92,50.2,3,95,1
31.73,15.47,95.66,26.06,85.7,1,250,0
37.22,17.28,91.21,52.01,86.1,3,139,1
43.03,18.44,73.9,42.7,25.9,2,55,1
35.67,20.96,56.59,70.67,42.9,3,69,1
40.18,21.89,62.55,27.64,2.1,2,30,1
41.68,19.41,81.78,64.57,45.5,2,98,1
17.23,25.42,54.16,61.49,25.0,1,74,0
25.73,17.67,91.75,52.3,28.5,2,72,0
23.59,20.53,70.94,46.89,11.5,3,21,1
26.11,21.76,92.52,63.67,70.6,2,181,0
31.84,17.82,52.63,63.99,30.3,1,87,0
25.64,19.4,86.19,23.78,22.2,1,63,1
20.64,19.21,57.71,59.66,16.4,3,30,0
16.38,19.98,53.77,79.54,58.7,1,172,0
34.87,20.73,70.88,74.56,16.9,2,42,0
27.14,17.23,64.64,40.92,48.6,2,125,0
27.78,21.57,92.06,22.14,6.9,2,30,1
20.09,24.54,55.69,31.97,25.3,3,47,1
38.7,23.59,93.74,34.26,41.5,3,68,1
20.37,16.24,60.97,78.17,37.5,1,111,0
23.63,20.33,60.84,60.86,49.4,2,125,0
27.4,16.83,61.12,46.76,77.8,1,225,0
40.86,19.3,89.51,29.77,16.2,2,34,1
22.43,22.3,76.39,51.52,7.6,1,40,0
16.22,14.82,73.51,21.91,98.0,1,255,1
35.53,18.07,71.42,44.91,24.2,1,58,1
30.55,22.34,85.64,35.53,87.8,2,223,1
44.74,18.46,66.07,22.03,15.1,1,37,1
34.76,22.44,91.28,66.6,34.4,1,103,0
34.43,24.37,61.88,56.29,32.5,3,62,1
22.89,17.99,97.43,65.67,83.8,1,245,0
38.73,23.65,76.94,39.59,70.0,1,174,1
31.77,14.76,86.95,39.61,47.5,2,120,1
25.01,17.36,90.46,60.66,24.4,3,45,0
42.82,23.83,52.37,32.59,47.7,2,103,1
28.21,18.77,71.99,20.57,13.3,2,33,1
32.57,18.41,77.77,47.39,30.6,2,77,1
25.46,16.69,50.28,69.35,64.1,1,186,0
43.5,24.76,63.09,54.26,45.1,2,97,1
39.42,24.25,82.46,36.12,12.4,2,30,1
45.08,20.68,84.27,23.08,63.0,3,102,1
32.28,16.75,79.29,35.33,22.2,2,58,1
34.42,16.67,85.93,78.7,79.8,1,235,0
25.97,24.66,62.43,48.04,93.4,2,239,0
36.28,21.1,91.68,76.59,86.5,1,213,0
27.92,21.53,84.27,22.25,34.4,2,86,1
24.79,21.86,83.67,58.94,59.6,2,153,0
36.78,24.32,79.07,67.85,17.5,1,42,0
29.67,16.97,80.63,79.33,62.6,3,119,1
25.1,17.82,93.38,50.35,65.8,3,125,1
28.49,22.56,92.25,70.76,31.0,2,79,0
16.88,24.34,89.12,31.44,29.0,2,73,1
42.15,15.7,78.52,37.29,88.5,1,221,1
44.63,19.59,86.29,30.65,1.4,1,40,1
25.87,23.72,67.09,35.03,85.6,3,164,1
15.92,18.18,70.38,75.84,20.9,1,60,0
31.94,24.07,61.28,21.82,67.2,1,197,1
19.05,24.34,63.58,75.06,40.4,2,104,0
32.81,15.91,62.88,37.66,61.0,1,178,0
37.61,18.49,83.25,35.24,24.4,2,53,1
33.63,19.88,93.83,63.19,92.3,3,176,1
36.53,15.84,94.36,70.01,85.6,3,139,1
40.34,16.93,85.51,33.76,7.2,1,40,1
27.51,15.65,87.93,28.97,2.3,3,20,1
16.92,18.83,67.61,58.78,96.2,3,184,0
25.73,16.65,64.85,73.23,29.8,3,57,1
32.08,20.41,62.53,48.36,46.1,3,87,1
18.86,17.38,87.22,70.31,53.8,3,104,0
21.08,18.63,80.5,57.27,38.0,3,73,0
25.13,24.85,67.37,51.06,84.8,3,162,1
34.72,19.98,89.01,57.81,0.1,3,20,1
17.03,19.04,99.38,63.98,96.3,2,243,0
39.92,19.19,91.79,29.93,28.2,2,58,1
34.25,18.62,97.48,62.32,29.2,1,85,0
32.87,25.47,58.23,51.0,34.0,1,101,0
22.08,21.1,83.44,60.88,25.3,1,74,0
38.36,21.08,62.72,28.88,60.4,3,98,1
41.12,22.15,93.23,30.27,47.4,1,118,1
16.54,15.36,68.25,76.98,85.7,2,222,0
17.2,22.72,89.38,57.82,74.0,2,190,0
45.29,22.28,79.91,45.49,62.4,2,133,1
45.08,22.87,55.51,43.66,52.3,3,84,1
20.81,22.52,81.05,60.93,47.4,2,122,0
30.74,17.82,78.54,63.97,37.8,2,95,1
43.71,23.97,61.41,34.62,30.1,3,48,1
37.93,22.87,51.31,23.19,78.2,2,171,1
21.23,22.8,59.71,67.55,43.0,3,82,0
30.93,23.02,55.28,68.52,18.1,2,46,0
43.96,15.92,84.19,48.29,75.4,2,162,1
39.37,22.06,76.0,42.59,20.9,3,33,1
28.19,17.73,67.91,45.56,7.5,3,20,1
31.99,23.33,73.9,60.51,7.4,2,30,1
30.49,20.83,53.59,59.19,48.6,1,143,0
36.22,25.03,67.34,55.91,1.3,1,40,0
35.79,24.54,69.81,24.49,12.2,2,30,1
32.37,23.09,84.11,27.77,59.0,1,173,0
41.82,20.22,96.49,36.94,46.1,1,113,1
19.4,19.01,91.47,78.49,39.9,3,75,0
42.61,14.72,90.65,51.27,61.3,1,154,0
39.91,22.54,78.32,52.45,43.0,2,92,1
34.22,18.24,79.33,54.04,60.3,3,115,1
35.6,24.69,66.91,23.74,89.4,3,145,1
34.24,22.89,92.62,48.35,90.4,2,228,1
25.04,16.23,51.14,30.17,45.3,2,115,1
43.67,16.28,86.32,57.17,82.0,2,177,1
45.14,19.7,56.75,33.21,88.6,3,144,1
35.9,17.43,80.61,54.76,97.4,3,157,1
42.42,15.62,81.05,67.98,35.2,2,76,0
33.74,17.01,91.3,27.26,3.5,1,40,0
36.52,16.99,88.57,61.16,88.8,2,192,1
19.32,24.86,74.14,57.31,67.6,2,171,0
24.82,20.06,51.2,66.71,31.5,1,92,0
40.49,22.86,51.32,35.96,55.0,2,117,1
21.9,21.89,53.26,54.62,57.1,2,145,0
30.54,19.56,77.44,22.16,100.0,3,189,1
43.93,22.59,90.12,41.9,55.5,1,138,1
25.35,19.72,54.14,76.7,61.7,2,157,0
39.5,15.67,95.72,45.41,29.1,2,62,1
34.45,17.85,53.61,66.04,72.9,3,138,1
23.47,16.41,62.53,20.7,12.4,1,40,1
39.96,18.89,53.41,42.94,21.0,1,51,1
36.55,22.23,95.21,55.6,62.1,3,103,1
45.08,20.87,88.21,39.98,82.8,3,135,1
16.94,24.16,79.66,29.99,17.8,2,43,1
39.83,24.7,81.15,47.38,30.1,2,66,1
25.47,19.42,53.39,22.68,29.3,1,85,1
32.37,22.67,68.89,42.82,10.3,3,20,1
19.16,18.68,56.81,21.5,75.0,3,143,1
31.55,24.27,79.07,78.19,14.1,3,26,1
39.33,23.13,83.8,25.17,1.1,1,40,1
30.38,20.98,49.24,66.67,81.6,2,209,0
31.03,22.56,60.64,32.77,63.6,3,120,1
21.04,18.01,77.38,38.81,42.3,3,81,1
25.99,16.34,95.61,63.43,76.1,2,191,0
22.75,21.76,76.14,45.98,81.2,2,206,0
17.33,23.62,55.98,42.03,47.4,3,91,1
42.29,19.49,84.51,77.61,65.1,2,141,0
42.23,19.12,68.61,20.43,60.2,3,99,1
30.13,16.66,66.21,63.57,22.1,3,41,1
24.34,19.41,81.77,45.73,68.8,1,204,0
28.71,23.37,89.58,57.19,72.0,1,210,0
21.59,18.15,50.13,60.57,26.7,2,68,0
17.27,21.13,56.29,65.85,20.9,2,55,0
16.71,20.08,57.74,49.54,13.5,1,41,0
30.6,16.42,70.95,34.47,34.4,2,89,1
29.12,25.04,66.91,57.67,13.9,2,35,0
17.75,22.56,75.58,37.57,85.5,3,164,1
27.93,24.28,76.22,62.15,88.5,1,255,0
17.57,15.07,77.18,44.58,79.4,2,202,0
20.41,21.94,67.89,76.67,31.8,2,83,0
16.18,18.88,92.93,60.38,14.5,3,27,0
44.94,18.04,72.53,68.31,9.2,2,30,0
22.96,18.0,96.2,24.16,60.9,2,155,1
19.26,24.04,82.41,35.26,27.1,1,81,0
40.99,16.87,76.68,62.85,90.8,1,225,0
34.32,21.58,70.74,49.63,69.5,3,132,1
29.22,22.58,87.18,48.49,86.0,1,251,0
29.12,15.24,87.76,23.52,83.1,2,211,1
33.29,21.33,93.37,66.99,77.7,3,149,1
18.95,22.13,95.59,53.73,23.9,2,59,0
27.3,21.76,63.27,67.65,22.8,1,67,0
39.5,23.14,90.18,30.06,69.3,1,175,1
28.56,15.8,67.66,65.01,36.5,1,108,0
32.49,22.75,62.6,76.95,93.2,2,236,0
37.77,19.71,72.09,58.55,44.9,2,98,1
19.91,17.39,68.31,28.74,4.9,3,20,1
17.42,23.93,54.17,76.5,49.4,2,125,0
30.8,20.97,51.71,62.8,71.2,1,208,0
43.26,19.87,62.77,40.69,89.0,3,143,1
24.4,24.18,66.32,23.72,59.4,3,114,1
27.58,24.55,65.89,29.22,58.8,1,170,0
24.26,18.93,66.16,39.17,24.9,2,61,1
34.63,17.4,57.4,45.66,7.2,2,30,1
29.46,18.62,64.83,43.8,1.8,2,30,0
29.6,19.26,68.24,57.73,1.7,2,30,1
38.96,20.08,94.98,31.15,92.2,1,228,1
17.95,20.89,70.96,20.8,23.3,2,60,1
30.12,23.4,58.22,78.75,12.0,3,24,1
36.42,18.05,61.63,72.72,15.7,2,35,0
34.54,23.29,60.92,69.27,24.2,2,59,0
28.95,15.71,93.88,46.2,20.6,1,59,0
16.68,24.54,65.8,80.56,26.2,1,74,0
27.98,20.65,94.5,30.08,29.7,1,85,0
34.94,18.8,81.2,43.96,47.6,2,121,1
27.47,17.77,87.99,48.92,65.5,3,125,1
25.58,15.62,77.67,35.58,53.0,2,135,1
41.97,14.91,72.14,75.53,40.4,2,85,0
30.51,24.61,55.06,24.51,85.1,1,249,1
40.54,22.74,75.74,54.59,13.0,3,21,1
41.62,21.62,68.83,57.28,58.0,3,93,1
37.17,17.62,93.63,27.63,31.9,2,68,1
40.61,18.77,70.02,27.83,5.0,3,20,1
37.44,16.99,51.54,23.47,65.1,1,163,1
41.1,22.35,51.88,37.86,86.7,3,141,1
33.45,21.0,74.44,19.79,55.3,3,106,1
27.58,20.26,79.96,50.66,53.7,2,136,0
23.54,22.24,96.89,61.99,89.4,3,169,0
35.31,17.99,68.47,55.68,3.3,2,30,1
44.21,24.98,94.64,24.61,33.3,2,72,1
40.02,22.42,52.21,32.89,56.3,3,90,1
42.67,23.19,94.56,70.97,86.7,3,141,1
24.69,19.78,95.85,28.76,42.0,3,80,1
40.59,24.86,95.63,46.35,48.1,1,121,1
31.09,23.9,88.22,39.35,50.6,1,148,0
22.94,16.0,69.74,74.88,72.6,1,212,0
30.22,16.51,77.48,68.68,58.9,1,171,0
41.75,17.19,92.9,41.21,30.5,1,77,1
25.1,21.11,81.15,64.88,90.1,3,171,1
17.51,21.57,80.02,78.07,96.8,1,255,0
20.67,16.18,91.82,74.75,28.4,3,52,0
22.09,18.02,77.17,53.08,76.6,1,225,0
40.46,18.84,60.15,41.12,21.0,3,34,1
36.04,23.02,90.62,29.73,48.3,2,105,1
38.73,24.68,50.87,60.98,25.5,1,65,0
17.06,16.14,63.89,59.98,10.1,3,20,0
23.73,21.34,91.0,48.65,43.0,3,82,1
39.13,21.6,73.65,25.03,64.6,1,160,1
17.75,20.19,83.33,35.23,73.9,2,188,1
42.79,19.58,67.37,48.33,83.6,2,180,1
31.35,19.06,60.94,24.42,53.4,2,136,1
22.65,24.2,87.74,23.85,100.0,3,191,1
22.45,18.0,66.05,56.05,17.1,1,50,0
37.7,22.21,89.78,39.81,92.9,1,232,1
17.23,18.38,70.93,61.89,64.4,1,189,0
20.62,24.69,66.48,40.91,84.5,1,246,0
34.52,15.86,58.88,77.68,53.5,1,156,0
36.51,15.25,52.8,35.05,31.1,2,67,1
18.31,23.08,77.49,58.94,31.0,3,58,0
36.36,24.37,77.31,24.66,60.4,3,97,1
39.02,16.38,75.51,50.85,9.7,3,20,1
35.76,24.09,64.46,74.13,49.9,1,125,0
35.19,15.74,92.45,31.32,22.7,3,36,1
23.64,18.19,92.88,78.07,29.1,2,72,0
27.68,23.4,78.55,54.27,25.8,2,66,0
19.13,22.1,97.92,59.45,27.0,2,66,0
37.45,18.78,80.13,65.39,54.8,2,118,0
39.93,19.09,97.8,45.92,13.9,1,40,1
43.59,18.17,93.13,32.99,19.7,3,31,1
30.43,16.6,93.38,36.79,73.7,3,139,1
36.0,19.36,70.81,70.98,5.1,3,20,1
24.04,24.48,61.02,74.72,73.0,3,138,0
35.97,20.09,58.33,40.21,14.2,1,40,0
24.74,21.26,52.32,48.9,26.8,3,51,1
24.3,21.99,75.54,39.57,8.3,1,40,0
34.8,23.58,59.15,75.38,52.6,3,101,1
30.1,22.75,54.01,75.49,54.2,2,138,0
44.18,21.91,93.04,38.65,74.6,2,160,1
31.46,21.46,73.24,21.68,6.0,3,20,1
36.07,18.96,61.63,77.35,77.5,3,126,1
20.54,20.11,91.39,51.41,3.6,1,40,0
43.41,24.39,83.24,68.34,17.2,2,38,0
43.16,15.2,49.05,34.96,84.9,3,138,1
41.09,18.43,83.45,22.92,38.5,3,62,1
44.53,16.57,57.67,41.27,34.2,1,84,1
29.17,17.81,94.17,43.57,49.4,3,96,1
42.49,19.65,83.96,48.0,12.9,1,40,1
17.14,18.53,62.02,77.13,19.1,2,47,0
39.01,22.67,77.35,39.39,74.8,3,121,1
35.0,16.18,94.95,78.81,43.3,2,110,0
17.6,16.4,62.84,36.29,64.7,3,123,1
23.36,15.78,73.52,23.58,26.3,2,66,1
21.39,21.7,70.66,42.38,26.5,2,67,0
42.69,15.99,69.76,77.04,25.2,3,40,1
34.49,24.39,82.14,78.95,5.8,1,40,0
17.23,19.25,95.86,63.76,29.6,2,76,0
16.81,18.14,84.54,26.01,89.1,3,169,1
41.71,18.56,60.15,66.19,17.4,1,44,0
29.05,20.04,74.27,37.86,67.1,2,170,1
29.93,15.01,69.83,68.75,78.2,2,198,0
37.46,21.9,75.47,53.92,10.4,3,20,1
23.31,18.51,85.5,48.43,3.1,1,40,0
25.36,22.55,93.03,65.34,84.6,3,161,0
44.84,15.16,84.32,54.62,51.4,2,108,1
30.67,16.45,73.94,23.24,87.6,1,255,1
16.51,17.19,75.26,48.44,49.7,3,95,1
23.39,24.2,75.19,59.59,28.6,3,53,0
20.22,19.53,54.99,43.65,2.1,3,20,1
40.44,19.37,77.27,67.15,8.9,3,20,1
27.34,15.48,50.41,37.63,1.0,1,40,0
26.07,21.99,59.65,57.38,12.5,2,33,0
35.81,20.77,95.32,21.99,70.3,1,176,1
44.53,15.61,76.72,64.06,25.2,3,41,1
18.92,15.93,71.16,40.37,47.1,1,137,0
37.0,21.75,58.46,79.86,46.2,2,100,0
32.54,17.75,80.84,56.22,9.8,2,30,1
24.11,18.99,51.53,79.53,63.0,3,119,1
37.29,20.11,53.11,24.57,79.3,2,170,1
44.53,18.17,63.5,58.56,37.5,1,94,0
31.47,24.24,80.14,40.01,1.5,3,20,1
36.62,16.02,63.45,76.89,27.7,3,43,1
18.83,23.22,88.41,21.74,37.9,1,112,1
36.56,19.83,83.3,47.32,33.8,3,54,1
36.27,24.56,75.71,36.26,68.7,3,111,1
32.43,22.39,53.34,70.97,79.4,2,203,0
36.3,19.18,89.27,51.6,33.4,2,72,1
30.47,20.23,58.8,64.35,35.9,2,92,1
35.07,15.63,91.09,76.22,65.8,3,126,1
29.97,16.8,68.65,71.73,4.8,1,40,0
17.37,18.76,60.12,25.43,22.3,3,44,1
42.57,20.48,50.66,44.9,42.3,2,90,1
42.07,22.9,60.32,77.91,36.7,3,59,1
40.77,22.49,85.94,79.6,25.7,1,64,0
39.97,16.67,52.61,71.04,56.5,2,122,0
18.2,17.37,53.88,72.15,59.0,2,150,0
32.99,14.74,67.18,57.32,95.6,1,255,0
44.62,15.01,54.91,23.78,39.0,1,99,1
16.2,23.25,88.3,33.43,16.0,3,28,1
38.58,20.87,62.83,63.47,58.9,2,127,1
39.78,20.28,51.65,24.58,65.3,3,105,1
29.69,19.22,58.54,72.24,52.9,2,134,0
27.37,18.0,93.72,31.36,68.4,2,173,1
23.32,19.01,71.8,80.46,94.9,3,181,0
33.26,16.67,60.67,32.99,43.0,3,82,1
39.28,21.67,52.88,40.7,68.6,3,110,1
41.33,17.93,92.56,43.79,40.0,1,99,1
28.78,20.7,88.71,63.28,96.5,2,245,0
22.42,24.14,96.21,68.28,31.5,1,92,0
33.83,25.03,79.96,42.52,33.8,2,84,1
40.97,15.31,59.75,60.12,90.7,2,194,1
36.9,23.32,95.41,23.9,3.4,2,30,1
21.66,25.15,60.55,57.0,42.0,3,80,0
30.72,22.02,53.26,65.35,33.5,3,64,1
29.99,22.53,95.63,71.1,20.9,1,59,0
22.84,16.54,52.6,71.31,5.8,3,20,1
37.98,16.64,58.84,24.05,31.8,1,79,1
29.89,22.71,96.31,59.33,50.3,1,148,0
18.32,15.16,68.43,64.46,17.0,2,44,0
29.47,22.71,64.85,51.41,59.9,3,115,1
42.35,19.73,68.67,55.87,18.3,2,41,1
41.48,19.48,88.01,46.54,69.9,3,113,1
27.27,22.78,73.45,73.68,59.6,1,173,0
33.53,17.3,71.27,61.74,53.7,1,157,0
39.8,21.76,96.59,76.96,16.4,1,42,0
36.12,18.16,77.87,60.89,47.2,2,101,1
33.54,20.84,74.39,42.42,45.9,1,134,0
30.88,19.31,62.3,62.3,12.9,2,32,1
23.96,18.68,72.37,54.51,26.0,1,73,0
41.54,21.88,94.48,63.39,96.1,1,242,0
26.66,17.9,69.49,39.84,66.7,3,129,1
18.76,22.73,67.18,73.09,93.5,3,177,0
42.57,21.72,72.91,53.97,20.1,3,32,1
42.4,21.24,54.94,50.98,49.5,2,107,1
43.8,15.68,73.36,55.73,26.0,2,53,1
21.39,24.56,93.84,37.52,53.6,3,103,1
35.78,24.46,57.64,51.93,22.9,3,38,1
26.98,16.8,93.0,78.75,57.2,1,166,0
26.32,22.85,77.46,23.38,8.5,3,20,1
21.48,24.29,87.42,64.12,35.9,1,105,0
15.96,22.34,74.03,77.18,70.8,3,136,0
31.23,24.86,86.29,54.77,85.1,1,249,0
23.45,21.03,75.02,28.16,73.6,3,141,1
20.79,18.01,96.15,24.86,26.7,3,49,1
18.05,21.19,95.24,35.87,91.2,2,231,1
18.94,20.61,76.07,37.06,99.1,3,189,1
28.94,20.34,96.77,56.86,60.6,1,177,0
44.6,16.95,82.68,24.64,4.2,1,40,1
25.16,23.49,78.86,30.6,42.1,2,107,1
28.82,23.23,66.5,40.67,89.8,3,171,1
17.53,15.23,56.99,78.46,51.8,3,100,0
35.51,19.47,84.91,77.59,12.0,1,40,0
41.74,17.48,58.18,21.78,95.8,1,236,1
26.41,16.52,50.24,33.22,11.2,3,20,1
22.67,20.76,74.97,23.15,27.5,2,70,1
31.19,24.43,52.59,65.5,57.1,3,109,1
19.15,25.08,66.85,63.31,56.6,1,167,0
16.35,17.05,59.33,60.22,28.6,2,72,0
30.18,22.11,85.45,63.96,41.6,2,104,1
30.09,20.92,82.42,72.58,76.7,1,225,0
28.14,23.95,56.56,73.97,38.6,3,74,1
25.17,15.5,89.97,38.73,6.5,1,40,0
40.89,15.42,81.07,32.9,10.9,3,20,1
33.31,17.97,66.54,57.43,94.2,3,180,1
21.11,20.79,86.19,45.3,97.5,2,249,0
43.14,21.12,93.98,78.2,49.8,2,107,0
17.44,19.83,61.55,45.27,85.7,2,218,0
34.22,20.18,86.77,33.87,88.5,3,167,1
28.47,23.35,95.98,34.62,86.0,2,219,1
21.02,19.12,62.15,69.92,85.1,2,218,0
31.48,17.18,89.58,44.25,82.8,2,212,1
18.34,24.53,78.25,50.62,83.1,2,214,0
31.79,15.58,60.33,66.45,65.9,1,193,0
17.14,17.55,93.55,58.47,23.2,1,66,0
27.28,17.1,82.69,74.62,43.8,3,83,1
33.69,21.55,66.91,32.77,54.2,2,137,1
37.71,17.68,69.17,57.03,40.9,2,90,1
26.06,18.28,65.3,46.9,88.9,3,169,1
44.48,17.46,71.48,23.86,87.0,3,141,1
22.33,17.28,91.85,26.86,59.7,2,153,1
27.96,22.78,71.2,45.06,55.6,3,106,1
43.55,18.83,55.34,22.28,26.5,3,43,1
19.2,18.98,90.74,56.89,73.7,2,187,0
25.98,21.75,65.59,59.76,25.1,2,62,0
33.1,20.45,95.41,51.51,52.1,1,151,0
26.85,20.42,72.15,43.24,30.5,3,58,1
20.38,20.17,94.12,71.75,97.1,3,185,0
29.05,18.16,92.71,59.27,29.0,2,75,0
27.12,16.5,59.83,23.58,43.5,2,111,1
24.67,22.49,72.28,27.36,38.9,2,97,1
44.13,18.99,50.64,56.59,29.1,2,62,1
22.8,15.81,75.49,48.13,30.7,2,78,0
24.62,22.89,56.56,65.02,82.0,3,156,0
19.48,18.02,67.62,63.25,17.9,1,52,0
38.38,23.39,50.85,74.03,91.6,2,199,0
37.57,18.59,98.49,63.83,36.2,3,59,1
27.01,18.19,84.65,30.03,1.8,1,40,0
31.07,22.21,89.93,33.18,33.6,3,64,1
37.21,17.09,87.2,29.29,79.7,1,199,1
41.25,16.54,79.26,76.1,67.9,3,109,1
34.32,19.34,56.1,37.49,97.6,2,249,1
22.18,23.27,95.06,25.35,37.8,3,72,1
43.77,18.95,91.28,26.19,33.0,3,54,1
31.0,19.26,87.7,65.96,78.9,3,150,1
31.31,17.35,66.9,77.73,85.0,3,162,1
39.28,21.37,57.83,57.79,59.3,1,148,0
29.25,20.12,63.54,51.95,50.5,1,149,0
37.77,24.96,79.35,73.12,5.6,1,40,0
44.6,22.24,72.05,52.17,90.1,2,195,1
24.61,18.74,75.14,51.77,0.4,2,30,0
31.85,17.54,94.95,20.35,72.2,2,185,1
41.9,21.16,87.37,77.46,64.2,3,104,1
25.17,19.05,51.85,36.11,29.2,2,75,1
42.65,23.3,80.05,27.15,14.6,2,31,1
41.99,15.58,57.8,65.12,69.0,1,171,0
42.76,17.34,58.66,56.57,17.7,1,43,0
20.46,23.64,80.38,48.87,81.8,2,207,0
18.74,22.24,83.09,36.87,1.2,1,40,0
40.89,16.04,50.67,55.9,33.5,2,74,1
38.37,20.92,52.16,72.36,29.7,2,64,0
28.05,22.14,60.91,79.32,43.6,3,82,1
28.84,19.42,96.57,31.05,8.6,3,20,1
28.03,16.56,92.67,64.37,37.3,3,69,1
41.62,15.34,94.79,31.81,88.9,2,191,1
41.4,21.18,68.1,60.72,18.6,3,29,1
37.09,20.51,60.54,76.99,70.1,1,173,0
32.37,21.38,84.44,21.19,11.3,3,20,1
27.5,21.29,75.15,79.64,49.2,3,93,1
25.23,18.31,91.73,28.72,94.8,3,180,1
18.43,23.69,51.26,78.61,67.4,2,171,0
39.29,16.64,88.07,75.06,7.1,2,30,0
34.56,20.51,73.23,41.46,12.3,2,31,1
39.5,15.38,60.53,52.78,94.2,3,153,1
33.57,21.89,56.23,76.81,34.8,2,86,0
22.78,21.7,65.77,70.26,21.9,3,41,0
44.53,20.22,80.69,72.36,0.2,3,20,1
28.94,20.53,75.76,77.23,56.0,3,105,1
44.04,17.75,83.69,57.74,1.6,1,40,0
38.9,18.02,95.26,40.4,7.9,1,40,1
21.12,17.14,72.07,75.46,1.5,3,20,0
29.29,21.3,95.18,46.77,56.2,1,164,0
15.61,16.36,71.45,68.18,28.3,3,53,0
25.93,22.68,59.2,64.19,93.8,2,241,0
41.22,19.43,87.97,27.7,90.0,2,193,1
42.51,21.74,81.53,32.74,53.7,2,115,1
27.19,21.15,68.49,28.91,49.2,1,144,0
44.67,22.57,53.19,62.84,41.3,2,89,1
23.3,24.2,80.23,45.22,98.9,1,255,0
21.63,23.58,86.11,62.91,7.5,2,30,0
20.26,15.47,70.37,65.48,86.8,3,167,0
21.51,24.85,73.24,54.12,45.2,2,115,0
35.06,18.52,61.47,23.66,76.9,2,166,1
38.99,22.65,71.93,71.92,92.1,1,230,0
23.17,16.15,68.43,37.11,50.5,2,130,1
37.81,20.74,55.14,62.0,70.0,2,152,1
42.72,15.12,63.21,67.86,0.7,2,30,0
19.35,17.38,96.6,38.18,32.1,1,96,0
28.44,19.15,75.3,68.84,82.4,3,156,1
38.5,17.15,73.9,77.77,35.3,2,74,0
44.1,24.67,75.6,74.89,39.7,2,87,0
34.4,20.12,78.32,38.36,64.1,2,163,1
22.16,17.52,55.53,64.3,40.8,2,103,0
45.25,16.56,54.78,28.33,27.4,3,43,1
34.82,17.4,55.77,72.67,10.2,2,30,0
37.6,15.01,90.72,70.8,83.2,3,135,1
44.59,17.67,95.36,61.6,95.0,1,237,0
37.52,22.4,50.05,41.36,2.2,1,40,1
30.17,21.37,58.3,66.8,30.8,2,76,0
28.33,23.93,92.4,30.29,57.5,1,169,0
18.4,23.59,67.37,73.53,72.9,3,139,0
17.37,24.35,63.96,73.18,49.8,1,145,0
37.29,20.17,50.29,23.54,64.2,1,161,1
18.44,22.35,93.02,76.65,62.4,1,181,0
37.78,18.41,85.13,33.89,43.1,1,106,1
35.92,21.43,67.76,23.97,84.1,3,134,1
22.98,21.37,78.95,68.56,88.9,2,223,0
44.72,21.14,61.22,56.26,82.2,3,133,1
32.4,18.48,77.53,35.18,43.7,1,129,0
43.04,17.59,81.13,30.58,9.5,3,20,1
17.29,21.0,51.64,79.03,60.4,3,116,1
16.58,21.86,81.86,55.36,18.2,1,53,0
31.8,19.59,75.19,62.68,70.3,2,177,1
42.22,15.89,90.78,67.81,31.3,3,51,1
35.65,17.99,56.0,70.23,67.2,1,168,0
23.97,15.85,50.61,29.02,87.3,2,224,1
20.81,21.07,77.76,46.84,48.1,1,139,0
18.77,22.18,67.75,52.92,26.9,2,71,0
34.14,21.63,76.72,40.92,89.4,1,255,0
16.79,16.57,66.87,33.58,95.3,3,184,1
23.42,22.89,68.86,65.71,1.7,2,30,0
29.75,23.78,87.35,43.56,84.6,1,248,0
37.04,24.38,51.17,62.91,45.7,1,114,0
43.68,23.02,64.13,56.99,4.9,3,20,1
16.59,17.4,68.77,52.89,29.3,1,85,0
37.54,16.72,66.8,21.46,84.0,3,136,1
38.47,15.85,81.48,50.2,47.4,1,118,0
31.08,24.08,75.84,31.32,1.7,3,20,1
23.0,24.22,75.95,71.97,29.1,3,55,0
17.28,24.42,84.22,45.44,59.1,3,114,1
39.96,23.87,51.28,69.79,35.1,3,56,1
44.62,24.36,48.58,67.45,34.6,2,76,0
35.07,23.33,50.35,37.88,56.8,3,92,1
25.09,22.74,91.61,45.06,66.5,2,170,0
41.49,23.06,93.03,43.63,63.2,2,139,1
27.44,17.34,83.48,66.01,82.6,3,157,1
43.83,16.15,76.6,54.56,92.1,3,149,1
43.7,15.6,98.2,70.68,65.9,1,164,0
29.02,24.72,59.83,29.96,23.9,1,70,0
30.76,16.21,91.53,53.04,84.3,3,161,1
24.29,15.17,93.29,49.42,28.0,3,53,1
22.81,19.75,80.5,43.53,35.0,2,88,0
33.51,21.74,77.15,71.7,60.9,2,155,0
22.63,21.38,89.17,78.27,44.8,1,133,0
43.96,24.38,83.06,72.96,20.1,1,49,0
37.02,19.53,63.06,54.31,94.3,2,205,1
29.51,22.0,85.56,67.07,37.8,2,95,0
29.3,20.35,64.35,21.75,44.0,3,82,1
43.56,18.23,86.03,44.27,48.0,3,79,1
40.11,19.81,92.14,48.25,55.1,1,138,1
33.24,22.43,81.66,62.25,42.1,1,125,0
38.05,17.75,66.17,32.33,71.1,1,179,1
30.04,18.68,60.9,60.84,71.7,3,137,1
32.99,24.75,84.38,24.11,37.7,1,111,1
33.74,20.38,66.29,34.6,62.4,3,119,1
28.05,23.7,87.92,71.24,80.1,2,204,0
26.84,15.85,75.18,59.16,17.4,1,50,0
16.6,24.54,87.8,66.64,8.0,1,40,0
18.14,19.1,67.53,41.81,30.6,2,78,0
32.74,22.49,53.17,53.13,29.0,1,80,0
35.8,18.67,56.75,49.3,52.6,1,130,1
40.46,14.93,59.37,49.69,70.6,2,152,1
42.42,19.19,66.52,64.75,87.3,3,142,1
22.45,17.96,60.92,59.39,11.6,1,40,0
31.36,23.4,51.13,45.26,45.3,1,132,0
41.27,23.98,53.2,63.95,71.9,2,157,1
28.98,22.89,49.77,73.64,41.7,2,105,0
42.56,22.34,58.97,69.17,27.9,1,68,0
30.65,21.65,79.14,42.13,42.5,1,124,0
40.47,21.11,57.08,21.09,70.5,3,113,1
24.81,24.42,93.49,61.92,36.8,1,106,0
29.91,23.15,91.12,69.59,72.5,2,184,0
37.36,18.69,83.07,59.5,18.3,2,38,1
16.85,24.85,81.12,46.34,62.3,1,184,0
29.03,22.09,61.44,48.8,97.8,3,187,1
42.1,23.06,57.18,45.74,76.7,2,167,1
17.3,18.81,80.83,37.23,58.9,1,173,0
27.11,19.55,78.96,51.32,47.1,1,135,0
34.0,15.93,92.66,52.79,2.9,1,40,0
20.44,25.12,60.75,31.6,65.9,3,126,1
21.64,20.03,91.15,31.3,23.8,1,70,0
22.7,21.51,77.9,24.76,53.1,3,100,1
28.81,21.23,90.03,37.03,11.3,3,20,1
40.27,24.65,81.33,48.06,32.9,2,68,1
21.93,22.54,92.82,34.48,16.9,1,51,0
35.72,16.04,54.26,28.3,56.2,1,140,1
16.61,23.05,97.17,40.61,64.5,1,190,0
29.69,16.34,84.52,60.24,99.8,2,253,0
40.85,22.4,69.87,62.88,87.2,1,216,0
37.24,17.4,93.69,32.88,100.0,2,215,1
41.84,18.91,87.33,33.21,78.3,2,167,1
41.0,19.55,74.73,79.32,53.4,3,86,1
29.09,23.93,90.59,72.35,94.1,1,255,0
32.26,17.94,73.62,76.05,72.5,1,213,0
44.62,20.57,82.41,36.34,31.9,2,69,1
23.2,19.29,82.61,25.88,10.5,1,40,0
30.63,14.95,93.25,68.87,72.5,1,212,0
15.51,15.82,62.33,53.48,76.6,2,195,0
21.33,21.69,63.74,40.84,94.0,2,239,0
27.8,22.13,57.26,39.59,13.4,1,40,0
26.45,21.96,79.72,50.52,98.1,3,187,1
22.14,17.93,55.76,48.05,98.6,3,188,1
38.22,17.03,93.99,65.92,0.1,3,20,1
35.71,18.4,76.29,43.02,30.8,1,75,1
21.77,16.3,73.77,65.56,99.7,3,190,0
25.02,16.24,69.25,59.35,36.6,2,92,0
21.36,17.23,60.48,52.53,91.4,2,231,0
32.48,18.24,83.99,69.71,35.5,2,88,0
36.75,22.98,55.15,55.48,63.7,3,105,1
41.39,18.12,69.21,40.06,77.1,1,192,1
25.69,20.47,51.83,71.91,40.2,1,121,0
42.18,18.83,91.89,73.82,49.8,2,108,0
23.88,16.37,64.71,36.15,62.9,2,162,1
40.2,24.09,71.54,21.11,79.2,2,171,1
32.18,21.13,94.79,29.42,55.4,3,103,1
29.47,16.23,75.14,75.28,14.8,1,46,0
44.12,15.56,76.1,51.97,7.2,1,40,0
18.43,24.36,91.8,57.2,81.9,2,208,0
33.95,18.63,54.76,30.77,34.2,1,101,0
24.92,15.33,81.38,80.32,62.8,2,161,0
35.55,21.36,85.52,59.16,9.1,1,40,0
41.03,24.71,74.01,27.09,48.1,2,105,1
24.81,22.62,61.55,61.09,29.3,2,75,0
38.01,20.4,75.56,47.73,73.2,1,180,1
35.23,21.23,96.24,76.37,42.8,2,92,0
30.43,17.76,90.18,31.08,36.2,2,91,1
27.97,18.53,77.59,37.53,63.6,2,162,1
31.96,21.37,67.16,37.26,48.0,2,121,1
18.46,16.69,87.98,77.95,26.0,1,75,0
36.54,25.02,89.2,36.64,70.9,3,115,1
23.12,15.81,68.92,69.34,12.9,1,40,0
27.66,20.15,95.24,44.44,88.2,2,224,0
23.85,20.48,79.91,78.51,85.3,1,250,0
22.16,19.01,88.08,63.31,66.6,1,194,0
37.76,15.97,63.32,40.83,37.8,3,60,1
26.41,24.19,84.95,34.55,59.0,2,149,1
22.31,16.08,74.63,53.27,33.8,1,98,0
34.75,24.64,88.93,20.42,66.6,1,196,1
27.69,23.56,74.29,63.74,1.8,2,30,0
27.37,17.18,89.34,72.82,54.3,3,103,1
37.48,18.92,56.37,32.71,87.8,3,140,1
31.2,17.79,61.51,20.7,39.8,3,75,1
40.7,17.25,56.7,31.66,97.4,3,157,1
17.56,19.91,55.68,59.85,60.4,1,176,0
28.2,20.24,71.4,61.87,85.6,3,162,1
43.44,21.14,92.22,29.71,62.2,3,101,1
44.78,21.47,94.42,45.8,71.0,1,177,1
37.1,16.97,62.36,33.55,40.0,2,86,1
34.6,19.43,94.47,37.61,72.7,3,138,1
16.09,22.23,56.53,33.83,11.4,1,40,0
17.46,22.6,72.05,61.7,17.2,2,44,0
36.14,19.35,88.24,60.15,41.0,1,102,0
25.62,24.57,54.43,74.44,44.4,1,130,0
29.98,16.11,72.23,48.24,88.5,3,169,1
30.66,15.48,75.98,68.12,13.3,3,25,1
43.48,17.5,59.39,53.75,58.5,3,95,1
17.96,14.91,86.73,52.66,69.5,2,178,0
45.39,16.86,73.89,57.94,5.8,2,30,1
34.3,19.27,58.05,61.5,13.2,2,33,1
29.23,16.36,74.91,44.02,52.2,1,152,0
20.24,18.71,61.03,38.9,57.9,2,147,1
25.46,17.13,58.1,59.39,55.7,1,163,0
16.61,24.86,58.37,63.14,15.1,1,45,0
40.57,24.89,84.61,44.79,95.3,3,154,1
26.43,18.63,74.15,30.75,45.2,2,115,1
35.4,24.96,86.07,24.04,17.0,3,27,1
32.4,19.24,52.85,44.82,79.6,3,151,1
35.43,24.85,91.04,45.12,32.4,2,70,1
44.38,23.47,96.14,70.87,85.4,2,185,0
23.04,19.17,61.41,41.31,65.5,2,166,0
23.59,15.34,59.55,31.23,7.0,1,40,0
31.34,19.25,92.87,38.52,8.1,3,20,1
23.77,19.37,66.71,64.25,63.5,2,163,0
44.33,17.39,90.13,23.13,52.8,2,114,1
31.07,16.73,59.02,51.8,58.9,2,149,1
35.84,23.84,97.07,63.01,93.0,2,236,1
35.1,18.79,95.46,73.53,43.6,3,70,1
17.37,21.09,86.17,33.16,27.2,2,69,1
26.14,21.2,96.37,43.61,67.7,1,199,0
34.06,19.77,54.02,80.6,75.8,1,220,0
45.0,19.9,76.43,44.83,15.0,3,24,1
23.69,17.43,92.45,28.56,48.5,2,126,1
37.55,18.46,58.84,33.74,89.8,3,144,1
35.93,24.57,71.82,58.49,54.0,3,87,1
39.89,20.58,88.08,27.39,63.8,1,159,1
32.53,19.93,90.1,33.81,38.2,1,110,0
43.28,22.06,53.64,54.95,90.9,2,197,1
40.58,15.2,96.21,79.58,59.5,2,129,0
18.8,22.35,66.93,31.92,55.0,1,159,0
44.42,19.41,63.03,24.52,73.6,1,182,1
43.93,22.62,60.1,38.02,9.1,2,30,1
39.72,16.03,92.06,55.44,45.7,1,114,0
30.65,17.95,64.99,33.45,14.6,3,27,1
25.56,17.17,53.69,62.14,50.0,2,128,0
35.96,23.51,66.91,73.26,34.8,3,55,1
19.21,20.36,91.16,41.8,75.7,3,145,1
20.72,19.06,68.77,63.24,19.0,2,49,0
27.25,15.47,75.65,55.74,73.7,2,187,0
24.91,22.03,89.59,43.09,74.7,3,142,1
18.09,19.89,52.66,38.1,58.6,3,112,1
18.46,23.01,88.46,39.68,29.8,3,57,1
21.15,16.69,74.62,59.85,7.8,3,20,0
39.68,17.87,56.34,45.03,8.9,3,20,1
21.22,20.93,72.17,22.5,27.0,3,52,1
26.79,23.32,70.9,60.33,30.9,2,78,0
35.74,15.62,74.92,32.8,32.6,2,70,1
44.15,23.75,55.68,40.09,25.2,1,63,1
22.97,23.21,72.01,46.05,69.9,2,178,0
38.45,15.33,65.21,54.54,41.7,2,88,1
30.18,15.98,50.17,41.22,77.1,3,143,1
33.14,16.77,81.44,47.93,61.5,2,158,1
44.96,20.31,63.3,58.89,27.2,3,44,1
41.83,23.66,71.07,28.65,0.8,1,40,1
27.6,17.12,96.49,29.43,91.1,2,232,1
34.62,17.97,96.31,54.11,91.3,3,173,1
16.42,20.61,91.77,32.17,17.9,1,53,0
37.35,21.75,64.82,46.6,21.0,1,51,1
21.37,24.12,64.0,24.69,68.8,3,132,1
24.88,20.4,53.51,28.91,94.8,1,255,0
41.17,18.89,64.17,49.81,72.3,1,178,1
32.83,23.89,51.23,29.09,63.0,2,159,1
21.41,19.66,63.28,47.48,77.0,1,225,0
32.54,21.16,67.65,42.65,68.4,1,201,0
43.35,17.84,61.12,32.79,57.4,3,90,1
24.01,15.7,73.39,71.8,11.8,2,30,0
32.32,21.28,87.13,56.76,59.7,2,151,1
31.57,23.0,79.11,63.32,23.1,1,67,0
32.01,18.22,72.71,57.73,94.3,3,178,1
18.72,19.35,97.25,23.77,70.6,1,204,1
31.1,15.58,96.12,68.02,15.4,2,38,0
33.55,15.3,67.7,25.79,29.4,3,57,1
35.38,21.71,63.35,21.94,20.4,1,49,1
20.63,17.51,94.86,24.47,55.9,3,104,1
38.99,18.13,83.9,54.7,95.5,2,208,1
35.31,24.22,81.49,49.74,3.9,3,20,1
21.46,19.38,52.3,29.91,94.7,3,179,1
16.4,23.42,56.35,46.13,47.4,3,91,1
34.13,19.43,64.48,63.72,54.7,3,105,1
19.11,16.77,98.19,38.2,58.6,2,149,1
23.75,22.63,84.84,79.25,93.0,1,255,0
39.22,23.39,83.81,23.72,67.1,2,145,1
17.0,25.08,52.21,66.18,4.2,1,40,0
29.13,24.8,57.99,60.05,57.8,2,147,0
40.59,22.59,88.62,46.71,32.3,3,52,1
18.2,21.6,50.89,55.38,84.3,1,246,0
43.02,18.75,55.2,46.13,79.2,2,170,1
43.05,24.84,95.2,68.73,70.5,3,114,1
43.61,24.81,55.5,28.45,35.6,3,58,1
33.42,25.07,83.53,63.14,20.0,3,37,1
33.83,17.15,60.8,72.04,71.9,1,212,0
24.08,15.44,73.0,55.54,5.3,3,20,0
36.17,15.63,69.89,69.8,73.6,1,183,0
27.84,15.28,81.57,63.08,63.1,3,120,1
28.29,22.6,68.65,70.31,43.3,2,110,0
42.67,17.51,64.48,41.73,85.3,1,214,1
34.65,15.46,81.04,68.67,35.7,2,90,0
40.34,24.91,54.97,26.31,80.3,3,130,1
21.63,19.98,96.03,70.76,93.8,3,180,0
24.46,22.43,83.28,30.3,59.2,3,114,1
38.35,18.92,87.05,26.74,67.6,2,147,1
23.63,16.13,86.82,46.8,18.2,1,51,0
25.05,22.28,91.2,32.18,35.3,2,90,1
19.77,21.26,87.9,58.21,79.2,2,202,0
31.36,25.17,86.49,21.85,71.6,3,136,1
37.15,19.81,85.29,48.57,12.7,1,40,1
20.53,16.82,71.14,33.28,30.3,1,86,0
21.42,15.26,65.12,45.61,6.5,1,40,0
27.09,15.95,64.14,50.3,18.4,2,47,0
20.32,20.39,96.35,40.45,74.0,3,141,1
33.71,20.71,60.03,79.84,42.4,3,80,1
27.59,22.59,57.58,61.84,76.3,2,191,0
24.11,18.85,73.38,61.4,77.3,2,197,0
26.56,24.78,86.98,46.87,54.3,1,158,0
19.87,21.86,81.07,68.77,14.2,2,35,0
29.14,20.83,88.9,52.85,73.7,1,216,0
27.08,22.63,77.29,21.39,47.0,2,119,1
22.49,19.11,85.77,43.73,2.6,2,30,0
23.36,15.72,86.04,61.5,61.0,1,178,0
37.53,18.21,83.05,77.35,7.1,1,40,0
36.06,23.57,59.91,61.51,34.9,3,57,1
36.32,23.96,91.88,32.8,82.9,1,207,1
28.43,19.67,86.48,42.96,16.1,3,31,1
28.17,23.76,97.63,60.97,85.4,2,220,0
26.13,21.33,51.89,54.33,28.2,3,53,1
29.28,19.42,66.48,26.12,54.3,2,138,1
16.8,20.35,91.26,65.91,69.7,2,178,0
18.14,16.79,71.78,50.1,27.0,2,68,0
32.42,18.68,61.37,68.71,10.3,3,20,1
44.15,15.94,66.85,24.17,84.8,2,185,1
20.31,16.94,66.71,29.7,16.0,3,29,1
34.15,16.13,79.23,28.67,38.8,3,76,1
30.55,21.88,82.96,42.34,88.7,2,223,1
34.18,23.68,85.62,48.26,98.0,2,251,1
36.43,15.29,83.41,70.62,47.0,2,101,0
18.1,15.62,58.96,51.44,97.1,3,185,1
37.05,15.87,81.36,47.17,88.5,1,220,1
16.22,23.49,77.25,43.31,40.6,3,78,1
24.6,19.27,78.85,62.69,16.5,1,48,0
37.25,24.26,80.06,77.11,8.9,1,40,0
25.49,15.1,93.56,51.03,67.5,1,196,0
28.57,24.23,53.53,66.32,36.6,3,69,1
35.54,20.81,94.94,68.73,55.8,2,120,0
24.92,22.54,62.18,27.48,54.1,2,140,1
40.19,17.24,84.44,46.77,100.0,1,248,1
22.64,16.59,95.81,32.1,80.7,1,236,0
33.21,15.5,90.5,36.22,99.1,2,252,1
25.2,15.36,80.95,68.7,94.6,3,180,0
31.73,20.61,97.55,75.5,39.4,2,101,0
42.9,23.65,75.61,73.03,93.0,1,229,0
19.55,16.88,71.64,76.57,36.3,3,69,0
25.39,20.91,92.15,76.94,2.4,1,40,0
18.0,19.61,81.98,36.28,7.8,1,40,0
22.7,24.79,51.07,39.86,25.8,3,49,1
26.7,23.13,57.3,64.11,49.6,3,93,1
26.32,20.76,93.85,77.86,23.0,2,57,0
37.25,18.2,50.14,29.05,35.7,2,75,1
16.18,17.74,79.75,23.79,11.1,1,40,1
38.04,18.36,65.68,43.52,18.7,1,47,1
28.58,24.63,73.49,58.26,62.3,1,183,0
27.6,15.53,68.02,54.34,88.1,1,255,0
38.89,15.37,79.2,51.18,29.1,1,73,0
24.5,23.73,91.33,57.47,31.7,2,79,0
29.1,17.82,50.75,32.87,70.6,1,205,0
36.04,22.46,57.8,53.3,84.7,1,211,0
34.16,18.18,57.39,74.25,69.3,3,132,1
30.77,15.72,60.05,46.59,47.5,1,138,0
42.62,19.31,96.09,45.74,66.6,3,108,1
35.26,17.14,60.35,38.21,67.5,2,147,1
20.65,21.96,86.88,35.24,71.8,1,209,0
40.27,20.91,88.5,44.72,59.6,1,147,1
24.06,20.86,69.51,59.19,48.7,3,92,0
25.96,21.44,95.78,67.41,69.5,2,175,0
22.2,24.51,69.43,59.46,3.7,2,30,0
32.37,24.36,94.29,77.42,89.9,2,228,0
24.41,24.68,90.45,64.39,2.2,1,40,0
32.95,19.5,65.09,42.48,37.2,2,94,1
30.59,19.85,82.82,77.55,35.8,3,70,1
37.34,23.65,53.28,53.2,75.9,1,189,0
35.47,17.65,91.72,32.53,60.1,1,149,1
22.14,21.59,90.19,28.48,44.0,1,128,0
24.22,22.52,83.02,58.6,41.9,3,80,0
26.42,20.85,81.4,31.77,17.9,1,54,0
23.8,18.67,49.71,23.18,68.2,1,199,1
35.45,21.4,79.95,49.13,51.8,1,129,0
41.43,16.36,90.49,44.0,27.9,2,59,1
39.2,15.85,66.01,39.46,33.0,3,53,1
44.08,21.26,67.38,68.7,8.9,3,20,1
35.46,21.67,93.19,27.19,32.0,2,68,1
32.07,24.3,72.28,28.51,84.5,1,245,0
38.01,17.28,64.84,48.66,1.4,3,20,1
37.35,23.2,77.39,48.4,38.0,1,95,1
31.04,19.12,69.33,51.58,98.3,3,187,1
41.85,19.74,65.19,29.2,67.6,3,109,1
44.99,19.9,56.17,30.34,32.3,1,80,1
37.07,17.6,73.74,48.33,79.5,1,198,1
44.28,19.15,62.15,29.43,28.3,3,46,1
44.87,21.92,67.65,50.75,100.0,3,162,1
32.84,16.28,69.94,40.32,35.3,2,89,1
38.94,22.49,62.9,71.19,0.2,2,30,0
34.88,18.42,75.74,36.04,30.0,3,58,1
31.73,15.7,88.29,78.44,18.4,2,46,0
41.48,17.94,66.48,54.81,91.2,2,198,1
23.03,23.94,61.59,57.77,88.5,1,255,0
41.7,16.14,64.2,48.56,95.8,2,207,1
34.81,18.78,67.66,63.31,30.6,1,77,0
26.42,23.28,60.65,67.24,69.5,3,133,1
43.05,24.28,51.68,51.38,0.0,3,20,1
29.28,21.61,93.59,29.05,39.7,2,101,1
31.22,24.89,88.75,77.0,73.1,1,214,0
39.48,23.09,57.59,49.09,47.7,2,104,1
20.36,16.8,88.8,55.03,95.2,2,243,0
37.17,19.47,77.54,38.09,24.1,1,60,1
16.77,16.56,65.9,41.03,84.0,3,162,1
34.4,16.85,60.99,58.02,99.0,3,189,1
22.36,15.83,80.17,26.33,37.3,1,109,0
24.73,23.47,82.14,71.9,97.7,3,186,0
17.87,19.16,85.68,55.39,16.9,1,51,0
17.67,21.09,52.15,63.43,66.9,2,170,0
42.78,24.17,77.82,43.57,9.3,1,40,1
43.77,24.34,87.66,37.3,24.9,1,61,1
19.51,22.86,94.15,54.57,48.9,2,123,0
16.25,21.3,50.58,23.95,40.8,3,78,1
22.08,23.5,89.3,73.17,90.4,2,233,0
41.52,21.28,92.53,50.93,9.3,1,40,0
19.64,17.13,76.33,79.63,6.4,1,40,0
16.03,19.18,78.92,30.94,25.6,2,65,1
20.22,15.24,50.32,66.32,4.7,3,20,1
24.04,24.38,94.83,44.85,39.3,3,75,1
16.57,24.04,86.99,26.69,5.3,2,30,1
34.24,17.92,65.19,28.14,40.9,2,105,1
25.47,20.85,79.29,61.79,75.6,1,221,0
17.73,16.49,69.92,32.08,28.5,2,73,1
18.08,17.24,53.11,55.83,79.9,3,152,1
32.78,21.78,84.95,63.83,92.6,3,179,1
44.24,19.03,58.88,30.33,17.2,3,28,1
26.32,17.64,94.21,37.48,43.8,1,127,0
40.94,25.04,84.08,39.97,30.9,2,66,1
23.91,21.02,62.41,69.73,47.1,3,91,0
24.56,16.0,71.74,74.8,64.8,2,166,0
34.55,22.95,57.71,61.38,78.6,2,200,1
38.08,16.45,87.87,71.28,64.4,2,138,0
18.25,23.02,77.21,71.01,98.6,1,255,0
22.31,22.37,95.27,39.82,49.4,2,125,1
43.99,21.29,62.02,42.05,97.1,3,158,1
26.45,20.85,74.51,51.12,82.9,3,158,1
27.18,22.05,93.83,64.39,17.7,2,45,0
41.79,17.92,77.13,33.87,79.0,1,198,1
36.66,20.18,49.94,33.73,70.5,1,176,1
44.39,18.41,90.04,80.38,58.3,2,127,0
38.99,23.34,87.04,32.11,69.1,2,150,1
17.5,20.64,89.56,71.7,23.6,1,69,0
19.24,20.56,83.48,57.84,80.2,1,234,0
21.26,16.37,50.91,42.59,34.4,2,86,0
26.8,23.59,55.69,57.97,13.6,2,34,0
33.2,20.2,63.78,26.25,73.0,3,140,1
43.85,15.48,97.66,71.68,42.8,1,105,0
32.98,20.73,95.36,43.75,30.5,1,88,0
35.27,20.8,52.09,80.58,2.3,1,40,0
27.06,17.28,66.69,33.84,27.2,1,79,0
20.26,23.55,61.45,76.37,22.2,1,66,0
33.98,24.39,79.01,44.35,19.7,3,37,1
19.11,18.38,57.27,55.85,47.3,1,139,0
20.07,24.74,63.88,44.4,86.5,2,222,0
37.42,16.63,93.99,29.71,35.9,1,92,1
36.73,20.31,67.2,24.58,59.7,2,129,1
36.09,16.13,81.21,43.55,32.5,2,71,1
16.36,21.25,62.46,60.73,14.5,3,27,0
16.12,17.32,66.25,63.32,54.4,3,104,0
39.37,20.18,55.39,43.22,93.7,1,232,1
32.04,17.94,75.56,62.94,65.6,3,124,1
42.9,20.99,91.2,36.52,44.0,2,93,1
16.91,24.45,88.75,35.49,97.1,3,187,1
29.7,19.57,86.76,51.15,32.3,2,82,0
27.57,23.98,68.17,76.92,46.5,2,117,0
30.24,16.17,83.62,24.1,9.8,2,30,1
38.08,20.53,88.95,33.82,83.3,3,135,1
21.0,16.14,57.47,33.29,5.8,3,20,1
35.02,24.44,93.13,26.98,27.2,3,50,1
30.02,16.9,94.43,61.34,16.3,2,43,0
28.96,22.08,98.56,20.76,3.9,2,30,1
35.03,14.86,81.89,41.94,91.8,3,150,1
19.52,22.33,62.26,21.31,42.0,3,80,1
37.0,20.77,79.21,41.41,84.1,3,136,1
29.69,22.05,78.82,78.1,58.3,3,111,1
37.24,18.6,94.4,22.25,65.2,2,141,1
45.11,18.29,54.49,45.49,54.3,2,117,1
31.55,23.07,84.23,77.97,2.4,1,40,0
43.98,18.1,53.14,65.87,82.7,3,135,1
33.81,19.86,84.13,21.99,56.8,1,165,1
19.17,20.73,55.98,35.43,46.1,1,134,0
26.89,21.16,50.99,53.94,97.8,1,255,0
16.85,23.5,49.62,59.53,7.4,3,20,1
25.05,16.89,56.4,41.66,92.8,2,236,0
37.91,22.73,60.5,29.96,92.7,1,229,1
37.36,23.42,80.82,48.16,29.8,1,73,1
18.58,20.66,89.77,42.0,20.3,1,58,0
22.37,18.35,56.35,45.53,3.5,2,30,0
41.84,19.28,93.2,27.31,64.1,1,158,1
33.36,20.6,66.81,67.19,8.8,3,20,1
32.09,15.83,88.03,65.08,82.0,3,156,1
27.76,16.55,63.14,62.04,84.8,3,163,1
38.05,19.59,81.91,60.02,12.0,2,30,1
22.23,17.2,89.96,50.17,70.1,2,178,0
32.38,18.68,75.54,55.4,88.2,1,255,0
36.38,21.04,69.06,76.62,51.3,2,111,0
40.9,22.34,68.65,39.91,46.9,1,119,1
38.89,20.44,64.87,40.6,75.6,3,123,1
32.83,24.47,68.56,62.29,96.3,2,245,1
42.68,24.79,88.03,44.36,47.8,2,104,1
42.07,16.89,76.19,26.13,15.7,3,25,1
36.8,22.58,51.2,43.54,77.2,1,192,1
28.91,19.26,72.23,63.25,37.4,2,94,0
37.75,22.05,50.71,75.52,84.0,1,206,0
43.54,23.44,63.63,51.19,5.8,1,40,0
35.71,22.67,64.12,24.17,14.5,3,24,1
23.95,17.29,91.8,59.11,56.6,1,164,0
34.35,15.53,64.87,75.9,13.1,2,34,0
30.17,20.99,79.32,75.66,66.2,1,193,0
23.15,19.23,80.92,35.22,22.9,2,59,1
17.78,20.15,53.28,41.53,2.5,1,40,0
23.27,21.56,85.9,27.96,78.7,3,148,1
28.5,19.32,59.66,74.33,75.3,3,144,1
15.47,19.67,80.28,46.26,12.5,2,32,0
27.47,24.11,59.38,54.4,39.1,3,74,1
25.35,15.94,84.03,36.23,23.1,1,68,0
31.93,21.0,53.33,70.21,47.2,1,140,0
34.07,16.18,51.31,20.0,32.4,3,62,1
30.64,17.13,51.2,73.33,7.1,3,20,1
30.05,21.48,84.96,66.36,66.6,1,196,0
18.76,22.65,79.05,42.35,17.4,1,50,0
31.9,20.03,75.41,39.9,65.9,3,125,1
41.15,15.8,75.99,69.04,98.2,3,160,1
40.06,24.86,72.71,39.77,92.5,2,201,1
39.45,19.88,55.33,72.88,34.0,2,73,0
44.52,15.49,75.62,74.67,94.7,1,235,0
22.01,19.58,93.53,56.53,71.2,3,137,0
27.35,24.37,70.16,52.93,75.2,2,190,0
33.97,22.37,63.76,54.92,15.0,2,36,1
19.89,19.67,52.95,26.77,95.5,3,181,1
40.19,24.48,65.06,43.11,2.4,1,40,1
41.42,20.9,56.6,22.08,25.2,1,60,1
16.89,22.9,75.92,42.06,96.2,1,255,0
30.18,21.37,65.7,70.0,37.1,3,71,1
40.37,22.81,80.98,71.77,70.7,1,176,0
37.99,18.06,96.29,79.13,92.9,3,150,1
43.72,17.4,54.77,48.98,79.1,2,171,1
35.4,21.83,67.6,70.31,98.3,3,159,1
22.07,15.52,70.19,25.02,29.3,1,85,1
30.14,24.11,60.5,35.57,12.6,2,32,1
16.84,19.39,78.1,76.28,63.2,2,159,0
26.4,17.97,95.31,22.23,44.9,2,113,1
37.63,24.46,93.23,50.47,48.9,3,79,1
25.98,23.93,57.32,75.43,35.5,2,89,0
32.01,20.63,65.58,77.62,62.1,1,179,0
28.41,21.44,51.42,33.42,62.0,3,117,1
41.73,20.08,79.25,54.4,7.8,2,30,1
36.28,21.79,93.96,52.0,43.1,3,68,1
24.21,20.87,84.75,69.91,44.4,1,132,0
36.64,18.53,74.52,58.47,43.3,3,71,1
32.91,24.32,57.14,39.11,44.4,2,111,1
26.89,22.95,64.14,27.0,26.3,2,65,1
42.19,23.63,64.93,37.92,98.6,3,160,1
23.57,21.62,53.38,35.79,21.4,2,53,1
33.79,17.79,79.56,42.77,34.0,1,98,0
17.38,21.92,64.75,34.05,32.0,1,95,0
21.16,21.14,83.25,29.2,73.7,2,188,1
32.1,15.58,80.74,58.65,13.9,3,27,1
44.89,20.84,88.83,43.88,75.6,2,164,1
23.85,23.65,57.52,67.59,67.5,1,197,0
28.79,23.63,84.37,41.19,72.1,2,184,0
15.66,22.64,54.29,47.46,41.1,3,79,1
15.6,15.38,80.24,50.95,43.8,1,127,0
40.99,24.18,77.99,61.1,71.2,3,113,1
42.03,17.09,55.78,61.24,82.0,1,205,0
17.39,18.81,74.65,76.89,53.0,1,153,0
24.12,15.44,81.1,59.18,80.3,3,153,0
38.84,19.95,79.05,57.53,12.6,3,20,1
36.74,16.53,83.8,21.87,15.4,3,24,1
33.36,15.92,69.85,35.81,48.5,1,142,0
34.78,16.07,87.38,23.6,10.4,1,40,1
22.37,21.21,94.05,67.01,28.0,2,69,0
39.04,18.3,62.39,66.73,38.6,2,82,0
37.86,15.9,93.92,28.21,19.8,2,41,1
37.53,21.1,82.42,65.15,13.7,1,40,0
37.82,15.41,93.89,73.39,53.7,3,86,1
42.19,15.86,86.39,35.62,17.6,2,38,1
32.9,23.15,56.15,27.81,12.9,3,22,1
41.92,25.42,73.46,68.5,57.0,1,141,0
38.2,22.26,94.35,33.08,83.4,2,179,1
24.62,16.9,74.99,54.36,82.8,3,157,1
36.94,23.25,94.87,56.37,84.5,3,137,1
26.86,25.0,64.25,30.82,36.4,1,107,0
39.53,19.28,96.86,51.83,84.0,3,137,1
41.93,25.17,86.84,48.92,1.4,3,20,1
20.96,23.57,92.9,25.67,96.6,2,246,1
22.52,20.76,85.9,39.62,60.0,3,115,1
30.22,15.03,68.81,60.74,52.3,2,132,1
36.06,23.17,66.46,62.14,65.6,2,141,1
38.95,16.0,91.58,70.59,68.1,2,147,0
26.23,16.41,75.55,42.5,73.9,1,215,0
37.8,18.93,84.03,28.21,90.3,1,227,1
30.54,16.49,81.72,23.41,36.1,3,69,1
28.42,16.36,81.19,34.11,10.1,1,40,0
43.99,16.86,85.74,26.91,64.3,2,140,1
39.15,17.97,64.11,69.54,14.7,1,40,0
23.05,23.8,90.64,40.38,6.7,3,20,1
33.92,20.22,77.56,25.51,48.0,1,140,0
30.19,20.35,91.99,72.93,52.4,1,154,0
17.36,19.99,60.73,51.04,13.9,1,41,0
20.69,15.42,51.75,62.77,19.3,1,56,0
44.29,16.1,86.94,42.24,86.7,3,140,1
23.61,24.49,70.42,27.99,59.3,1,173,0
29.25,19.59,65.95,48.51,91.8,2,234,0
23.34,21.46,60.59,58.0,9.3,2,30,0
16.85,23.44,73.07,54.26,36.4,2,94,0
37.54,22.51,77.6,35.06,25.8,3,41,1
40.1,19.54,86.9,25.68,88.5,3,142,1
30.7,17.42,77.87,64.51,98.5,3,186,1
20.06,20.89,92.74,44.61,67.9,1,196,0
24.88,19.26,51.51,57.02,41.5,1,124,0
39.23,17.16,71.01,45.12,75.6,1,192,1
18.26,19.69,63.34,36.27,21.9,1,65,0
29.46,24.13,58.32,74.83,71.5,2,183,0
15.82,23.77,63.48,24.3,9.0,3,20,1
24.68,19.38,64.38,75.33,4.4,3,20,0
34.99,15.55,69.12,52.57,29.2,3,56,1
38.22,18.66,76.47,43.66,71.9,1,178,1
24.18,20.36,58.61,39.66,100.0,1,255,0
39.9,23.67,74.96,64.21,38.1,3,61,1
42.36,22.47,52.91,48.16,43.0,2,94,1
37.65,22.47,87.32,47.07,17.0,2,38,1
29.41,20.64,71.26,75.36,28.9,1,83,0
44.31,22.79,71.26,60.35,76.4,1,193,0
43.53,18.32,56.39,36.58,24.2,3,38,1
20.5,16.48,52.24,44.43,80.9,1,237,0
20.41,22.27,70.45,25.76,63.9,3,121,1
32.01,16.71,57.23,54.11,36.1,2,93,1
42.12,22.95,93.23,38.63,2.5,3,20,1
24.88,19.36,63.36,47.54,1.1,3,20,1
30.03,21.75,72.42,58.86,30.3,1,90,0
23.73,21.66,54.17,76.6,78.2,3,150,1
32.26,19.4,71.96,52.53,98.2,3,187,1
21.27,23.28,70.16,68.75,53.4,2,135,0
42.95,21.83,81.83,34.62,83.4,2,179,1
38.1,19.93,91.57,52.28,76.8,1,190,0
19.34,21.1,91.57,25.83,85.2,1,249,0
37.17,21.62,52.31,21.36,34.1,3,57,1
28.39,21.06,81.61,28.74,49.6,2,127,1
19.77,18.71,76.39,25.29,59.8,3,115,1
29.43,22.66,94.74,42.01,78.1,3,150,1
44.49,15.76,53.99,27.83,43.0,1,107,1
24.06,14.71,91.07,52.61,97.8,2,248,0
21.03,21.11,66.22,50.61,62.4,3,118,1
22.59,20.24,72.98,47.52,78.7,2,203,0
23.97,25.18,53.81,46.65,62.4,3,118,1
40.88,21.45,73.29,42.69,21.8,3,36,1
28.47,18.01,93.9,38.96,35.1,1,101,0
42.58,18.93,76.42,74.13,99.2,1,247,0
41.25,23.8,67.89,38.39,44.0,1,111,1
35.65,20.32,94.01,27.19,22.1,1,54,1
17.8,17.64,88.97,51.06,3.6,1,40,0
33.05,18.28,54.0,76.88,53.5,1,157,0
34.85,25.18,53.87,46.4,53.2,1,132,1
33.14,19.92,81.86,46.35,52.9,1,153,0
21.42,18.67,52.45,63.98,15.0,2,37,0
24.77,20.98,59.15,62.74,0.4,3,20,0
43.81,22.73,84.74,48.98,38.6,1,97,1
39.98,17.12,75.39,55.21,41.8,3,69,1
16.63,22.59,75.97,48.82,42.5,2,107,0
31.37,23.66,82.22,69.4,4.0,3,20,1
17.98,24.22,64.47,28.6,9.8,3,20,1
44.82,18.63,97.12,28.89,76.9,3,124,1
17.68,16.49,50.2,66.19,81.6,3,155,1
40.5,20.2,78.74,22.81,86.1,1,214,1
30.38,21.76,68.4,21.44,97.3,3,186,1
41.26,16.7,92.21,79.0,6.1,2,30,0
28.15,21.6,60.81,48.33,65.8,2,166,0
43.3,15.07,70.96,57.95,0.9,2,30,1
20.93,17.67,82.54,71.76,80.0,2,203,0
34.31,19.73,66.15,28.84,35.8,2,90,1
35.52,19.95,50.78,57.4,35.2,3,57,1
19.14,17.87,58.55,77.51,40.9,3,78,0
20.85,16.7,96.32,51.14,17.6,3,35,1
40.52,23.23,52.76,43.69,2.3,3,20,1
16.53,22.78,61.77,27.44,69.6,3,133,1
42.09,21.1,78.01,29.52,7.2,1,40,1
28.13,21.51,91.8,60.12,84.3,3,160,1
15.55,19.85,64.29,75.63,8.2,1,40,0
26.28,21.03,97.37,64.88,68.4,3,131,1
27.81,16.33,54.4,56.24,18.4,1,55,0
35.17,21.65,56.21,57.84,40.2,3,65,1
30.93,18.79,90.87,74.32,32.6,3,62,1
41.1,24.82,70.66,23.01,31.1,3,49,1
28.21,20.16,52.34,36.25,36.9,3,70,1
31.55,18.63,73.28,31.56,50.3,2,127,1
27.88,24.5,71.5,21.54,48.5,3,91,1
30.44,22.74,74.43,45.17,1.8,3,20,1
24.36,17.68,91.41,20.76,18.1,2,46,1
38.37,16.73,89.22,72.16,70.2,1,176,0
31.4,18.28,90.23,33.08,89.2,1,255,0
26.83,20.8,50.66,41.74,53.5,1,156,0
35.21,21.32,98.44,28.45,3.0,1,40,1
36.34,18.93,58.53,42.49,85.8,1,212,1
37.44,20.03,83.31,31.12,67.1,3,108,1
28.21,19.45,67.62,30.14,84.6,1,246,0
16.68,19.52,65.23,34.56,64.4,3,123,1
44.95,21.83,81.95,59.2,69.7,2,150,1
16.85,20.1,96.07,78.47,52.8,2,135,0
32.49,20.62,79.39,70.33,71.7,1,208,0
20.73,21.43,76.36,29.36,69.2,3,131,1
20.96,22.84,49.55,51.03,50.7,2,131,0
34.63,22.75,65.26,75.15,94.3,1,233,0
28.74,15.24,87.57,62.13,23.1,3,44,1
20.25,21.74,82.34,29.17,2.8,2,30,1
23.35,22.31,60.78,33.85,55.0,1,160,0
33.1,18.34,60.07,44.7,29.4,2,73,1
36.16,19.29,57.5,46.08,13.1,1,40,1
23.82,24.96,72.04,67.56,49.6,1,144,0
21.64,19.64,96.61,54.04,94.1,1,255,0
30.11,23.5,86.78,59.08,89.2,1,255,0
26.29,16.37,75.45,28.09,81.5,3,156,1
22.7,17.58,63.26,54.52,25.6,3,47,1
29.16,21.2,95.9,55.36,6.6,1,40,0
26.48,21.05,95.2,54.09,63.6,2,162,0
20.5,22.83,58.39,35.5,21.0,2,52,1
25.59,23.91,75.32,51.1,67.4,3,128,1
31.57,19.28,89.93,24.45,57.5,1,167,1
27.83,21.63,90.0,73.57,10.5,3,20,1
24.26,17.83,52.69,35.36,49.0,2,125,1
20.78,22.02,96.13,54.39,10.3,3,20,1
18.3,19.04,80.74,43.13,100.0,1,255,0
32.28,20.9,53.89,65.91,91.5,1,255,0
36.86,17.54,75.63,71.16,29.6,1,73,0
25.56,24.3,65.93,36.87,50.1,1,144,0
37.79,16.95,58.69,41.87,85.1,1,212,1
44.59,18.43,67.06,28.37,66.9,2,146,1
31.81,23.29,58.83,35.44,92.9,1,255,0
27.74,25.0,61.87,35.82,5.4,2,30,1
21.11,19.03,71.32,51.09,81.4,3,154,1
31.11,17.03,79.49,77.83,13.0,1,40,0
18.49,19.56,57.79,62.28,57.5,2,145,0
36.97,22.53,74.66,20.47,26.0,3,42,1
23.19,24.8,64.21,29.18,70.9,3,137,1
36.4,18.71,64.69,75.99,25.8,2,56,0
40.98,22.51,82.13,47.42,50.7,1,126,1
26.49,19.17,55.53,32.92,25.1,3,50,1
19.63,18.24,69.88,21.54,43.6,2,111,1
40.35,17.3,57.97,41.11,39.8,1,99,1
30.27,22.45,67.23,74.86,54.1,1,159,0
30.37,18.26,82.54,30.69,38.9,2,100,1
23.24,17.55,61.12,30.47,66.8,3,127,1
19.75,16.25,66.5,24.01,24.3,1,70,1
42.93,18.26,96.21,76.1,66.1,2,143,0
16.78,18.78,58.95,21.25,35.5,1,104,1
25.82,23.27,85.34,63.33,1.6,3,20,1
36.42,17.29,96.27,68.97,43.9,2,93,0
43.39,17.97,89.93,61.06,86.1,3,138,1
19.16,19.08,62.98,47.92,77.3,1,227,0
33.16,22.25,91.73,77.24,9.7,1,40,0
29.06,24.14,95.48,62.55,37.8,3,71,1
17.03,21.8,79.44,61.09,26.3,2,66,0
18.18,24.7,79.95,79.17,33.5,2,86,0
25.03,18.72,80.61,30.94,76.8,1,224,0
30.62,15.11,80.15,63.5,88.6,2,225,1
40.13,15.31,55.01,36.32,62.5,3,102,1
27.8,18.35,88.41,75.82,76.0,1,222,0
42.25,25.01,90.34,53.35,71.4,1,178,0
17.41,23.04,62.24,21.46,40.5,3,75,1
21.19,18.34,62.9,45.21,53.1,2,135,0
38.34,17.88,89.92,30.41,12.2,1,40,1
29.04,19.31,52.4,70.17,86.0,2,217,0
26.23,15.43,85.98,35.59,47.4,2,120,1
19.81,20.51,95.11,71.89,84.3,1,249,0
26.61,17.9,82.73,53.89,84.7,3,162,1
27.27,15.98,66.97,66.82,62.4,2,156,0
26.37,22.76,72.66,70.8,25.1,1,74,0
20.78,21.16,72.02,29.84,41.9,1,120,0
18.19,19.36,65.51,70.91,70.6,1,207,0
17.65,20.48,73.85,19.88,47.8,3,92,1
35.64,20.81,91.39,56.47,56.8,1,143,0
34.64,19.06,63.28,36.28,23.4,3,37,1
16.81,20.23,70.5,34.27,33.3,2,84,1
24.63,23.62,74.32,69.69,37.1,2,95,0
33.13,16.21,63.01,70.25,0.5,1,40,0
44.67,18.71,61.04,57.98,79.9,2,173,1
37.94,21.74,87.26,47.93,91.9,2,198,1
35.82,22.65,90.01,20.79,63.3,2,160,1
30.85,18.29,67.93,51.38,52.4,2,135,1
33.33,17.03,92.26,48.84,11.8,2,30,1
38.05,23.53,90.19,44.22,87.3,1,216,1
20.83,19.74,61.72,77.61,49.2,1,143,0
42.24,20.76,84.84,57.39,83.3,1,207,0
33.93,15.78,66.98,33.39,34.5,1,99,0
39.16,22.45,93.0,32.04,10.6,3,20,1
35.52,20.02,93.64,77.74,81.4,1,204,0
44.7,22.26,69.36,23.94,60.0,1,149,1
17.4,18.74,94.78,51.19,80.7,3,153,1
22.89,16.45,66.59,75.25,54.2,3,104,0
37.25,15.5,64.37,25.77,99.6,3,162,1
32.44,22.79,66.31,65.41,43.5,1,129,0
34.59,18.0,70.26,33.38,6.2,1,40,0
19.45,17.0,91.55,39.97,80.3,3,153,1
39.53,20.47,63.62,50.39,97.2,2,208,1
27.61,21.77,97.5,58.87,34.3,2,87,0
37.79,15.12,72.73,64.12,78.5,3,127,1
28.93,24.0,86.04,29.84,57.2,1,167,0
19.19,15.77,90.3,63.07,41.1,2,105,0
39.65,20.09,85.05,73.84,3.1,3,20,1
39.96,17.95,53.22,49.2,91.8,2,198,1
38.72,20.1,70.59,30.26,83.9,3,137,1
43.27,20.67,72.51,53.22,30.6,2,67,1
22.63,22.72,89.55,55.23,65.5,3,124,0
21.78,19.59,54.94,23.82,8.3,2,30,1
36.13,23.52,63.88,30.91,7.2,3,20,1
23.16,18.12,75.5,22.01,38.8,3,73,1
17.86,24.89,70.68,39.06,97.6,2,248,1
40.45,18.86,93.59,63.24,83.7,2,181,1
38.55,19.98,90.89,32.81,67.5,2,145,1
38.54,20.54,78.16,20.94,52.4,1,130,1
22.34,15.51,85.91,50.2,78.9,3,152,1
22.12,22.82,74.69,33.49,63.5,3,119,1
18.1,20.68,73.72,57.41,24.6,3,46,0
21.73,19.8,82.84,70.97,75.5,2,189,0
19.32,22.51,91.8,36.93,18.2,3,34,1
43.37,21.05,67.14,66.19,16.7,2,35,0
25.9,21.02,50.6,61.68,60.6,1,176,0
39.91,16.48,58.85,33.43,61.2,2,129,1
43.68,21.25,95.51,25.84,85.1,3,137,1
30.3,15.82,84.5,44.12,13.9,3,26,1
14.99,23.71,50.32,66.03,46.4,3,89,1
25.84,15.42,71.75,60.99,5.5,3,20,1
37.04,20.93,62.38,50.84,24.9,3,40,1
24.9,16.76,52.33,65.12,51.8,1,149,0
41.32,22.69,51.12,27.33,84.4,1,212,1
19.17,20.43,56.86,32.3,89.1,1,255,0
36.5,19.06,66.02,80.41,58.9,3,95,1
39.17,18.69,71.6,77.65,3.6,3,20,1
43.69,18.1,61.66,53.62,21.8,3,34,1
30.17,18.39,58.71,58.64,67.3,1,197,0
40.4,15.59,74.52,61.91,83.2,2,181,1
36.86,19.25,87.79,34.25,69.4,3,112,1
31.8,21.91,69.88,38.88,41.1,2,104,1
40.6,21.33,49.84,35.47,34.7,3,57,1
28.81,17.57,91.26,22.53,35.3,1,104,1
23.56,21.33,67.03,57.35,69.6,3,131,0
34.14,21.82,61.68,78.59,65.6,3,126,1
23.08,19.86,55.54,42.39,8.0,3,20,1
28.51,21.25,93.99,78.69,9.3,3,20,1
20.78,21.11,75.32,31.08,54.3,1,158,0
45.16,18.24,82.43,57.62,64.4,3,103,1
17.78,23.26,58.07,79.05,36.8,1,110,0
40.71,18.64,60.72,52.59,13.9,3,22,1
18.09,23.01,64.15,68.6,51.2,2,129,0
29.15,23.49,57.77,70.8,2.8,2,30,0
35.62,16.04,79.48,72.81,17.9,2,38,0
40.65,22.36,74.05,44.62,38.9,2,85,1
41.93,17.87,89.75,59.87,3.5,1,40,0
36.99,17.78,84.89,62.44,59.5,1,148,0
27.42,22.34,69.54,70.7,97.9,3,186,1
40.92,17.7,92.3,59.0,29.3,1,72,0
28.36,16.98,73.66,49.02,22.1,1,62,0
34.72,18.03,66.97,65.1,52.9,1,156,0
43.02,19.24,82.32,55.52,14.2,3,22,1
25.75,21.47,51.09,78.94,16.8,2,43,0
35.44,22.22,73.33,77.64,24.0,1,71,0
33.55,16.56,73.68,45.14,22.8,3,44,1
20.57,21.5,83.72,68.57,84.3,3,162,0
40.88,19.33,59.52,53.57,86.6,1,215,0
41.66,18.99,51.98,67.04,80.4,3,131,1
43.34,22.31,80.61,64.15,7.5,1,40,0
40.09,20.29,67.53,24.68,59.4,1,147,1
23.33,17.38,80.73,75.17,19.7,2,50,0
25.27,17.98,85.94,62.45,95.4,3,182,1
30.46,23.91,90.66,26.86,96.2,3,184,1
30.62,23.45,59.38,26.11,7.9,3,20,1
27.99,25.26,67.9,65.37,30.8,2,77,0
19.97,21.8,97.09,61.83,79.9,2,204,0
33.9,25.21,51.46,69.02,23.7,3,45,1
39.46,15.97,53.51,21.37,68.2,1,171,1
44.39,17.36,67.04,48.28,31.4,2,69,1
36.91,22.01,68.61,28.2,50.7,2,108,1
28.58,21.98,74.3,38.79,20.8,1,59,0
30.66,23.2,59.21,40.14,69.1,3,131,1
33.54,16.75,75.26,35.33,99.9,1,255,0
43.77,18.36,67.6,64.24,77.7,3,126,1
30.84,18.73,90.08,55.39,31.6,1,91,0
27.64,22.04,57.17,59.34,82.8,1,242,0
34.19,20.27,95.72,69.38,78.1,1,229,0
18.51,24.1,60.97,78.17,53.7,2,138,0
20.94,24.79,78.99,31.51,68.4,2,173,1
43.56,19.79,75.55,67.45,71.7,2,156,0
38.23,24.01,72.87,66.28,19.3,1,46,0
18.41,18.25,86.94,72.95,91.3,3,174,0
21.56,15.69,86.93,29.19,94.6,3,180,1
20.62,17.68,68.84,59.22,1.3,3,20,0
27.52,15.8,82.44,68.84,1.1,1,40,0
37.36,20.77,96.82,34.58,95.3,3,155,1
28.22,16.61,87.86,71.89,38.6,2,99,0
17.7,16.9,68.27,43.91,30.6,2,78,0
38.31,18.23,50.15,44.65,23.2,1,56,1
37.58,21.71,77.01,44.53,66.0,2,145,1
25.54,18.83,94.09,21.61,78.1,1,227,1
41.48,22.6,54.8,75.57,69.2,3,111,1
27.53,24.58,90.25,69.19,97.2,1,255,0
30.0,24.23,58.79,70.45,42.5,3,79,1
38.52,19.85,76.47,70.71,42.6,1,107,0
17.06,22.2,86.08,66.25,17.4,2,43,0
16.53,22.08,62.88,22.99,69.4,3,133,1
20.03,23.4,90.51,47.31,11.6,1,40,0
29.77,23.81,65.65,54.86,30.0,1,87,0
30.9,17.17,65.34,69.39,35.2,1,103,0
38.98,19.91,65.1,44.94,0.9,3,20,1
35.36,23.81,58.17,51.2,11.7,1,40,0
18.25,14.52,63.12,48.59,0.0,3,20,1
29.73,19.5,52.22,67.84,47.5,2,122,0
32.11,20.28,53.03,46.57,46.5,1,135,0
20.99,22.03,75.62,74.24,83.0,3,158,0
21.6,24.03,72.52,45.14,26.8,3,51,1
22.06,15.6,79.37,48.35,42.8,3,81,1
38.1,24.51,84.35,25.8,9.3,1,40,1
34.31,24.77,95.42,76.16,4.8,3,20,1
31.48,20.48,55.47,47.83,81.3,3,155,1
17.55,22.53,60.79,39.33,22.9,1,66,0
44.47,23.56,72.2,60.19,48.7,3,78,1
35.42,20.5,78.95,41.19,42.0,3,69,1
26.15,22.1,78.11,26.36,97.7,3,186,1
25.38,23.44,70.36,81.14,0.0,3,20,0
23.82,22.87,72.71,75.89,9.6,1,40,0
38.22,20.5,79.8,65.6,9.9,2,30,0
36.56,15.65,55.75,67.57,81.1,3,132,1
20.63,15.68,75.08,68.34,2.3,3,20,0
41.9,15.51,78.08,70.78,99.2,2,214,0
40.34,21.32,75.88,60.55,80.9,2,175,1
18.81,19.16,65.26,56.12,47.2,3,90,0
18.55,18.43,67.68,49.46,9.8,2,30,0
28.85,23.33,59.55,25.47,63.0,2,157,1
36.1,21.19,55.46,59.9,61.3,2,131,1
43.99,19.57,98.28,43.73,22.6,1,54,1
30.62,24.96,76.7,35.25,76.0,1,222,0
33.8,18.02,56.4,60.45,0.9,2,30,1
30.33,23.89,65.91,56.0,36.8,2,92,0
42.46,19.45,92.56,31.84,21.6,1,55,1
24.96,18.98,82.05,25.35,99.7,3,190,1
34.38,17.25,71.23,44.51,4.6,2,30,1
37.65,21.95,72.57,22.15,96.4,2,207,1
40.06,23.8,58.69,62.33,95.6,2,208,1
30.12,16.09,52.97,67.46,15.5,3,29,1
28.86,18.59,54.03,32.16,64.8,3,122,1
45.06,22.42,73.7,69.05,70.9,1,175,0
34.47,23.95,93.05,31.3,31.2,1,92,0
40.86,23.94,50.23,37.14,12.3,2,30,1
37.89,24.35,60.37,70.25,13.7,2,30,0
42.0,23.31,95.59,70.81,82.1,2,177,0
25.0,23.88,59.4,56.27,89.6,2,229,0
37.39,16.79,66.91,73.04,94.6,3,153,1
33.13,24.51,62.83,24.75,53.2,2,131,1
22.74,21.99,51.57,61.22,46.4,1,134,0
38.83,22.97,53.34,68.93,21.8,1,53,0
19.76,21.13,97.52,55.94,69.3,1,202,0
18.24,17.99,69.0,64.28,21.5,3,40,0
38.98,21.65,89.59,36.73,63.9,2,138,1
43.7,17.23,64.8,21.73,39.5,3,64,1
26.36,23.17,80.94,66.69,59.0,1,170,0
35.67,16.26,61.5,37.08,13.0,1,40,1
25.48,18.76,84.52,51.98,0.5,3,20,1
28.79,17.18,91.11,31.57,85.9,2,219,1
19.06,21.9,52.99,72.4,31.0,2,79,0
17.73,19.61,66.62,19.83,18.2,2,46,1
39.04,22.53,62.44,71.65,59.2,1,146,0
16.76,22.63,93.39,66.27,73.7,1,218,0
22.0,22.19,77.37,20.63,74.2,2,189,1
42.06,21.17,61.0,21.09,71.6,2,156,1
29.18,21.09,85.62,42.75,16.0,1,47,0
19.62,16.62,73.37,72.7,84.4,2,215,0
32.74,16.1,58.31,71.3,52.4,3,100,1
43.69,22.99,64.94,27.55,35.0,3,56,1
44.13,24.31,51.68,66.32,17.2,1,42,0
33.55,17.08,87.43,72.93,28.6,3,54,1
25.23,16.51,80.85,34.55,45.7,3,87,1
24.96,17.19,68.72,54.8,66.6,1,196,0
40.27,16.37,51.38,78.69,98.5,3,159,1
22.13,17.27,85.54,64.8,4.9,1,40,0
43.06,20.85,58.26,46.06,23.7,3,37,1
27.45,15.97,72.52,77.16,79.8,2,204,0
30.05,22.89,69.4,79.24,40.0,3,76,1
24.08,17.36,88.94,76.23,23.3,2,59,0
25.86,15.15,61.28,49.81,16.9,2,41,0
41.79,23.0,91.35,26.35,91.8,3,150,1
18.38,21.4,70.58,29.11,97.9,1,255,0
27.79,24.08,62.74,28.03,14.7,2,36,1
34.49,19.92,63.88,58.27,90.2,1,255,0
27.54,20.12,76.97,31.11,60.9,1,180,0
17.89,20.58,78.17,71.9,82.1,2,208,0
34.3,19.71,62.11,54.95,72.1,1,210,0
39.69,24.18,83.55,26.51,99.3,3,160,1
25.49,15.47,59.85,34.23,34.1,2,85,1
31.54,16.52,69.95,43.08,35.4,2,89,1
37.3,23.94,68.72,47.88,46.6,1,117,1
22.41,21.97,92.23,58.99,11.9,3,22,0
20.57,19.53,81.16,30.36,44.2,1,131,0
27.46,22.3,83.41,51.45,69.4,1,206,0
16.74,23.07,80.34,39.6,10.0,2,30,1
28.95,22.28,88.03,55.21,87.5,1,255,0
44.31,18.01,96.48,50.11,30.9,2,66,1
28.97,24.65,96.22,39.03,35.8,1,103,0
22.59,21.54,78.36,63.99,69.1,1,203,0
31.56,20.91,60.57,74.91,55.6,3,106,1
22.11,22.39,67.25,32.28,3.6,1,40,0
20.05,22.29,60.12,50.95,31.3,1,89,0
21.88,17.02,89.04,45.83,41.3,2,104,0
26.73,19.25,90.91,39.53,63.8,3,121,1
18.91,18.53,75.55,77.19,49.6,3,96,0
16.56,24.29,53.07,62.04,72.5,1,214,0
30.49,21.88,57.05,50.19,45.1,1,134,0
33.78,18.03,69.42,42.52,17.6,3,32,1
40.9,22.45,73.47,65.15,69.0,2,149,0
16.51,24.35,64.68,53.4,32.0,2,81,0
31.84,16.67,57.54,48.07,86.9,1,255,0
32.96,15.93,87.8,75.3,93.7,2,237,0
39.29,17.8,79.47,19.73,39.7,3,64,1
33.23,19.99,74.03,40.71,83.7,2,213,1
21.94,20.95,94.1,39.7,32.5,2,82,1
33.74,25.7,59.22,30.05,2.9,2,30,1
29.76,18.11,98.28,55.54,57.1,3,108,1
33.63,18.19,67.54,54.53,72.1,3,137,1
35.52,21.84,88.24,74.57,35.8,3,58,1
15.77,17.02,78.54,43.83,71.6,3,138,1
19.29,20.81,77.36,67.26,19.6,3,38,0
27.07,15.94,58.66,33.95,40.7,1,117,0
22.15,24.14,59.1,64.29,34.6,2,88,0
37.84,23.59,85.87,74.5,74.8,3,121,1
20.3,18.9,80.6,65.74,61.1,3,116,0
20.9,16.43,98.46,40.45,15.5,3,30,1
34.86,18.32,89.68,23.16,4.0,3,20,1
18.83,16.22,77.65,56.39,31.5,2,80,0
42.36,19.6,53.92,34.83,57.8,1,144,1
31.32,21.88,66.86,77.91,46.0,2,117,0
40.9,20.24,76.41,53.57,99.8,3,161,1
21.08,16.46,52.63,70.6,57.6,3,110,1
44.79,15.05,71.81,53.58,3.1,1,40,0
27.59,18.98,77.22,23.71,97.1,1,255,1
31.27,21.98,58.19,76.15,52.5,1,155,0
37.31,20.68,53.98,23.09,93.9,1,233,1
32.27,23.16,57.04,52.08,76.4,2,195,1
19.94,23.47,54.89,28.31,24.2,2,62,1
24.39,16.48,57.1,24.17,31.3,2,81,1
30.01,23.28,64.56,43.19,33.4,2,83,1
17.86,20.3,66.9,78.28,79.9,3,151,0
31.61,19.66,96.29,69.61,70.0,1,204,0
35.98,16.06,69.27,60.15,57.2,2,124,1
36.51,14.94,94.79,50.42,65.0,3,105,1
31.39,20.94,76.25,34.07,76.5,2,194,1
21.02,18.93,68.12,73.0,56.4,2,143,0
40.54,15.41,92.8,54.53,84.4,1,211,0
22.99,17.7,85.28,74.79,77.5,1,230,0
21.88,15.22,77.58,55.79,13.9,2,36,0
28.63,18.13,86.55,36.48,85.1,1,251,0
44.51,19.92,75.66,33.19,51.3,2,111,1
41.39,24.74,65.61,41.88,23.0,1,57,1
43.07,15.83,89.82,29.68,39.6,3,63,1
33.32,22.43,81.49,68.77,69.3,3,131,1
26.15,23.85,65.77,55.27,74.7,2,191,0
35.41,24.32,56.08,54.13,89.3,3,171,1
20.42,22.92,87.11,69.51,10.8,3,20,0
39.2,16.69,51.85,61.8,14.5,1,40,0
40.78,15.63,75.32,29.55,88.5,3,145,1
33.35,23.35,60.82,27.72,48.9,2,123,1
16.85,15.94,53.79,55.56,89.2,3,171,1
25.88,17.92,59.36,68.86,25.3,1,75,0
26.24,21.32,93.37,43.2,56.9,2,143,0
33.75,20.11,59.51,36.02,17.7,1,50,0
44.22,16.26,87.14,79.96,80.1,2,174,0
17.07,21.21,73.6,46.61,20.2,2,50,0
19.03,23.03,93.78,27.49,41.7,3,79,1
17.55,15.93,72.43,72.21,55.4,2,141,0
32.09,20.06,62.1,44.3,3.8,1,40,0
17.1,21.91,92.33,29.13,39.9,2,98,1
15.69,16.3,81.83,36.09,9.9,2,30,1
24.46,22.65,65.4,51.31,1.5,1,40,0
36.27,23.83,52.52,44.32,59.1,2,128,1
40.47,16.51,67.76,20.31,59.9,2,128,1
18.37,15.77,81.45,76.58,76.6,3,147,0
25.21,20.22,81.85,57.22,77.4,1,227,0
39.42,16.02,81.97,60.73,49.1,2,106,1
30.68,21.87,84.81,54.26,32.2,2,82,1
41.11,20.12,65.41,46.53,43.2,3,68,1
23.46,16.1,95.96,51.62,11.3,1,40,0
39.28,21.19,97.37,75.52,14.9,2,32,0
38.51,16.26,58.34,26.15,93.7,2,203,1
44.38,15.87,87.74,39.7,37.9,3,61,1
22.51,25.27,50.69,29.39,84.8,1,247,0
21.03,16.01,77.39,74.03,2.9,1,40,0
31.98,18.77,64.36,75.22,12.8,2,32,0
23.8,15.32,64.16,42.25,9.0,1,40,0
21.02,25.37,84.93,47.33,25.7,1,75,0
20.46,23.19,87.62,32.64,76.1,1,224,0
36.54,15.24,88.66,41.54,24.9,2,54,1
32.69,23.96,66.92,60.53,75.3,2,193,1
21.81,22.25,63.11,27.8,8.9,3,20,1
40.8,15.77,93.24,75.9,58.7,3,96,1
30.77,21.98,96.59,28.22,68.3,3,130,1
33.17,19.22,97.02,28.09,39.1,1,114,0
38.95,14.98,55.11,52.58,35.7,2,75,1
16.57,23.75,89.47,77.32,36.2,1,105,0
20.17,17.45,89.1,21.9,72.9,1,213,1
36.54,19.37,56.92,45.77,16.8,1,40,1
40.99,18.7,91.51,66.62,19.3,1,48,0
42.9,19.2,93.4,37.44,12.8,3,20,1
25.8,18.89,78.19,67.37,23.2,1,67,0
36.31,22.79,68.73,27.93,79.5,2,172,1
16.69,15.05,81.13,40.07,49.5,2,126,0
40.19,17.13,55.3,38.46,34.6,2,74,1
16.6,20.04,71.73,23.45,13.3,3,25,1
20.26,18.53,91.4,30.39,77.9,3,149,1
37.52,21.28,91.54,34.92,65.0,3,106,1
36.79,21.22,75.71,56.42,1.3,1,40,0
18.32,18.88,53.34,55.99,2.1,3,20,1
24.12,22.53,62.71,43.91,93.3,2,236,0
32.64,23.92,52.73,56.37,41.2,3,79,1
22.24,22.32,74.36,34.41,48.1,3,92,1
39.99,19.73,63.19,55.59,80.9,3,131,1
34.27,17.88,61.92,20.63,57.0,2,147,1
40.51,22.12,82.01,21.64,18.0,2,39,1
27.1,23.08,57.75,29.83,63.0,2,159,1
42.04,21.18,67.73,48.65,78.1,2,168,1
17.0,15.7,94.04,73.35,50.6,2,129,0
18.82,24.17,62.13,57.15,16.1,3,30,0
40.95,16.02,78.09,26.01,2.7,3,20,1
37.53,24.24,83.22,66.73,27.7,3,45,1
35.27,15.49,64.87,60.38,15.3,2,38,1
33.41,19.94,92.8,80.05,93.1,1,255,0
24.83,21.14,78.78,76.88,78.7,1,231,0
30.02,16.22,84.83,51.5,17.1,2,44,1
34.7,21.32,57.81,37.21,91.2,3,175,1
25.95,23.1,78.94,43.28,98.4,1,255,0
21.62,16.75,95.06,69.74,0.8,3,20,0
40.61,22.19,80.69,65.42,73.4,3,120,1
33.87,20.27,70.2,72.14,62.8,2,158,0
41.69,23.87,90.67,52.96,65.7,3,105,1
38.01,18.79,53.91,61.22,13.3,2,30,1
44.09,22.17,80.61,46.75,34.5,3,56,1
29.9,22.43,92.9,49.59,10.8,1,40,0
23.23,24.55,63.85,76.69,93.4,3,179,0
41.77,15.66,57.84,62.97,17.8,1,43,0
20.85,22.73,59.39,50.98,22.2,2,56,0
15.75,23.25,73.71,49.52,36.6,3,69,1
38.4,18.57,94.96,45.05,90.2,2,194,1
40.2,17.22,56.01,56.42,80.9,1,200,0
33.83,19.97,71.97,31.07,39.6,2,101,1
35.45,18.29,76.03,51.33,16.8,3,26,1
36.79,16.84,58.28,52.81,23.8,3,38,1
36.7,24.69,58.87,71.39,11.6,2,30,0
38.48,24.17,68.44,68.96,25.6,2,56,0
18.9,22.24,86.34,35.8,92.0,1,255,0
41.15,19.62,92.96,40.21,0.3,2,30,1
17.18,16.25,70.04,46.57,96.5,1,255,0
44.06,24.62,66.42,50.97,90.4,2,196,1
41.83,18.16,60.72,35.09,53.9,2,116,1
23.12,22.54,72.01,58.84,89.3,1,255,0
25.19,22.02,59.85,44.02,80.0,1,236,0
22.44,22.03,96.01,32.04,77.7,3,149,1
22.18,21.11,66.77,29.99,88.4,1,255,0
43.58,19.85,74.73,61.83,68.7,3,111,1
33.63,21.86,51.0,50.57,42.6,1,126,0
35.56,19.16,96.42,72.26,87.0,2,187,0
30.66,17.26,75.61,32.3,10.5,1,40,0
23.42,20.18,78.2,60.65,72.4,3,139,0
33.48,19.91,51.07,44.56,61.0,2,157,1
37.23,22.64,73.4,26.92,29.3,2,63,1
27.98,15.67,85.69,61.12,36.4,3,71,1
35.4,23.13,90.8,47.55,36.3,3,59,1
44.44,16.73,76.63,59.64,48.0,3,78,1
28.37,19.59,75.67,78.4,90.4,1,255,0
41.29,23.7,67.73,42.86,50.5,3,82,1
22.33,16.13,77.18,60.26,56.9,2,145,0
43.23,24.56,89.26,25.38,56.8,2,121,1
29.39,22.16,91.59,67.04,24.0,3,46,1
26.83,17.24,54.23,60.12,58.0,2,148,0
24.61,21.44,66.23,77.77,13.0,3,25,0
28.32,17.85,80.59,31.81,70.8,2,179,1
32.87,15.36,85.37,48.91,72.3,2,183,1
22.07,19.8,76.91,36.34,34.1,2,87,1
19.97,19.96,84.24,29.88,13.3,2,33,1
31.89,20.85,67.81,23.82,7.8,1,40,1
33.25,24.43,57.58,61.66,97.4,3,184,1
39.0,17.69,75.83,74.36,7.1,2,30,0
30.85,20.17,75.64,69.69,74.6,3,141,1
19.76,19.7,69.03,39.58,48.4,2,122,1
23.21,24.11,80.61,32.94,36.7,3,69,1
34.48,17.69,61.3,27.67,24.3,1,70,0
39.93,24.34,68.21,37.0,64.2,2,140,1
41.21,16.42,59.83,37.26,99.4,2,215,1
30.52,23.33,98.11,57.87,52.9,1,155,0
37.78,17.49,53.1,69.44,61.4,2,133,0
42.72,16.28,57.01,39.03,92.4,1,229,1
26.03,19.39,55.53,79.81,74.8,1,221,0
33.29,23.39,90.35,46.01,64.8,2,165,1
16.84,21.96,84.86,25.28,89.6,3,173,1
33.8,22.49,87.02,50.69,7.3,2,30,1
37.75,15.34,51.55,22.03,22.1,1,54,1
16.35,23.71,60.09,74.69,26.3,1,78,0
40.04,22.44,79.05,75.73,10.1,3,20,1
36.51,22.81,90.1,28.36,45.8,1,113,1
35.0,17.52,72.92,64.08,20.6,3,36,1
29.46,21.03,99.76,57.34,74.9,3,143,1
38.98,19.34,94.43,22.32,80.3,3,130,1
26.89,15.15,67.2,58.49,51.9,3,99,1
33.72,17.15,90.1,56.25,64.3,1,189,0
17.72,17.04,97.97,43.9,90.5,2,229,0
25.84,23.2,57.22,76.15,41.4,3,80,1
33.31,21.41,64.37,29.39,62.7,2,158,1
25.29,22.93,89.79,76.15,41.6,3,80,0
23.76,17.18,93.95,59.92,11.2,3,21,0
30.11,20.49,94.38,45.32,44.2,1,131,0
23.76,22.4,48.9,36.7,67.5,3,129,1
20.45,18.45,70.48,49.09,57.9,2,148,0
41.64,18.36,88.75,22.58,24.7,2,50,1
35.08,19.07,85.77,73.8,57.4,3,109,1
39.52,19.95,51.02,54.99,79.5,3,129,1
24.76,18.12,93.69,78.51,20.8,1,61,0
38.31,18.71,81.28,50.55,17.5,1,43,0
24.97,20.61,82.08,46.5,14.8,1,43,0
22.37,18.25,70.59,40.18,40.3,2,103,0
25.18,16.05,67.46,49.81,43.1,2,109,0
22.38,24.1,50.91,43.83,79.1,3,151,1
26.77,24.41,64.65,49.14,75.2,3,142,1
23.39,19.73,79.41,24.83,29.4,3,56,1
31.55,14.65,64.65,70.45,33.9,1,97,0
41.89,20.69,61.9,45.25,83.7,3,135,1
26.45,20.57,86.43,40.31,45.8,1,136,0
34.37,20.35,70.07,20.9,63.0,3,118,1
28.48,23.72,84.75,58.4,6.7,3,20,1
23.29,24.57,75.8,31.53,85.8,3,164,1
37.06,19.43,73.84,74.84,21.6,2,45,0
43.08,20.43,49.81,72.74,28.3,2,61,0
19.11,19.67,82.48,42.03,17.1,2,44,0
28.21,17.69,51.91,31.82,43.6,3,83,1
38.95,20.02,66.82,35.7,39.4,2,86,1
27.39,18.85,86.98,23.93,65.2,3,123,1
19.06,22.77,60.13,43.78,78.5,1,229,0
23.78,23.88,69.1,70.41,45.6,3,90,0
35.11,18.29,80.55,60.52,83.4,1,245,0
32.68,18.53,52.97,55.76,2.0,2,30,1
27.9,16.07,50.14,63.84,34.0,3,64,1
17.67,17.26,87.59,57.67,22.6,2,57,0
37.46,15.01,84.96,45.78,43.5,2,95,1
17.14,20.97,70.83,44.67,15.0,2,37,0
17.63,18.69,75.18,78.04,83.8,3,161,0
40.09,18.97,70.15,26.62,15.7,1,38,1
16.27,15.33,62.04,42.86,30.0,2,77,0
36.75,17.47,86.21,34.09,67.4,3,109,1
33.93,20.65,76.21,64.17,84.5,1,248,0
26.46,22.31,51.25,71.01,95.0,3,180,1
21.99,22.36,95.12,34.22,12.8,2,31,1
37.86,20.08,79.59,77.09,47.3,1,117,0
19.18,20.67,90.07,55.05,32.9,1,95,0
29.12,18.5,72.07,58.63,36.4,3,70,1
40.83,22.84,73.26,26.59,97.1,3,157,1
31.33,24.95,77.03,19.56,93.7,2,237,1
41.41,18.85,90.44,23.04,36.4,1,91,1
41.5,21.29,85.6,42.55,50.3,2,107,1
39.02,16.53,63.51,31.22,79.1,2,169,1
26.69,17.73,64.82,50.12,24.8,3,47,1
40.9,16.38,52.98,19.93,95.2,1,238,1
22.0,18.8,81.11,76.6,70.8,1,206,0
34.61,21.35,52.23,63.47,69.2,3,131,1
19.88,15.76,55.51,76.89,95.4,2,242,0
18.48,24.64,50.43,51.28,33.3,1,98,0
40.36,19.73,57.76,77.54,27.4,1,66,0
43.03,15.2,62.06,65.24,17.1,3,28,1
27.14,24.51,83.9,37.04,61.1,2,154,1
44.72,23.79,75.29,26.44,95.4,2,206,1
16.44,16.63,91.47,22.89,22.4,2,57,1
40.02,20.72,87.36,75.23,13.8,2,30,0
41.94,16.98,75.06,56.08,82.2,1,204,0
35.71,15.92,96.66,74.59,12.5,3,20,1
31.24,18.76,65.39,58.95,87.8,1,255,0
42.21,22.8,78.52,74.0,88.8,1,220,0
43.37,22.66,96.3,31.39,84.9,1,210,1
38.54,22.21,82.67,26.41,99.5,2,215,1
17.9,21.35,78.14,54.21,11.8,1,40,0
25.75,19.57,80.12,57.73,51.3,2,132,0
43.61,16.3,69.32,33.62,22.7,1,55,1
35.41,20.28,86.26,21.34,25.5,1,63,1
44.69,21.64,96.48,48.79,39.5,1,98,1
37.26,20.56,91.62,38.47,60.1,2,128,1
20.47,20.2,60.22,36.17,62.0,2,158,1
36.28,20.7,66.75,35.22,99.9,1,248,1
21.3,15.67,69.49,79.11,86.8,3,167,0
28.32,23.26,54.86,27.77,21.5,2,57,1
23.71,25.02,74.83,64.77,69.7,2,178,0
17.11,24.04,73.3,23.58,82.2,2,211,1
26.52,18.73,56.72,74.53,2.8,1,40,0
36.88,20.82,87.21,67.35,66.6,1,164,0
37.65,20.7,51.08,32.91,7.7,3,20,1
44.79,24.47,79.72,58.88,53.5,2,115,1
31.54,19.92,72.13,47.23,11.4,2,30,1
39.4,18.44,63.4,70.98,62.1,3,101,1
35.67,20.42,93.86,29.37,12.3,1,40,1
41.52,19.39,77.65,33.7,40.9,1,102,1
44.73,18.69,72.52,58.55,20.5,3,32,1
27.26,16.46,56.07,71.2,3.2,3,20,1
38.72,24.52,88.21,51.11,83.5,3,134,1
19.35,15.77,58.1,66.51,75.3,2,193,0
37.14,17.68,75.92,38.07,23.4,2,48,1
16.63,24.19,78.62,61.47,60.0,2,154,0
43.48,16.61,71.49,39.22,35.7,2,77,1
30.65,19.36,95.23,76.21,91.6,3,174,1
40.19,20.8,96.5,46.28,19.5,1,48,1
19.8,21.91,56.76,38.92,22.4,1,66,0
42.26,20.99,88.72,46.43,9.4,3,20,1
37.42,18.28,84.68,52.83,24.6,1,61,0
29.24,24.47,85.98,75.88,22.4,1,66,0
37.32,22.64,88.53,61.53,54.9,3,88,1
34.6,17.99,57.07,59.53,44.4,1,132,0
20.63,18.51,76.28,44.68,60.1,2,152,0
32.08,16.16,71.52,30.55,21.1,3,40,1
40.49,24.28,81.13,40.89,69.3,1,172,1
28.34,20.91,87.96,68.92,99.0,2,253,0
35.15,22.67,51.26,25.5,77.9,3,149,1
41.24,21.06,97.93,27.65,35.8,3,57,1
16.87,23.44,95.43,32.61,83.8,2,214,1
33.59,21.97,85.93,61.28,34.1,3,65,1
41.22,20.57,85.62,29.87,11.1,3,20,1
43.43,15.86,65.97,43.14,68.0,3,112,1
17.01,20.04,53.66,67.88,8.6,3,20,1
15.75,22.0,51.99,32.1,71.1,3,138,1
26.48,19.73,53.09,21.93,6.1,3,20,1
20.65,18.02,68.48,64.37,96.8,3,182,0
29.84,18.75,59.08,45.71,8.8,1,40,0
41.94,22.31,65.75,55.12,13.9,2,30,1
41.83,23.82,79.01,35.49,77.6,1,195,1
34.84,23.66,59.81,38.83,39.9,1,119,0
33.94,18.31,83.58,52.28,93.3,2,237,1
40.32,21.16,50.7,51.12,32.1,1,77,0
16.41,18.2,93.92,65.69,52.9,2,136,0
20.06,18.38,83.73,38.2,14.8,1,43,0
34.8,16.78,61.18,65.22,56.8,3,108,1
38.12,20.79,83.13,49.01,21.9,1,56,1
31.78,20.28,77.06,67.1,59.2,1,172,0
27.03,22.24,63.9,73.04,15.7,2,42,0
35.19,20.96,97.26,47.35,87.2,1,218,1
26.07,17.58,66.0,46.25,21.0,2,54,0
34.06,22.65,63.48,41.42,11.3,1,40,0
27.49,20.53,53.29,67.48,91.9,2,235,0
37.03,16.67,52.99,66.63,89.4,3,147,1
42.32,18.72,53.7,79.58,18.4,3,29,1
19.42,20.79,54.19,69.19,90.5,2,231,0
28.68,15.51,90.3,78.61,46.4,3,87,1
35.2,17.42,88.79,74.91,32.7,3,60,1
30.43,16.26,75.18,53.28,95.5,1,255,0
34.22,19.05,83.77,61.84,47.1,3,90,1
36.68,23.64,96.31,38.46,53.1,1,132,1
29.4,21.11,68.48,36.92,71.1,3,134,1
26.5,18.97,86.84,54.33,40.8,2,102,0
39.34,15.47,85.28,64.53,6.3,2,30,1
22.99,21.2,80.6,71.28,43.6,2,109,0
31.36,14.96,93.25,30.29,45.0,3,86,1
26.68,23.26,69.83,55.38,16.3,2,41,0
40.14,16.22,86.36,51.68,90.3,2,195,1
31.79,16.58,74.75,34.54,45.2,2,115,1
19.12,20.5,70.48,55.67,23.1,2,59,0
44.18,17.48,94.87,28.39,95.3,2,206,1
31.73,24.1,78.51,70.22,83.3,2,214,0
22.01,17.64,65.73,20.62,80.3,1,236,1
19.7,23.28,89.99,40.78,34.8,2,88,0
41.27,19.76,90.47,53.7,31.0,2,68,1
35.4,19.2,81.42,38.76,57.5,2,126,1
37.42,22.47,93.24,58.46,31.9,1,78,0
34.3,18.37,95.82,33.22,84.5,2,216,1
31.63,20.78,67.04,27.34,22.7,2,55,1
37.96,23.94,63.71,33.61,100.0,1,248,1
29.92,17.88,48.8,66.36,27.9,3,52,1
29.25,22.08,51.5,23.64,17.3,1,51,1
28.27,15.25,64.46,47.0,63.4,2,161,0
37.14,15.27,62.71,70.03,50.3,2,109,0
16.84,20.97,63.42,30.84,81.1,1,239,0
42.3,22.82,73.52,41.31,44.6,3,72,1
18.34,17.92,84.49,51.7,95.8,1,255,0
30.83,15.91,59.78,28.45,69.9,3,132,1
39.45,20.79,87.9,42.72,94.7,1,235,1
16.84,18.69,88.09,37.23,92.9,2,237,1
35.65,17.1,88.02,35.54,28.2,1,71,1
38.75,15.49,98.59,69.7,66.8,1,167,0
45.07,18.23,71.7,36.37,49.6,1,124,1
41.41,15.78,90.36,54.47,66.6,3,108,1
22.91,17.96,64.67,68.62,16.4,3,32,0
22.72,24.18,60.64,77.95,21.3,1,61,0
40.64,24.62,94.59,66.74,57.4,3,94,1
17.76,19.44,79.75,31.52,30.9,1,89,0
41.33,23.37,83.53,49.14,27.1,3,44,1
43.96,21.21,89.83,35.65,96.0,1,238,1
31.34,21.0,65.32,79.26,87.7,3,167,1
45.1,15.27,90.73,67.93,13.2,1,40,0
18.53,19.62,82.18,56.53,26.9,3,50,0
43.92,19.07,89.41,23.01,48.3,2,104,1
20.28,23.44,67.54,45.7,21.4,1,64,0
23.8,22.11,88.33,49.26,15.4,3,28,1
22.63,24.42,88.44,57.27,69.6,2,177,0
30.51,16.03,61.66,62.81,74.0,3,141,1
16.31,17.39,70.6,54.66,70.1,2,178,0
25.6,21.97,74.44,45.0,23.2,2,58,0
36.7,19.93,78.02,71.01,32.1,2,67,0
35.46,20.49,72.38,66.08,37.8,2,81,0
34.43,16.2,71.6,47.61,79.8,3,153,1
22.34,22.63,75.07,42.34,18.3,3,35,1
32.0,17.18,57.93,47.56,34.4,1,100,0
21.08,17.13,95.18,33.9,5.6,3,20,1
25.93,19.04,85.62,66.36,8.8,2,30,0
24.27,17.37,50.46,47.88,38.1,2,97,0
24.64,25.02,66.57,45.39,0.2,2,30,0
36.48,14.93,56.67,46.03,1.7,2,30,1
33.8,18.38,88.21,57.55,59.2,1,173,0
16.15,24.88,88.81,58.11,6.2,3,20,0
39.73,17.65,87.49,40.36,48.6,2,105,1
31.75,15.11,85.55,69.81,91.0,2,231,0
18.67,15.12,54.85,55.35,6.3,3,20,0
17.95,15.24,79.06,52.59,5.7,2,30,0
16.88,19.43,91.95,78.05,85.5,1,250,0
23.8,21.04,89.12,75.83,96.6,1,255,0
20.24,24.75,75.71,39.9,33.4,1,99,0
22.87,16.94,56.22,44.86,26.4,3,49,1
40.56,18.48,77.48,33.62,4.1,2,30,1
38.82,21.63,53.01,72.48,91.7,1,228,0
31.93,24.74,75.33,50.18,74.3,2,191,1
20.97,15.91,93.6,21.93,11.2,1,40,1
28.04,24.28,87.54,35.88,46.5,3,89,1
36.58,20.33,90.4,57.5,43.4,1,107,0
32.58,23.64,69.82,38.68,97.7,2,248,1
38.76,16.07,60.77,54.21,85.9,2,185,1
19.23,24.68,88.47,44.38,23.7,2,61,0
36.84,18.0,53.14,20.92,93.5,2,201,1
41.54,24.5,63.75,78.8,31.3,3,52,1
35.2,15.64,73.37,63.03,42.9,2,93,1
34.4,22.44,93.43,52.39,87.1,1,252,0
40.69,18.37,93.88,62.2,3.6,3,20,1
24.94,17.99,69.95,36.09,34.1,3,64,1
16.89,15.32,52.96,60.61,40.9,2,103,0
32.36,17.77,95.82,57.59,80.0,3,152,1
24.2,16.17,57.6,33.85,68.7,2,174,1
16.67,15.93,78.98,21.11,91.6,3,173,1
22.63,20.05,65.53,26.63,11.3,3,20,1
42.12,21.47,95.76,21.28,70.7,2,152,1
26.51,15.85,73.11,79.76,20.1,3,38,1
34.76,24.43,59.43,53.04,44.4,3,73,1
43.93,21.14,91.64,68.89,54.9,1,139,0
35.28,21.77,89.23,29.94,93.6,3,180,1
22.43,18.21,80.33,63.27,36.7,2,94,0
38.12,22.94,95.53,72.39,48.5,2,107,0
42.79,21.84,54.76,41.9,13.4,2,30,1
29.81,19.18,93.88,78.07,6.1,2,30,0
40.92,17.77,72.21,51.23,17.5,3,28,1
23.53,23.4,65.8,62.41,53.8,2,137,0
38.29,21.66,93.28,41.28,56.9,2,124,1
31.42,15.25,75.13,44.03,78.2,3,147,1
18.95,19.1,77.84,71.29,71.7,1,209,0
24.54,24.59,77.76,45.34,49.6,3,95,1
43.42,17.77,54.45,30.06,9.0,1,40,1
37.76,15.36,87.09,61.56,6.5,3,20,1
29.51,22.21,90.1,39.08,48.4,2,123,1
17.37,21.85,92.21,44.78,83.3,3,160,1
16.95,20.05,82.01,20.68,62.0,2,158,1
44.46,16.21,74.27,49.03,85.4,3,137,1
39.05,19.89,87.8,21.89,68.0,3,110,1
20.03,17.05,78.01,40.75,64.4,1,188,0
36.17,24.6,74.82,39.77,92.3,2,199,1
31.81,17.86,83.96,76.17,84.3,1,246,0
16.38,18.99,70.11,26.53,0.5,3,20,1
37.33,24.16,87.36,64.17,38.2,3,62,1
38.73,20.24,98.11,61.15,7.0,1,40,0
19.44,21.85,54.11,78.43,75.2,2,193,0
39.29,18.06,54.48,31.24,94.8,1,236,1
29.02,18.06,51.99,46.56,65.4,1,192,0
18.35,20.26,49.92,46.6,18.2,1,52,0
31.48,22.39,59.77,78.57,78.3,3,149,1
33.62,19.33,71.42,66.9,21.9,3,42,1
29.92,15.63,60.02,46.15,68.0,3,129,1
37.23,17.97,73.92,25.48,17.3,1,43,1
28.7,15.71,64.44,28.38,34.0,3,63,1
28.73,15.06,95.89,35.35,83.1,2,211,1
35.37,22.64,89.74,47.93,68.0,2,147,1
28.72,24.5,87.89,62.72,49.2,1,144,0
40.21,23.09,72.14,26.62,66.4,3,107,1
31.62,17.5,61.36,65.72,0.6,1,40,0
22.27,16.03,77.47,68.06,26.8,3,50,0
27.67,19.92,91.15,29.86,23.2,2,59,1
25.48,16.72,92.93,43.46,44.9,3,86,1
42.94,15.88,82.93,45.57,38.0,2,81,1
28.0,20.22,74.29,76.06,29.6,1,85,0
19.85,18.46,83.64,53.41,68.1,2,172,0
28.98,21.69,86.42,27.27,26.0,1,75,0
18.32,20.55,84.09,32.18,32.4,1,95,0
24.27,18.44,84.83,23.77,49.4,3,93,1
36.33,17.27,87.2,70.68,60.3,3,97,1
22.7,24.87,50.13,42.03,4.0,1,40,0
41.25,17.74,80.05,63.13,38.9,2,83,1
34.89,17.57,52.11,46.98,37.2,2,81,1
31.61,17.57,60.29,27.71,34.9,2,89,1
33.93,23.2,80.38,52.91,67.8,3,127,1
42.26,18.53,58.79,55.88,49.4,1,122,0
17.58,14.91,77.58,79.75,87.9,1,255,0
40.85,19.83,50.55,78.75,6.1,2,30,0
44.32,23.98,61.55,59.43,85.0,2,185,1
25.5,18.94,70.03,60.38,44.5,1,133,0
37.1,17.64,67.47,62.93,54.7,1,136,0
20.11,23.95,92.36,28.33,5.5,1,40,0
43.92,15.55,64.31,75.18,34.1,2,73,0
33.44,16.26,50.77,71.76,36.1,2,92,0
42.4,24.97,74.4,69.57,5.0,3,20,1
37.26,19.94,95.47,32.03,92.4,3,148,1
33.61,20.84,69.02,53.86,70.0,3,134,1
28.83,21.61,95.61,63.87,72.0,1,212,0
29.32,18.36,93.88,45.92,41.4,3,78,1
29.09,24.05,94.33,56.75,45.2,2,116,0
20.33,20.61,55.2,54.91,31.7,2,81,0
42.18,20.26,79.42,47.83,29.5,3,48,1
28.49,21.49,94.81,71.2,6.9,2,30,0
37.67,24.11,69.29,21.69,11.6,2,30,1
37.38,23.19,54.25,55.25,36.9,1,93,0
23.97,23.48,63.46,31.24,69.9,3,133,1
42.8,20.23,80.45,35.55,86.9,1,217,1
25.99,18.08,60.93,36.58,13.3,2,34,1
44.01,19.92,77.33,65.26,31.4,2,69,1
34.58,22.56,96.58,38.96,62.2,1,182,0
18.04,16.34,63.92,78.68,96.9,2,246,0
37.6,16.31,66.9,24.27,61.0,2,132,1
21.54,20.63,58.38,38.16,24.2,2,60,1
40.45,15.51,87.92,34.86,54.8,1,134,1
18.22,21.86,72.26,65.59,19.9,3,36,0
30.2,23.46,83.87,24.73,60.8,2,154,1
30.57,22.84,63.04,53.38,40.1,3,75,1
24.24,24.18,93.08,26.29,2.5,2,30,1
25.11,24.29,87.72,58.72,28.0,1,83,0
35.5,17.26,60.93,53.91,97.0,3,157,1
21.09,18.36,66.43,44.48,18.3,1,53,0
42.8,20.94,81.75,77.67,82.3,2,178,0
31.29,17.52,87.43,72.37,65.9,2,169,0
42.39,21.78,95.57,79.72,0.4,2,30,0
27.17,15.81,71.87,36.54,7.3,1,40,0
25.6,20.67,54.87,24.28,92.5,3,177,1
27.79,21.19,68.31,39.3,35.7,2,90,1
36.62,19.84,61.06,53.99,25.2,1,63,0
36.52,24.12,71.3,74.54,57.3,3,92,1
38.52,17.28,59.7,35.07,14.5,2,31,1
16.05,24.03,62.91,49.99,18.2,2,45,0
23.84,17.47,61.24,62.72,92.1,2,233,0
38.6,19.32,69.36,69.36,85.9,3,140,1
27.66,21.11,54.67,70.07,15.1,1,42,0
22.81,14.56,96.6,45.34,39.9,1,116,0
38.6,19.8,53.76,22.31,15.8,3,25,1
19.42,17.63,73.24,78.79,80.5,2,204,0
24.72,19.33,75.5,55.12,53.3,3,101,1
33.28,21.67,84.03,31.41,75.4,2,192,1
19.56,17.7,90.82,50.61,99.1,3,187,1
40.93,16.47,53.06,38.93,8.1,2,30,1
31.97,18.66,53.08,60.1,49.9,1,146,0
36.8,21.56,62.52,53.19,35.0,3,57,1
37.56,20.7,86.01,32.53,36.1,2,78,1
32.51,23.17,89.39,33.23,45.7,2,117,1
25.01,20.73,69.88,76.32,96.2,3,183,0
29.43,21.47,89.3,26.59,91.0,1,255,0
38.11,21.86,79.93,41.96,62.4,1,157,1
37.34,18.08,83.1,45.53,19.3,2,42,1
24.59,23.02,64.1,48.91,69.9,1,204,0
22.78,24.88,69.92,42.12,85.8,1,253,0
25.1,20.22,84.65,50.07,18.4,2,48,0
25.39,21.69,93.09,62.63,66.6,1,196,0
30.12,17.04,91.97,66.4,30.4,1,90,0
21.75,23.82,89.19,43.12,16.6,1,49,0
23.74,24.94,92.94,32.44,12.8,3,22,1
20.1,16.66,73.6,47.75,52.2,2,133,0
27.0,18.55,78.29,51.2,66.3,2,167,0
43.18,16.75,65.51,42.25,64.4,2,140,1
34.84,16.82,81.78,28.68,40.1,3,75,1
30.56,16.28,70.88,52.13,47.1,2,119,1
32.22,18.0,50.24,31.85,40.3,3,77,1
38.08,20.61,69.27,29.62,32.0,3,52,1
24.36,19.62,83.21,48.71,83.4,2,212,0
43.1,17.7,51.38,78.8,31.1,2,67,0
41.82,19.39,78.81,59.16,6.9,1,40,0
35.31,19.85,86.05,52.96,85.1,3,137,1
29.29,17.4,87.74,30.63,92.2,3,177,1
23.23,16.72,60.35,72.24,11.3,2,30,0
26.73,15.54,63.65,24.83,8.5,2,30,1
28.95,19.16,94.73,78.24,64.9,2,166,0
26.9,21.26,67.45,77.88,34.0,3,65,1
34.04,20.91,73.44,20.51,25.2,2,65,1
23.28,18.1,73.92,78.07,11.2,1,40,0
24.66,16.56,86.73,78.56,53.9,1,160,0
44.29,15.54,55.16,60.74,76.0,1,188,0
22.14,19.74,91.04,24.62,33.2,2,83,1
30.48,20.94,75.47,37.87,65.3,1,188,0
29.06,24.09,86.1,65.68,26.8,1,79,0
40.04,21.17,83.45,50.1,91.6,3,149,1
28.73,18.98,50.47,68.35,10.7,2,30,0
39.72,18.52,71.43,70.35,9.0,3,20,1
39.77,15.75,73.61,42.74,59.5,1,149,1
16.54,18.88,68.3,63.76,91.9,3,175,0
30.0,18.52,77.08,27.74,72.4,3,138,1
28.84,22.76,80.86,74.01,40.6,1,117,0
22.15,18.47,50.53,52.15,27.3,3,53,1
17.86,21.69,88.16,73.15,93.0,2,238,0
20.88,22.86,95.65,77.46,0.9,3,20,0
43.64,24.69,60.5,39.15,91.0,1,226,1
18.79,22.4,83.86,55.03,88.7,3,169,1
25.32,19.71,71.83,74.81,46.4,1,137,0
36.27,23.78,59.18,45.36,24.8,1,62,1
42.3,23.1,74.11,44.75,81.0,2,175,1
24.81,19.31,55.91,67.55,53.4,3,100,1
37.59,22.64,76.83,77.32,51.1,1,127,0
35.78,23.6,69.66,23.85,46.0,3,75,1
16.94,17.88,83.58,75.43,93.6,2,236,0
39.9,19.33,56.07,76.61,53.3,2,115,0
35.67,19.51,77.41,56.75,77.1,1,193,0
41.75,19.07,56.9,39.45,22.0,3,36,1
42.53,15.64,53.62,44.99,59.5,3,96,1
23.8,21.67,51.3,20.01,3.2,2,30,1
39.32,20.43,80.64,37.09,8.6,3,20,1
43.62,21.53,96.73,53.25,31.1,2,66,1
27.76,15.54,91.75,39.5,49.2,3,96,1
28.78,17.99,75.42,23.65,99.2,2,252,1
19.38,23.56,57.22,39.31,38.0,2,96,1
35.57,23.36,59.45,37.91,10.5,2,30,1
37.44,16.72,86.59,38.62,61.4,3,99,1
32.71,22.79,70.14,39.24,76.9,2,195,1
23.89,21.76,60.34,57.74,89.1,3,169,0
39.76,18.06,96.54,21.88,48.2,3,78,1
23.1,20.52,72.94,66.31,37.7,2,96,0
34.73,16.24,78.8,56.03,14.7,1,40,0
33.03,21.04,53.02,65.37,94.9,2,241,0
26.34,24.21,55.42,21.41,68.4,1,200,1
27.98,23.79,90.3,32.01,54.4,2,141,1
33.77,20.76,71.06,41.15,17.0,2,43,1
43.21,23.17,97.6,64.91,44.1,1,109,0
19.84,18.26,67.24,65.95,17.4,2,44,0
40.46,22.24,64.34,55.74,67.0,3,108,1
32.88,20.39,82.63,44.12,88.8,2,227,1
32.72,20.22,91.69,38.38,29.7,3,59,1
22.72,16.35,77.22,75.8,13.4,3,26,0
28.8,15.76,76.78,38.41,6.6,3,20,1
32.35,19.74,80.15,44.58,15.2,3,28,1
38.84,15.79,62.09,42.02,18.7,1,45,1
29.08,15.53,52.8,73.72,85.5,1,251,0
16.49,17.24,69.38,22.57,33.1,3,62,1
44.03,15.83,84.28,26.79,79.6,3,129,1
26.56,17.78,92.04,51.4,64.7,3,123,1
43.43,21.1,63.81,34.44,47.4,2,103,1
26.79,23.59,69.15,51.73,16.3,3,30,1
32.18,23.24,68.87,25.01,99.1,2,253,1
21.05,16.22,52.22,37.27,93.9,3,179,1
42.5,17.91,70.6,73.74,55.0,1,137,0
21.75,16.86,50.84,58.16,16.4,2,41,0
31.93,23.02,77.66,78.7,10.1,1,40,0
31.5,20.78,78.12,39.94,17.6,2,46,1
27.58,18.65,89.09,69.8,98.9,2,251,0
36.22,23.83,50.82,33.94,35.8,1,90,1
41.82,19.18,87.32,67.25,5.3,2,30,0
29.04,24.26,96.0,52.61,46.0,3,87,1
20.25,22.41,77.19,43.57,35.5,1,104,0
23.67,22.48,90.43,66.51,14.9,3,28,0
38.0,19.45,72.24,20.61,81.8,3,132,1
27.33,16.68,62.4,59.4,94.8,1,255,0
43.37,22.08,58.86,28.41,16.7,1,43,1
22.04,24.1,87.48,40.54,76.3,1,224,0
19.78,23.61,80.5,77.07,17.1,3,31,0
17.63,25.18,83.82,39.28,15.3,1,44,0
25.13,19.85,81.16,49.84,62.2,2,161,0
26.48,23.49,82.44,76.09,43.8,2,113,0
16.41,23.31,54.64,26.41,88.5,1,255,0
22.82,17.18,66.8,74.21,50.4,1,148,0
22.52,24.18,75.37,25.88,94.8,1,255,0
45.31,15.75,52.8,53.47,34.8,3,58,1
23.23,22.29,82.5,26.97,56.8,1,166,0
30.71,17.7,74.53,65.68,90.9,2,231,0
17.56,24.51,88.82,26.55,78.2,1,227,0
32.42,19.54,97.33,40.72,8.8,2,30,1
38.76,23.81,75.18,51.33,2.0,2,30,1
23.18,23.12,90.01,44.54,57.2,2,145,0
16.7,15.39,96.64,58.81,81.8,2,210,0
37.52,18.64,95.7,79.83,31.7,1,78,0
24.17,16.57,67.67,35.94,60.2,3,117,1
31.28,22.05,64.68,46.18,79.1,2,202,1
25.27,15.43,62.75,30.48,31.8,3,61,1
32.61,18.81,73.46,31.54,57.6,2,146,1
27.21,15.48,65.37,30.29,54.7,1,163,0
16.48,15.86,94.43,62.17,40.9,2,104,0
34.03,22.84,77.98,61.82,43.2,1,126,0
20.14,19.01,76.98,40.94,92.5,1,255,0
19.08,16.99,54.54,36.07,99.3,2,254,1
30.62,23.25,85.85,34.96,26.2,2,67,1
29.56,25.26,68.68,46.08,42.7,2,110,0
31.82,19.43,54.99,59.76,1.9,3,20,1
44.34,23.27,49.2,32.51,67.3,3,108,1
25.86,16.88,74.49,66.51,37.6,2,94,0
21.89,19.48,99.61,45.02,19.7,2,50,0
24.4,24.28,88.26,66.48,89.7,3,171,0
33.15,17.92,66.6,76.85,85.4,2,216,0
42.96,22.32,86.76,39.2,45.9,3,75,1
27.94,25.15,96.04,44.53,78.7,3,151,1
35.01,21.1,96.78,71.04,49.8,2,107,0
32.5,20.76,89.7,22.46,45.5,1,136,1
19.58,24.35,77.35,79.73,16.8,1,50,0
17.47,19.2,66.79,69.93,4.0,3,20,0
24.63,20.31,63.04,57.88,98.1,2,252,0
36.63,20.9,65.73,69.8,10.7,1,40,0
22.05,22.49,84.02,79.88,39.6,3,74,0
17.53,20.8,65.46,32.18,18.6,2,46,1
20.88,16.73,77.73,51.11,52.6,3,99,1
37.74,23.52,81.64,49.32,85.7,3,138,1
33.12,19.63,63.78,58.61,44.9,1,130,0
38.0,15.99,64.28,70.22,75.5,3,121,1
25.01,23.54,69.72,61.53,7.8,2,30,0
17.13,19.45,68.24,53.79,26.1,3,49,1
20.05,20.88,51.06,34.75,58.7,1,173,0
36.37,19.14,85.19,72.28,96.0,2,207,0
24.88,16.48,91.72,71.02,17.0,2,44,0
23.88,17.02,65.53,51.42,80.6,2,205,0
17.39,18.07,93.38,42.85,27.7,3,53,1
31.68,20.93,90.39,49.51,65.1,1,189,0
29.86,21.66,64.46,66.06,39.7,2,103,0
36.56,23.66,58.32,54.16,74.8,2,160,1
40.67,19.05,88.74,80.35,71.6,2,155,0
40.15,18.86,76.79,52.48,22.9,2,47,1
28.99,18.26,62.08,46.43,81.3,1,236,0
21.31,16.48,88.37,62.69,50.9,3,96,0
20.23,19.89,84.04,38.84,67.0,1,196,0
31.41,18.62,60.61,28.56,79.9,1,232,0
29.91,20.2,86.28,57.72,25.0,2,63,1
39.13,15.31,94.28,76.76,34.9,1,88,0
18.02,23.69,91.24,78.23,47.6,3,90,0
18.68,23.27,89.18,59.25,19.7,3,37,0
17.61,19.07,66.73,33.43,31.5,3,59,1
30.99,22.58,83.44,34.56,2.1,3,20,1
16.56,21.16,76.79,47.57,18.6,3,37,1
25.08,15.48,54.95,52.11,69.5,1,203,0
16.35,23.71,51.6,59.73,32.6,1,94,0
19.74,20.58,62.66,48.05,62.6,2,159,0
36.37,15.31,74.73,63.35,11.8,1,40,0
37.12,23.79,52.16,66.8,13.6,2,30,0
28.66,16.9,52.54,72.89,78.9,3,152,1
39.44,18.7,93.15,26.76,93.2,3,151,1
25.93,23.02,63.58,76.05,67.6,1,200,0
38.46,15.46,59.7,72.67,15.6,2,33,0
18.35,21.34,67.36,38.98,58.5,2,149,0
17.41,23.4,89.82,58.62,57.0,2,145,0
37.99,21.04,53.35,44.16,83.6,1,208,1
34.56,25.07,74.55,56.65,15.9,3,31,1
19.97,16.9,63.88,72.49,76.7,2,196,0
39.8,19.43,74.08,67.43,78.0,3,125,1
44.32,19.21,78.15,61.96,58.5,1,147,0
42.04,23.46,86.36,62.61,14.5,1,38,0
21.5,17.02,59.21,76.0,16.0,2,41,0
19.5,15.74,84.31,36.95,95.9,3,184,1
41.83,22.1,75.31,55.92,56.7,3,92,1
17.45,24.66,83.19,26.01,62.0,1,182,0
16.47,15.18,89.86,67.99,13.3,3,26,0
43.24,16.76,69.3,64.54,70.6,3,114,1
41.15,24.57,66.07,27.34,94.6,2,203,1
22.88,17.09,69.66,25.78,17.5,2,45,1
32.9,22.48,61.13,26.24,21.2,1,62,0
22.61,21.73,62.41,69.54,3.2,1,40,0
38.93,24.77,62.09,24.05,28.7,3,46,1
36.57,23.58,69.95,52.93,0.0,1,40,0
18.41,16.39,50.31,79.5,78.7,1,230,0
17.04,18.95,88.2,22.09,70.2,1,206,1
27.2,21.14,76.92,58.78,71.2,3,136,1
18.76,21.8,69.08,75.11,93.3,3,177,0
37.7,18.88,97.25,24.25,7.8,2,30,1
25.4,22.0,97.14,76.6,83.0,1,243,0
40.87,17.43,51.75,58.52,15.9,2,33,1
38.63,21.94,50.93,76.67,85.9,2,186,0
31.77,22.0,64.18,52.69,34.1,1,100,0
25.98,19.61,94.91,72.37,59.7,1,174,0
28.81,21.64,93.66,32.31,82.6,1,240,0
22.24,19.74,79.27,30.79,72.0,1,209,0
34.89,23.92,86.25,58.36,15.7,2,34,1
36.87,16.79,89.31,48.43,49.7,1,124,1
27.74,21.4,88.48,75.71,64.2,2,162,0
35.64,15.69,54.5,63.14,77.5,2,194,1
32.13,22.94,64.02,43.56,39.8,3,74,1
38.94,20.0,86.07,34.81,93.0,3,151,1
19.35,19.53,69.66,59.48,99.1,2,253,0
34.13,15.47,91.87,24.51,50.1,1,147,1
42.99,16.9,93.44,36.87,29.2,3,47,1
25.08,19.95,70.89,23.28,74.2,3,143,1
28.62,21.9,57.5,71.75,0.0,3,20,1
34.67,18.68,89.2,37.05,30.0,3,57,1
42.23,23.22,65.11,30.72,30.2,2,65,1
37.45,18.47,91.92,67.12,42.4,2,93,0
27.46,23.98,78.39,25.67,32.5,2,84,1
44.17,19.01,93.12,78.52,38.0,3,62,1
40.24,15.92,95.13,22.86,24.0,2,52,1
21.46,24.69,71.49,23.25,72.0,1,209,1
17.32,22.59,79.88,53.8,32.7,1,93,0
39.21,23.59,96.78,26.4,87.9,1,219,1
30.15,17.41,57.95,63.49,27.5,3,53,1
41.73,20.18,78.58,70.59,13.9,2,31,0
44.05,23.53,59.06,36.14,10.4,2,30,1
24.86,19.19,90.45,28.69,70.7,2,178,1
19.8,16.33,55.98,25.35,57.7,3,110,1
17.42,16.4,65.89,35.52,72.4,1,213,0
38.01,22.25,97.21,75.1,68.3,3,111,1
20.15,23.22,52.86,61.47,29.0,1,86,0
34.54,22.22,61.35,53.09,65.9,1,194,0
31.69,18.81,77.92,69.73,84.2,3,160,1
22.12,21.69,70.85,35.87,36.0,2,91,1
24.41,24.7,91.33,56.48,2.6,2,30,0
32.61,24.05,78.99,57.91,59.9,1,175,0
31.83,18.38,91.63,43.76,55.5,3,106,1
20.57,17.79,82.55,39.92,60.8,1,177,0
30.11,19.38,94.32,67.7,10.4,1,40,0
27.56,15.95,65.89,78.96,95.1,1,255,0
41.16,23.79,53.86,41.64,67.5,1,167,1
39.92,18.78,69.68,40.72,3.4,2,30,1
29.72,16.01,54.34,48.89,51.2,2,129,0
34.37,16.82,88.43,74.07,63.9,1,185,0
22.06,25.15,92.96,47.83,23.8,1,71,0
30.55,23.46,75.76,57.23,40.9,1,121,0
20.13,15.07,60.67,29.78,10.0,1,40,0
43.92,18.12,75.96,75.96,8.2,3,20,1
25.34,17.51,74.1,51.35,47.0,3,90,1
28.27,20.78,60.36,43.59,68.0,1,201,0
37.87,21.45,92.82,64.9,5.9,2,30,1
19.52,24.22,90.25,41.85,73.9,2,185,0
43.46,22.44,75.17,59.4,28.1,2,60,1
27.76,17.88,74.15,39.29,42.6,2,109,1
21.91,16.1,53.2,69.77,12.5,3,23,1
29.12,18.48,57.5,75.49,72.2,3,136,1
33.21,16.68,71.59,19.53,66.1,1,196,1
19.6,15.93,74.6,30.17,88.7,2,226,1
23.48,20.9,60.56,23.89,35.7,2,91,1
28.51,20.02,86.82,49.07,9.4,1,40,0
29.02,23.8,98.02,78.22,57.9,2,149,0
43.46,17.76,85.19,60.45,30.4,3,49,1
43.48,21.93,91.45,51.39,23.9,3,38,1
28.27,23.28,62.16,22.09,43.7,2,110,1
31.67,24.05,76.99,26.4,79.9,1,237,0
27.7,18.43,54.05,22.46,17.4,3,33,1
40.0,19.55,74.67,37.2,48.7,2,105,1
25.12,15.25,79.13,70.23,71.3,1,208,0
18.89,16.85,90.84,56.56,23.9,2,60,0
29.38,21.84,97.97,78.99,51.2,3,97,1
21.42,22.23,58.64,24.63,9.6,1,40,0
35.84,17.85,57.86,57.45,90.0,3,146,1
43.31,22.7,95.3,69.56,39.7,1,100,0
42.08,22.05,58.75,34.32,27.3,1,67,1
16.95,20.83,90.21,79.58,85.1,3,161,0
21.13,18.2,84.47,72.01,41.7,2,106,0
37.69,24.81,70.53,26.04,69.6,3,111,1
35.06,23.39,59.9,38.25,54.6,3,89,1
42.66,16.3,89.55,75.99,67.9,3,111,1
42.32,18.68,56.31,36.6,64.2,1,160,1
25.14,19.05,73.56,31.62,44.4,2,112,1
40.0,23.84,82.48,30.83,20.0,2,42,1
28.08,24.49,89.8,71.95,40.3,2,103,0
35.18,18.71,98.61,24.89,11.4,2,30,1
25.51,18.15,89.43,23.95,41.1,3,77,1
44.0,20.32,75.69,73.46,91.6,2,199,0
21.17,18.19,95.65,78.15,32.9,2,84,0
29.27,20.28,57.39,65.82,31.8,1,91,0
29.45,21.41,80.99,77.59,66.1,2,167,0
37.4,21.39,64.85,29.8,93.0,1,231,1
16.97,16.86,71.68,52.35,86.0,2,218,0
25.75,15.16,77.87,31.97,88.6,3,169,1
32.92,19.89,54.69,65.36,6.2,2,30,1
39.14,22.44,84.18,29.76,94.9,1,236,1
19.62,15.07,74.45,55.62,3.5,1,40,0
37.71,16.19,57.95,57.18,55.9,1,139,0
31.03,23.38,75.32,66.27,5.0,3,20,1
41.32,16.05,57.3,61.59,33.5,1,82,0
26.01,19.68,65.77,47.23,1.6,1,40,0
22.26,18.61,84.79,40.06,19.6,2,49,1
25.45,18.11,77.13,70.07,93.8,3,178,0
40.68,23.4,83.6,41.34,66.0,3,107,1
32.42,14.74,80.31,48.49,27.2,3,52,1
37.25,20.2,75.33,71.62,57.4,3,93,1
17.51,16.23,57.35,25.18,30.9,1,88,0
31.82,19.45,68.1,29.83,58.3,2,148,1
34.14,23.29,62.23,20.27,69.2,1,202,1
24.51,22.83,87.56,23.45,19.7,3,36,1
20.57,22.95,86.88,69.01,44.0,1,127,0
38.74,20.38,93.13,27.35,78.4,3,127,1
38.6,22.05,53.76,77.1,31.1,2,66,0
38.65,22.68,80.54,32.97,88.6,1,221,1
21.58,17.39,56.36,43.18,98.5,1,255,0
42.53,18.08,49.66,48.46,11.5,2,30,1
26.82,16.11,50.12,54.57,30.3,3,57,1
39.91,16.28,56.0,62.78,7.9,1,40,0
21.94,17.49,67.75,32.61,9.8,2,30,1
38.37,18.85,85.61,54.83,86.5,2,188,1
31.15,22.04,97.71,51.54,68.3,1,201,0
21.14,23.16,66.86,66.15,65.8,1,194,0
16.23,16.92,66.49,52.82,13.4,3,24,1
34.61,17.6,71.86,52.39,81.0,1,239,0
43.62,23.64,78.79,30.13,16.6,2,37,1
37.41,21.94,50.76,70.59,21.7,3,36,1
42.78,15.48,76.59,54.0,75.6,3,124,1
44.28,23.49,56.41,64.91,36.1,1,88,0
20.72,15.89,73.08,33.2,98.9,1,255,0
18.12,24.0,61.68,73.87,20.8,1,62,0
39.87,24.95,54.68,30.28,4.8,1,40,1
29.95,18.07,85.01,37.25,63.6,1,188,0
17.6,16.91,93.61,48.41,81.7,1,240,0
17.82,18.11,72.08,42.42,1.5,2,30,0
31.41,22.25,90.55,72.67,17.5,3,34,1
38.77,24.8,53.22,68.05,24.2,2,52,0
32.48,19.36,94.77,63.8,12.7,1,40,0
21.16,24.57,92.3,45.85,53.2,3,101,1
28.08,19.56,55.74,44.68,34.0,3,64,1
38.08,23.46,63.72,68.45,36.2,1,89,0
20.44,19.19,67.67,58.85,18.9,2,46,0
43.09,24.55,69.64,79.89,26.3,2,58,0
42.32,24.84,70.38,45.76,17.0,3,26,1
31.75,16.18,84.36,49.7,62.7,3,121,1
27.68,22.29,77.68,43.74,32.8,1,95,0
43.18,20.02,70.52,52.2,6.6,1,40,0
29.08,21.7,78.38,61.97,27.1,3,51,1
42.54,17.13,88.04,31.1,90.3,1,224,1
37.36,19.15,54.25,61.41,50.1,2,110,1
40.13,15.45,92.34,31.03,27.7,3,44,1
40.43,16.01,65.43,38.35,65.4,3,106,1
29.73,20.94,79.15,24.59,48.3,2,123,1
31.23,24.04,59.41,36.68,69.6,1,205,0
20.37,22.49,54.78,56.32,16.4,2,42,0
43.26,19.64,56.71,47.82,17.3,1,45,1
23.65,16.6,79.19,69.59,75.2,1,218,0
31.21,18.32,91.98,69.45,38.6,3,75,1
43.68,24.98,75.03,53.2,55.6,1,138,0
33.32,19.84,72.13,42.26,47.4,2,120,1
41.13,19.79,75.76,42.61,10.8,3,20,1
25.54,24.64,86.6,46.53,44.9,2,115,0
23.79,18.81,80.22,37.36,56.1,3,106,1
39.72,17.58,92.76,21.13,93.8,1,232,1
34.5,23.37,79.89,39.47,72.6,2,187,1
21.44,24.72,90.27,26.6,95.0,3,180,1
32.1,16.7,69.22,56.95,4.2,1,40,0
25.53,21.33,79.22,32.22,42.7,1,128,0
25.82,23.05,50.26,58.06,38.6,3,75,1
23.67,15.75,97.96,65.01,13.7,3,25,0
29.85,23.45,56.19,37.74,95.6,3,181,1
45.17,16.8,69.03,72.68,99.7,1,248,0
36.02,18.46,79.31,54.56,29.4,2,63,1
37.73,23.87,89.41,43.12,70.8,2,153,1
33.01,23.18,52.75,25.29,27.6,3,54,1
25.88,20.7,80.31,51.58,85.3,1,251,0
30.25,19.5,87.09,44.18,31.3,2,81,1
33.67,15.42,61.14,22.69,29.3,1,85,1
17.44,17.12,59.26,69.68,45.1,2,116,0
37.06,16.76,86.09,23.54,15.2,2,32,1
20.97,20.31,93.05,24.65,8.2,1,40,1
32.32,16.15,70.23,67.39,93.6,1,255,0
34.09,17.65,86.68,28.85,66.1,2,170,1
35.94,24.68,82.02,36.97,9.3,1,40,1
20.82,17.29,74.6,36.9,66.0,3,126,1
34.85,21.53,80.65,52.3,74.0,2,190,1
41.75,15.72,65.83,53.21,88.1,1,217,0
17.38,16.18,79.27,37.68,14.7,1,40,0
32.46,22.58,77.02,50.96,12.9,3,25,1
30.03,18.43,80.6,75.72,34.8,2,88,0
28.74,21.37,78.7,40.66,49.6,2,126,0
41.66,22.35,68.61,41.81,72.2,3,116,1
20.37,22.29,87.21,55.7,24.2,3,47,0
17.9,16.59,57.73,23.59,89.2,1,255,1
18.57,17.02,77.3,53.92,17.2,3,32,1
23.63,15.32,62.72,54.77,8.2,2,30,0
19.12,19.45,92.27,42.92,42.8,3,81,1
21.1,22.15,87.75,70.65,86.3,1,253,0
33.04,18.43,66.96,53.81,91.6,1,255,0
44.42,20.85,81.83,60.81,2.9,2,30,1
39.71,24.73,90.85,60.7,35.9,3,58,1
41.46,17.31,67.09,39.94,20.1,2,43,1
26.65,22.71,51.01,40.01,8.1,2,30,1
40.39,22.14,81.16,67.37,11.0,3,20,1
25.7,23.79,93.46,23.96,12.8,1,40,1
37.85,22.82,75.98,73.67,96.5,2,209,0
35.2,22.17,73.74,66.29,96.5,3,157,1
18.16,20.16,55.91,53.59,73.1,1,213,0
35.62,23.86,55.72,48.22,67.3,3,109,1
29.38,14.77,96.75,22.15,60.2,3,114,1
42.53,21.54,86.0,32.69,91.4,2,197,1
18.28,18.55,85.29,72.67,53.4,3,103,0
35.17,16.77,98.48,24.03,50.1,2,128,1
21.2,22.98,60.48,66.45,48.8,3,92,0
41.68,17.13,93.49,36.72,84.6,3,138,1
29.04,17.95,79.35,23.31,80.4,1,236,1
40.6,16.01,76.32,59.38,23.5,1,57,0
26.05,20.91,75.69,42.48,84.7,3,162,1
38.07,20.65,95.83,58.49,15.7,3,24,1
28.83,19.83,58.92,66.52,86.8,3,165,1
24.79,17.06,80.19,48.93,66.8,2,170,0
25.93,16.27,87.81,51.29,83.6,3,159,1
21.3,22.83,82.41,39.99,4.4,3,20,1
29.9,15.66,58.62,33.92,77.7,2,195,1
43.89,17.95,69.33,47.06,24.9,3,41,1
26.51,19.43,74.07,20.93,5.1,3,20,1
44.97,19.15,82.06,74.96,3.2,2,30,0
44.25,23.98,61.04,49.27,25.7,3,42,1
29.83,24.38,79.58,42.5,11.2,1,40,0
32.53,15.51,84.85,52.23,56.5,3,109,1
39.44,19.15,95.2,53.07,12.0,3,20,1
32.89,24.48,65.07,42.02,65.7,1,195,0
26.02,16.34,64.8,48.74,67.1,2,171,0
43.98,19.21,53.76,34.74,10.4,1,40,1
25.52,20.81,61.67,54.83,43.4,2,108,0
17.73,23.88,50.11,72.71,76.4,1,224,0
44.16,24.75,70.96,30.43,54.1,3,88,1
21.78,23.43,93.05,25.23,15.6,1,45,1
30.21,23.94,75.87,46.45,50.1,1,143,0
31.0,15.53,92.86,77.19,68.2,2,174,0
25.02,16.43,89.08,32.71,41.5,2,106,1
19.34,21.32,90.8,73.92,29.3,2,73,0
24.73,21.3,56.97,68.62,52.2,1,154,0
20.42,24.31,58.91,27.32,19.7,3,36,1
33.88,22.32,91.28,53.03,95.0,1,255,0
35.34,18.47,58.45,34.55,85.3,2,182,1
40.94,20.29,65.67,67.42,5.3,2,30,0
40.31,21.05,66.07,71.08,61.7,1,155,0
41.72,20.23,68.01,63.12,62.6,3,100,1
17.13,24.64,71.71,59.81,19.6,1,58,0
41.23,20.26,93.17,33.38,94.3,3,152,1
42.94,18.82,77.94,65.54,61.2,2,131,1
39.08,19.53,67.84,35.4,75.7,3,122,1
45.27,16.96,93.76,54.2,35.6,1,88,0
34.97,20.0,64.24,31.52,96.4,2,243,1
25.56,15.29,91.5,31.91,96.6,1,255,0
35.47,25.47,78.48,47.63,29.2,2,63,1
27.88,24.34,61.36,48.26,77.9,1,228,0
39.61,16.88,82.96,75.93,54.8,3,87,1
21.67,24.22,87.12,36.09,82.3,2,207,1
40.25,17.44,53.48,26.27,49.8,1,123,1
21.94,17.53,67.65,58.56,80.9,3,156,0
19.82,16.72,63.56,71.99,70.6,2,181,0
42.54,20.78,58.38,58.61,46.6,1,116,0
38.57,17.44,58.07,42.46,78.4,2,171,1
35.85,17.58,80.27,35.8,99.1,2,213,1
25.51,18.67,76.92,36.59,11.3,2,30,1
36.48,23.77,53.82,46.46,15.2,1,40,1
32.49,24.02,86.53,60.99,97.2,2,249,1
22.46,23.5,67.5,24.43,9.9,2,30,1
27.45,20.83,51.66,77.3,6.3,1,40,0
25.12,20.62,84.87,49.34,30.0,1,89,0
44.29,19.36,96.39,25.95,15.5,3,26,1
43.39,17.76,61.17,23.0,10.3,2,30,1
21.61,18.23,93.93,57.85,91.8,1,255,0
36.09,18.98,95.86,31.3,61.5,2,135,1
34.01,22.47,95.11,35.59,95.0,1,255,0
40.47,20.53,89.36,62.5,69.7,3,114,1
21.67,17.68,79.83,44.35,41.3,1,121,0
37.11,24.16,58.34,56.0,41.7,3,68,1
30.24,23.99,56.34,57.83,93.5,1,255,0
16.63,17.57,85.61,41.29,8.7,3,20,1
31.96,16.14,73.31,28.13,42.9,1,123,0
28.78,24.36,76.55,26.12,92.9,1,255,0
24.14,22.18,80.28,54.42,64.9,2,166,0
31.67,15.49,86.75,26.73,27.6,1,79,0
22.71,20.91,65.05,34.0,18.7,1,56,0
35.99,22.79,61.6,36.99,53.6,3,86,1
41.6,19.79,95.89,59.18,84.9,2,184,1
38.74,19.84,92.66,58.78,76.5,1,190,0
19.95,24.96,55.35,29.49,81.9,1,240,0
26.17,18.82,96.04,45.0,59.3,1,171,0
28.89,15.88,95.67,31.75,76.9,3,147,1
40.63,23.87,80.86,32.89,52.9,2,112,1
23.95,24.65,64.5,58.8,93.8,1,255,0
35.18,16.78,82.44,35.58,69.0,3,131,1
41.21,18.5,87.97,62.5,30.8,2,66,1
34.47,19.62,55.35,76.93,83.0,1,244,0
26.77,20.06,95.72,54.52,63.6,1,187,0
41.13,20.9,87.08,23.68,14.8,1,38,1
27.32,19.04,71.3,34.03,85.0,2,216,1
27.71,24.25,84.35,67.54,93.7,1,255,0
27.14,22.57,57.71,52.42,92.0,2,232,0
34.56,15.36,97.34,20.68,93.4,2,239,1
33.13,16.94,62.72,25.42,87.7,2,224,1
43.64,18.11,59.57,40.59,6.1,3,20,1
41.94,16.28,64.0,48.85,26.5,2,58,1
34.36,19.58,59.2,28.79,50.1,2,125,1
33.83,20.54,62.23,56.22,1.2,1,40,0
20.3,22.74,79.05,25.23,37.7,3,72,1
39.97,22.03,57.15,55.62,82.1,3,134,1
26.9,23.05,68.38,22.59,64.2,1,186,1
17.53,21.4,62.3,42.31,0.0,2,30,0
19.13,22.61,71.81,70.52,23.0,1,66,0
19.92,19.57,67.7,60.18,63.2,2,161,0
42.39,22.44,51.64,52.08,34.6,3,55,1
25.54,16.36,62.22,24.68,63.8,3,120,1
18.39,19.35,73.42,52.83,68.8,2,174,0
19.22,15.61,94.47,64.38,6.1,1,40,0
44.27,21.9,52.96,39.61,55.6,1,140,1
29.63,19.65,92.01,31.24,17.8,1,53,0
17.06,17.24,60.11,76.57,14.1,2,36,0
32.57,22.08,92.58,55.25,57.7,3,108,1
29.76,21.19,85.61,19.97,85.3,1,251,1
29.52,19.55,64.97,72.86,56.6,2,144,0
30.26,18.88,92.1,24.75,91.8,1,255,1
39.68,17.9,53.06,67.2,86.8,2,188,0
30.75,24.23,77.65,42.22,54.5,1,158,0
18.11,16.13,82.81,70.74,20.0,3,38,0
23.55,24.34,95.75,61.35,71.7,2,182,0
26.23,16.98,65.09,54.44,42.9,1,125,0
43.27,22.49,77.92,33.85,66.3,3,107,1
40.19,24.6,78.61,60.28,43.9,1,111,0
36.31,23.46,64.4,50.48,62.2,1,154,0
16.48,15.95,96.98,23.26,28.1,2,72,1
21.63,16.53,62.23,38.68,25.0,2,62,1
40.94,24.22,77.32,77.13,81.9,2,177,0
18.73,19.77,79.11,77.46,42.1,2,105,0
29.12,25.3,79.39,30.26,1.3,3,20,1
21.87,17.98,94.72,79.17,31.4,3,59,0
34.65,15.02,84.87,78.79,47.4,2,120,0
25.34,18.72,62.23,28.29,37.5,3,72,1
41.59,17.07,75.67,27.97,54.9,3,89,1
20.85,23.33,60.44,19.48,52.6,2,133,1
43.84,20.12,76.36,43.03,96.0,3,155,1
42.8,24.04,58.04,30.68,48.5,1,118,1
17.6,19.65,87.28,30.57,40.3,1,117,0
43.67,20.97,75.68,57.45,94.4,2,204,1
28.9,23.95,85.76,45.2,55.5,1,162,0
19.78,23.55,92.9,52.65,33.5,1,99,0
32.22,18.54,94.06,44.63,61.1,1,180,0
30.52,16.17,67.48,37.02,74.7,3,142,1
29.41,20.56,66.06,56.75,89.4,2,227,0
23.79,23.6,89.22,57.68,26.2,1,80,0
30.5,23.35,87.83,71.6,57.0,1,167,0
16.66,24.21,56.46,66.04,34.7,3,66,0
20.88,15.48,59.91,45.26,49.1,3,94,1
23.94,20.25,57.28,74.92,18.2,3,33,0
26.2,20.35,80.49,29.96,73.2,3,140,1
20.38,19.14,51.73,47.07,71.9,3,138,1
31.73,17.85,95.38,55.17,98.9,2,250,1
17.03,23.32,86.71,38.12,29.1,3,55,1
30.52,20.23,71.36,39.67,35.6,2,89,1
21.15,21.76,94.67,21.1,25.3,3,48,1
22.13,14.54,55.07,63.11,18.6,2,46,0
36.33,19.1,96.5,46.22,97.8,2,212,1
25.44,21.76,72.47,56.07,67.8,1,198,0
38.5,18.34,81.6,70.49,25.3,3,41,1
22.74,20.21,84.69,67.0,51.8,1,152,0
34.82,17.78,92.51,24.15,81.1,3,154,1
34.22,22.51,90.43,27.22,76.6,3,145,1
27.78,21.01,88.09,29.75,42.7,1,123,0
37.48,15.55,82.76,51.05,13.6,3,21,1
16.89,20.94,97.06,25.33,28.3,1,83,1
17.6,17.04,67.02,22.24,32.3,2,80,1
39.13,20.36,65.97,21.03,80.2,3,129,1
35.72,20.33,88.51,78.54,97.2,1,240,0
39.67,21.23,71.63,71.83,43.7,2,94,0
41.57,21.04,64.1,76.75,77.9,1,196,0
40.63,16.82,57.05,29.27,19.6,1,48,1
21.25,17.22,58.79,63.04,14.9,1,43,0
35.69,18.48,65.5,70.06,79.9,3,127,1
18.37,21.57,87.19,53.19,35.4,3,68,1
19.98,19.65,72.07,28.45,99.7,1,255,0
30.28,22.51,63.35,65.78,64.6,2,165,0
26.09,20.24,87.04,67.09,85.7,1,253,0
31.64,24.82,51.83,61.19,62.0,1,183,0
45.05,22.61,59.06,58.54,1.6,1,40,0
45.98,15.3,64.48,28.6,32.0,1,78,1
37.69,23.97,86.55,20.41,26.5,3,42,1
34.76,23.08,52.28,64.81,88.0,1,255,0
28.97,18.24,79.18,23.8,89.2,1,255,1
37.3,17.58,64.65,36.54,78.1,2,169,1
26.72,24.84,73.09,63.01,46.7,2,121,0
38.76,16.05,88.4,56.65,28.7,1,72,0
19.69,23.57,73.44,20.9,92.5,3,176,1
27.45,24.1,90.77,66.9,99.0,3,189,1
32.75,18.06,74.56,64.8,50.6,1,145,0
43.56,17.48,72.41,60.65,1.4,1,40,0
40.2,15.98,93.61,70.64,74.2,2,160,0
38.93,22.81,86.73,54.12,95.5,3,154,1
37.97,15.97,93.92,22.49,4.6,3,20,1
42.64,16.55,56.64,26.88,36.2,1,89,1
20.57,24.29,62.11,34.4,17.0,3,31,1
24.11,23.14,56.71,40.73,34.1,2,88,0
40.77,22.88,77.92,62.76,34.2,2,73,1
41.63,18.4,96.54,77.22,78.6,3,127,1
19.64,16.17,97.86,22.3,26.4,1,79,1
30.73,24.69,90.31,31.66,18.2,3,34,1
29.49,16.65,89.51,41.3,67.1,2,168,0
18.27,23.17,53.64,71.9,10.5,2,30,0
27.1,21.47,57.05,60.16,6.8,2,30,0
34.29,16.66,91.05,64.8,57.9,1,169,0
34.81,15.45,83.0,64.16,55.0,1,158,0
27.02,15.76,84.34,58.86,42.7,2,108,0
37.26,23.21,61.43,25.8,76.1,1,189,1
36.56,17.81,96.93,79.5,82.5,2,178,0
23.7,19.63,82.18,40.47,0.5,3,20,1
18.73,23.81,73.31,51.75,59.3,3,111,1
36.83,19.18,98.72,33.95,78.6,1,193,1
26.53,15.54,74.47,35.38,62.2,1,180,0
44.76,22.16,67.2,25.07,67.5,2,144,1
31.15,17.32,84.99,67.43,36.8,2,92,0
32.32,24.57,84.68,74.58,24.7,1,71,0
24.83,16.87,73.71,28.95,27.1,2,69,1
44.4,23.92,87.79,29.2,97.6,3,157,1
28.42,14.76,91.75,25.82,97.8,1,255,0
21.94,22.26,88.88,78.64,50.0,1,147,0
28.61,24.58,65.65,47.47,22.9,2,58,0
39.38,19.65,53.29,31.11,14.7,1,37,1
20.72,18.52,95.11,77.94,83.8,1,246,0
31.72,14.53,61.1,49.62,33.3,1,96,0
22.0,21.34,53.87,22.31,86.7,2,219,1
27.29,17.99,94.0,60.09,20.8,1,61,0
25.98,21.04,56.42,76.26,55.8,1,160,0
29.65,23.58,86.6,56.33,5.1,2,30,0
38.38,18.86,82.24,42.88,58.0,1,142,1
31.17,22.06,66.88,42.29,8.5,3,20,1
31.48,17.12,82.64,22.62,19.7,2,51,1
40.93,15.69,56.19,73.56,41.6,3,67,1
23.45,17.95,79.07,52.03,39.7,2,100,0
21.96,21.53,63.95,51.94,12.8,3,23,1
22.82,16.27,52.78,77.3,22.4,1,62,0
20.95,23.48,65.76,79.07,38.9,3,73,0
29.22,21.03,81.31,74.96,82.8,2,209,0
42.2,24.77,88.12,25.91,7.5,2,30,1
23.55,22.34,82.13,35.58,39.4,3,76,1
37.98,23.89,81.31,72.71,6.8,1,40,0
39.54,18.58,58.62,49.12,47.5,1,116,1
33.08,15.93,89.48,41.43,8.2,3,20,1
39.92,18.28,60.53,74.6,73.0,3,119,1
40.17,16.12,59.78,48.93,27.6,3,46,1
23.72,17.69,77.48,29.81,18.2,3,33,1
24.42,18.57,54.47,57.92,17.3,1,51,0
33.64,20.57,64.94,34.53,38.6,1,114,0
37.21,17.06,66.66,32.89,29.3,3,47,1
17.01,23.96,86.64,55.35,17.8,2,43,0
26.16,21.18,95.76,44.13,49.5,1,144,0
36.38,21.6,92.9,53.74,24.3,3,39,1
22.17,24.91,90.48,76.47,21.3,2,54,0
27.64,15.99,83.9,49.92,30.5,3,58,1
33.06,18.83,61.49,19.44,87.0,1,255,1
44.32,22.73,71.49,33.36,57.1,1,142,1
26.68,20.07,87.36,52.69,62.4,3,118,1
27.58,21.28,89.49,71.68,25.9,3,48,1
43.6,16.36,88.41,51.51,96.3,3,159,1
18.97,22.63,63.21,60.1,10.2,3,20,0
32.41,23.64,80.98,65.12,32.1,3,61,1
44.8,24.67,56.23,39.5,39.0,3,63,1
23.35,19.91,78.95,57.28,75.8,2,193,0
16.7,19.15,97.4,72.78,93.2,1,255,0
19.12,16.19,88.42,49.08,36.5,2,91,0
43.59,15.16,94.3,45.77,66.3,3,107,1
16.14,16.2,96.3,66.86,40.4,1,118,0
38.2,21.17,86.23,38.88,75.8,1,187,1
25.77,21.26,95.03,46.93,34.9,1,103,0
24.51,20.72,62.73,30.29,88.4,2,225,1
29.52,20.05,79.54,22.42,12.2,1,40,1
19.07,23.55,66.47,33.37,49.4,2,124,1
23.52,19.27,96.45,68.75,13.2,1,40,0
34.09,19.73,70.47,22.58,86.3,3,165,1
21.57,17.89,82.7,77.59,21.3,1,60,0
24.11,21.21,98.11,30.19,9.7,2,30,1
23.29,20.4,53.9,50.83,8.7,1,40,0
31.6,19.3,87.38,79.58,73.6,3,140,1
26.98,17.63,59.97,30.34,73.6,3,140,1
33.19,20.25,60.1,46.5,47.2,2,118,1
43.62,16.77,57.64,70.05,71.4,1,178,0
19.73,21.49,90.43,29.88,8.2,3,20,1
41.49,16.52,66.5,46.47,47.1,1,118,1
19.09,19.47,73.53,46.89,78.4,3,148,1
19.48,19.03,61.0,76.6,36.2,1,105,0
40.61,23.47,91.65,30.71,65.2,2,140,1
28.0,18.63,57.65,23.19,74.6,2,190,1
43.28,14.95,62.65,62.2,87.6,3,141,1
31.56,23.3,80.73,64.23,79.0,3,151,1
30.56,21.74,51.86,24.38,32.9,1,95,1
26.04,15.28,92.74,63.9,43.4,1,127,0
26.15,22.07,92.29,30.42,71.8,1,209,0
40.32,21.05,91.81,55.16,77.6,3,125,1
34.57,15.61,92.24,20.82,80.9,3,153,1
40.14,17.97,85.71,27.16,6.5,3,20,1
20.62,17.76,63.91,38.31,32.7,2,83,1
21.66,16.22,64.09,59.47,50.8,3,95,0
41.15,18.59,88.85,67.14,82.6,3,133,1
33.51,21.15,49.37,46.63,71.5,2,181,1
42.93,20.5,97.41,76.87,12.0,1,40,0
41.02,18.35,58.54,22.48,97.7,3,160,1
21.36,17.61,50.52,54.1,38.9,2,101,0
27.3,21.16,81.08,44.38,18.6,1,53,0
30.83,19.93,86.24,55.81,46.9,1,134,0
40.98,14.91,65.23,72.94,24.6,2,51,0
35.64,24.3,75.7,54.9,29.5,3,48,1
39.28,19.81,70.73,29.06,17.4,1,44,1
23.42,20.87,49.55,21.18,13.9,2,36,1
40.6,24.22,51.36,23.67,94.0,3,151,1
28.74,19.68,98.56,72.71,30.9,3,58,1
24.36,23.26,51.64,45.51,6.0,1,40,0
16.58,22.66,60.34,42.94,28.5,3,54,1
26.2,20.45,83.58,40.96,69.4,1,204,0
29.39,22.17,68.12,69.7,14.4,2,37,0
41.55,22.79,55.35,77.03,6.5,2,30,0
31.09,17.1,92.63,33.53,65.6,1,192,0
35.9,23.06,60.51,78.53,13.0,2,30,0
15.43,15.11,62.85,64.02,36.6,3,69,0
16.75,16.25,84.38,47.74,44.6,3,85,1
32.52,19.23,86.71,55.79,66.9,3,127,1
19.55,23.06,58.93,67.38,16.2,2,41,0
44.55,17.06,90.8,35.07,24.2,1,62,1
27.11,15.21,90.36,21.52,73.0,2,186,1
16.96,15.47,90.66,37.91,31.2,1,93,0
26.37,19.45,58.09,23.24,34.8,3,66,1
25.65,23.73,93.0,47.8,89.6,3,169,1
29.24,19.13,67.8,41.13,16.9,2,42,0
34.25,24.67,76.35,65.84,15.6,1,45,0
44.41,17.46,63.43,71.02,39.3,3,63,1
42.52,19.97,94.65,40.56,87.5,1,220,1
35.64,20.34,88.46,44.47,41.2,2,90,1
44.71,18.89,75.27,58.62,20.0,2,41,1
16.85,18.93,60.77,32.39,37.2,1,110,0
26.37,15.96,83.6,79.47,73.3,3,141,1
28.56,17.04,93.55,46.16,60.7,3,114,1
31.99,20.34,63.14,32.88,27.9,1,81,0
42.52,21.41,69.18,79.36,2.8,2,30,0
33.39,20.24,54.32,34.06,49.1,2,125,1
40.65,24.32,87.38,30.49,16.8,2,37,1
34.98,19.65,79.88,46.58,53.3,3,101,1
35.24,17.88,54.37,23.28,61.4,2,155,1
19.73,21.34,84.87,62.08,24.9,1,75,0
18.25,21.19,82.24,77.31,89.2,2,229,0
18.61,15.51,71.85,67.42,8.5,2,30,0
40.43,15.79,62.22,72.41,24.9,1,63,0
18.81,20.73,86.51,75.94,90.3,1,255,0
20.83,21.82,66.37,64.66,22.3,3,40,0
28.57,20.36,75.77,50.71,8.2,1,40,0
42.65,16.37,50.83,36.32,91.8,3,149,1
26.83,21.07,74.01,74.69,56.7,1,165,0
26.05,17.42,55.9,22.83,98.0,2,251,1
19.84,22.56,59.87,40.0,66.9,3,128,1
19.64,24.36,56.87,25.78,35.3,3,66,1
37.49,19.89,55.6,36.76,23.1,3,38,1
18.85,20.35,86.26,50.03,50.9,2,129,0
26.04,18.35,66.57,74.49,21.4,1,61,0
39.93,19.0,94.1,48.34,84.2,3,137,1
23.65,22.35,82.04,76.2,46.2,2,118,0
24.99,22.97,76.76,26.15,58.5,1,172,0
31.67,23.29,89.79,71.15,58.1,2,146,0
30.03,23.21,68.83,72.4,32.7,1,94,0
20.46,24.76,60.9,49.22,98.3,1,255,0
42.13,20.62,72.9,69.9,55.0,3,88,1
27.94,19.52,87.84,40.42,50.3,1,148,0
24.94,22.04,80.69,69.0,58.0,3,109,0
28.22,14.91,69.02,29.31,40.3,3,76,1
23.57,20.31,72.26,42.22,28.1,2,70,0
30.91,22.26,73.7,61.35,3.3,1,40,0
23.86,20.11,69.89,38.8,83.2,1,243,0
35.17,23.51,54.51,60.26,8.9,1,40,0
19.95,16.84,49.52,36.89,62.2,1,181,0
42.38,16.55,83.83,20.22,24.9,2,53,1
35.65,19.46,78.4,74.87,64.9,2,141,0
23.14,17.46,76.77,37.71,80.9,3,155,1
15.44,17.56,67.8,31.27,60.3,1,177,0
34.52,18.7,97.11,59.45,86.5,2,220,1
28.89,23.05,86.69,33.68,35.4,2,89,1
30.49,20.28,53.2,73.85,24.6,1,70,0
34.74,22.49,74.52,74.23,43.9,2,94,0
30.66,16.45,82.93,57.94,62.7,3,119,1
22.66,23.68,53.68,46.2,23.7,2,60,0
42.09,18.35,97.7,70.52,45.4,2,98,0
34.2,21.24,60.18,38.71,33.5,1,101,0
43.4,20.48,62.34,67.82,22.4,1,55,0
36.83,15.12,56.0,32.29,59.4,3,97,1
39.66,21.79,61.8,51.92,61.3,3,99,1
18.34,23.08,69.98,30.56,12.5,1,40,0
36.72,20.69,94.53,74.04,5.0,1,40,0
16.12,21.05,70.39,29.78,97.0,2,247,1
20.52,15.62,76.99,48.87,32.5,1,97,0
41.4,20.24,63.18,53.84,26.2,2,57,1
35.94,16.7,69.27,24.26,81.9,2,177,1
23.85,17.68,92.8,62.72,35.6,2,88,0
36.44,20.79,58.72,61.06,0.6,3,20,1
27.7,14.53,91.11,46.71,76.4,1,222,0
17.31,19.75,76.96,31.5,25.3,1,74,0
37.96,19.67,57.96,22.72,69.6,2,151,1
34.87,18.41,78.48,70.88,4.1,2,30,0
31.16,22.05,92.91,27.92,6.5,2,30,1
43.36,16.18,62.74,80.17,47.4,1,119,0
30.95,22.61,59.7,70.87,16.1,3,29,1
38.26,24.06,83.84,40.44,79.3,3,128,1
44.89,22.3,82.98,36.07,31.6,2,67,1
37.88,17.74,95.19,66.47,36.7,2,78,0
29.47,21.85,95.13,22.89,38.7,3,75,1
24.85,16.34,51.06,34.94,51.6,3,98,1
30.41,15.66,77.91,42.53,52.5,2,132,1
19.47,21.74,78.92,68.2,55.3,2,138,0
21.35,19.8,69.18,72.91,78.4,2,196,0
26.64,15.93,95.79,70.34,30.7,2,79,0
34.77,21.54,55.06,55.61,10.1,2,30,1
31.69,17.0,55.13,57.46,82.6,2,209,1
18.09,21.17,86.39,30.02,25.0,2,62,1
26.97,22.76,61.66,60.87,46.0,3,89,1
36.23,16.83,86.01,71.5,81.4,2,176,0
33.4,16.52,66.95,68.36,86.3,1,251,0
19.14,17.59,64.77,42.59,27.9,1,80,0
24.8,23.64,70.9,22.44,48.7,1,142,1
42.86,21.68,92.37,32.07,7.6,1,40,1
17.15,17.33,64.06,44.0,7.5,2,30,0
28.77,21.8,68.27,46.81,82.9,1,242,0
15.83,15.36,66.34,66.13,11.2,3,20,0
43.79,22.49,56.31,44.85,54.7,1,134,1
36.1,16.18,68.52,63.92,34.3,2,73,1
33.15,19.94,78.0,49.89,84.5,3,163,1
31.79,23.51,69.39,60.15,3.9,3,20,1
28.11,20.27,85.67,55.18,29.2,1,85,0
27.24,16.62,57.32,47.23,12.1,2,32,0
21.12,20.15,60.68,31.57,24.7,2,63,1
32.27,24.64,67.78,50.27,76.1,1,219,0
36.53,22.16,83.63,35.71,44.3,3,72,1
35.78,17.84,94.47,30.79,30.0,1,75,1
39.41,19.3,76.79,52.39,58.1,1,143,0
26.88,16.76,66.57,52.35,65.9,2,169,0
19.37,19.14,68.54,58.48,18.8,1,57,0
43.82,22.82,85.52,46.47,89.3,3,144,1
36.85,23.74,61.94,65.17,38.9,1,98,0
39.08,15.35,72.99,46.09,20.8,2,43,1
36.74,24.95,73.99,41.9,85.7,1,212,1
40.22,16.12,81.06,23.75,72.1,3,117,1
33.31,18.87,93.49,31.85,35.5,2,91,1
25.3,19.1,79.09,53.05,36.1,1,105,0
32.19,21.5,60.0,65.91,58.0,3,112,1
37.95,20.25,91.25,70.33,49.5,2,107,0
42.78,24.15,80.37,43.02,60.0,3,98,1
26.71,22.35,76.84,60.7,15.8,1,46,0
17.58,25.05,73.71,60.28,72.8,3,139,0
32.77,18.19,69.78,63.29,77.9,2,198,1
30.01,17.25,70.49,43.62,32.6,2,84,0
34.19,20.14,51.38,72.42,48.4,2,124,0
18.72,18.75,97.44,35.99,96.0,1,255,0
25.86,15.91,91.07,45.31,14.2,1,42,0
38.44,17.42,74.39,61.7,95.5,3,154,1
27.12,14.8,85.27,49.14,7.1,2,30,0
42.84,20.46,79.11,24.48,71.7,3,115,1
22.78,23.65,78.76,61.59,22.4,1,65,0
22.62,15.52,95.58,38.86,1.2,3,20,1
44.59,19.58,59.53,26.12,20.2,2,45,1
28.93,17.99,90.21,38.65,45.1,3,85,1
24.5,21.16,88.48,21.27,3.3,1,40,1
25.7,16.28,83.17,35.49,66.9,3,126,1
15.82,17.44,79.28,37.96,35.5,2,91,1
20.44,24.52,70.44,25.67,22.3,1,67,1
20.54,19.39,67.47,62.4,72.7,1,211,0
32.4,18.81,83.03,80.68,4.9,1,40,0
44.22,16.12,86.28,64.99,27.2,1,67,0
44.66,17.03,56.45,25.02,21.4,1,53,1
29.94,21.78,58.53,73.06,80.0,1,234,0
36.12,21.64,65.65,62.1,35.3,2,75,1
24.57,22.02,59.31,33.14,80.4,3,154,1
16.07,17.93,60.44,45.23,76.8,3,145,1
43.15,18.08,86.7,27.75,42.9,1,108,1
36.82,15.79,67.09,78.84,79.4,2,170,0
25.53,19.83,49.12,44.3,55.5,3,106,1
28.41,23.05,79.34,78.19,32.7,2,83,0
39.25,16.76,56.13,25.14,2.3,1,40,1
23.82,23.63,85.86,29.16,72.4,3,137,1
28.16,22.28,54.23,63.25,59.6,1,176,0
24.91,14.8,72.37,44.02,42.8,2,107,0
38.38,15.64,76.15,44.4,36.7,2,78,1
40.72,17.38,53.87,23.64,30.4,1,74,1
18.45,16.56,67.12,25.6,88.5,1,255,0
40.27,19.33,90.84,67.59,50.5,1,124,0
32.73,19.42,83.05,21.52,10.8,2,30,1
21.12,16.48,66.66,69.42,75.9,1,222,0
25.85,21.23,78.31,54.74,71.4,1,207,0
27.79,20.17,83.36,64.47,9.2,1,40,0
32.68,21.39,55.79,67.13,99.6,2,254,0
44.67,24.49,79.3,79.79,40.2,2,86,0
37.48,25.24,90.03,75.8,73.4,3,118,1
35.69,14.9,67.79,73.57,69.0,3,112,1
27.79,17.04,81.5,40.74,82.9,2,211,1
21.8,21.89,80.64,33.31,66.5,1,196,0
22.19,22.77,78.33,42.16,2.3,3,20,1
33.5,23.02,64.48,76.01,22.3,3,40,1
24.62,15.63,61.2,31.0,92.7,2,235,1
44.2,19.6,51.88,71.26,8.0,2,30,0
41.36,18.23,77.03,62.74,77.2,3,126,1
40.31,21.82,53.47,48.84,85.6,2,184,1
36.39,18.17,65.55,40.57,3.8,1,40,1
40.66,23.68,71.73,78.56,32.8,2,70,0
18.28,20.82,80.87,58.29,72.9,3,139,0
38.09,17.79,51.41,49.67,89.2,1,220,1
41.38,24.67,93.76,47.81,75.6,1,186,1
33.94,23.32,93.86,77.22,73.4,3,139,1
37.51,21.99,64.41,68.32,10.2,1,40,0
27.53,23.83,68.77,65.93,52.8,2,133,0
20.62,22.22,54.33,48.66,43.1,3,81,1
27.81,15.3,57.21,27.25,34.9,1,101,0
20.19,22.65,75.3,68.68,16.9,2,44,0
18.88,23.43,70.93,73.81,41.0,2,104,0
43.0,20.71,69.95,38.81,59.2,1,145,1
42.53,20.85,80.75,43.45,4.5,1,40,1
17.88,21.33,71.69,41.03,92.3,3,177,1
36.26,24.31,90.97,27.07,60.6,1,151,1
18.88,20.05,91.08,47.01,6.4,1,40,0
34.57,22.22,66.41,37.8,68.7,1,170,1
43.02,22.85,61.64,38.35,26.0,1,66,1
16.99,19.1,94.22,36.99,5.4,2,30,1
19.32,25.07,63.62,43.01,21.6,1,65,0
35.79,21.18,76.1,67.14,47.6,1,117,0
28.23,20.41,59.47,50.64,22.2,1,65,0
43.95,19.21,59.14,71.43,72.5,2,156,0
15.87,20.9,72.52,50.2,59.0,3,112,1
16.18,23.31,71.36,46.8,43.3,3,83,1
38.12,23.68,93.41,21.31,78.9,2,170,1
44.47,24.68,78.32,51.61,27.9,1,67,0
22.3,24.47,84.4,22.58,86.9,1,253,1
36.07,23.94,78.4,27.35,32.8,1,81,1
26.36,16.34,94.09,58.71,94.5,3,179,1
35.88,23.52,93.15,24.41,48.8,2,106,1
38.22,24.04,80.22,62.27,86.8,1,215,0
30.56,18.66,61.46,58.9,58.3,1,173,0
31.8,16.15,65.63,62.62,86.9,3,167,1
41.51,22.59,76.93,45.64,45.6,2,98,1
28.2,21.81,72.76,50.33,30.3,1,86,0
22.2,22.81,77.84,27.01,94.0,1,255,0
35.43,22.63,94.45,44.53,24.5,2,52,1
42.14,17.19,91.42,52.74,92.5,3,150,1
34.93,14.82,82.11,62.01,71.9,1,211,0
31.25,22.55,83.31,21.57,0.6,2,30,1
26.76,24.55,74.73,24.58,27.6,1,80,1
19.06,19.96,79.91,25.79,30.4,3,58,1
28.66,20.0,59.08,51.4,36.9,2,92,0
34.28,20.78,68.27,37.13,17.1,1,49,0
39.64,23.04,67.59,49.19,23.0,2,50,1
21.4,20.73,53.19,22.51,46.8,1,136,1
21.2,21.31,88.05,47.86,84.0,3,160,1
18.91,17.44,76.15,71.59,9.8,1,40,0
43.98,21.34,86.4,73.62,75.8,3,123,1
34.92,19.7,77.69,40.73,42.6,3,69,1
43.36,21.93,57.12,68.74,79.5,1,196,0
18.4,15.88,78.01,42.62,1.0,1,40,0
34.49,17.94,49.39,58.38,67.4,2,172,1
36.45,17.29,60.16,26.26,97.0,1,240,1
18.94,24.43,70.48,31.79,31.0,2,78,1
35.47,17.44,81.25,43.45,90.8,1,227,1
26.03,24.88,56.91,53.11,35.3,2,89,0
41.89,19.14,93.8,31.93,16.0,3,26,1
24.82,22.49,62.59,47.83,52.2,3,99,1
40.02,19.62,94.27,64.65,32.5,3,53,1
33.24,21.65,66.7,60.62,59.4,1,173,0
39.05,21.84,84.28,63.8,21.7,3,35,1
29.67,21.43,96.53,35.99,26.9,2,67,1
28.56,24.5,86.24,39.89,64.6,2,165,1
29.97,23.35,84.72,25.74,55.1,2,139,1
38.91,20.84,81.69,69.0,71.8,3,117,1
36.62,17.52,57.86,54.06,59.7,2,130,1
34.68,19.42,96.37,20.6,21.8,3,41,1
38.61,18.08,74.47,64.13,15.3,1,38,0
30.36,19.3,65.06,77.19,92.5,3,177,1
31.38,15.0,95.33,54.46,38.8,1,114,0
19.9,23.67,84.26,21.73,92.0,3,175,1
38.1,23.57,69.3,53.73,18.5,1,43,0
16.54,17.29,53.81,39.39,23.2,3,45,1
36.2,23.41,71.77,34.43,80.0,2,174,1
24.53,15.42,93.29,80.31,35.5,2,89,0
37.96,20.51,57.5,77.81,30.5,2,68,0
44.37,15.46,81.92,40.58,50.7,1,125,1
32.61,15.38,58.11,72.14,28.1,3,51,1
15.77,17.76,70.92,27.56,74.8,3,143,1
25.74,16.51,58.88,37.72,46.2,2,118,1
35.18,15.89,72.12,69.63,73.7,2,159,0
42.84,21.15,76.3,79.68,58.5,3,94,1
40.63,19.58,53.11,58.34,73.1,1,181,0
21.98,18.04,71.61,64.66,1.8,2,30,0
16.94,24.74,95.72,28.01,17.0,2,41,1
23.96,20.37,80.97,51.17,41.9,3,79,1
33.15,22.29,85.09,49.02,31.3,3,59,1
36.51,19.4,50.54,42.69,7.1,1,40,1
28.96,20.59,60.83,75.28,30.6,1,88,0
39.26,22.31,66.74,33.84,34.6,1,85,1
18.86,17.19,63.06,65.88,69.5,3,131,0
43.75,17.4,78.54,41.9,100.0,2,216,1
43.32,24.04,89.56,61.77,11.6,1,40,0
42.92,24.3,61.03,26.47,60.3,1,148,1
36.59,17.51,55.69,27.3,20.1,2,44,1
26.64,22.19,72.62,43.34,68.9,1,204,0
39.3,15.7,56.38,42.11,44.2,1,110,1
20.32,22.47,86.45,32.39,67.5,1,198,0
30.08,24.5,61.38,27.46,37.7,1,111,0
35.3,20.86,53.88,37.41,85.7,3,164,1
43.62,20.6,80.48,67.17,66.3,1,164,0
41.58,21.5,89.85,28.06,97.0,1,241,1
26.28,16.86,55.61,34.2,64.3,2,164,1
20.62,15.63,74.1,27.82,34.2,1,102,0
19.13,20.11,83.22,53.22,74.6,2,190,0
25.61,15.93,66.78,35.11,85.6,1,249,0
17.99,24.38,81.59,35.1,53.1,2,136,1
27.33,21.67,58.74,39.5,57.5,3,107,1
21.7,20.08,70.33,35.31,44.7,3,85,1
38.25,20.7,58.54,58.17,67.3,2,147,1
30.26,17.74,70.22,63.03,41.7,1,121,0
18.97,22.96,89.69,21.17,83.9,2,211,1
27.84,22.35,83.14,59.92,73.0,2,184,0
26.92,18.89,90.71,70.97,92.5,3,175,1
40.83,24.15,74.61,29.56,76.9,1,192,1
34.15,22.8,50.81,65.0,12.9,3,24,1
26.48,25.09,76.15,45.13,24.4,2,62,0
21.27,19.12,97.86,80.14,71.1,2,181,0
31.81,24.63,97.54,56.83,57.7,3,111,1
32.87,24.02,58.33,66.17,4.5,1,40,0
27.31,16.48,73.2,51.65,38.2,1,110,0
19.04,23.86,59.81,30.72,73.7,1,215,0
41.67,18.25,70.19,24.4,40.4,1,102,1
35.63,16.4,61.57,30.28,94.4,2,205,1
27.75,17.78,58.24,66.32,39.4,1,115,0
19.54,16.32,87.22,43.34,0.4,2,30,0
25.15,20.99,82.88,21.6,90.8,1,255,1
21.39,15.68,74.89,64.37,17.1,3,33,0
43.06,22.92,77.49,35.92,67.6,1,169,1
31.03,19.67,97.61,79.72,80.3,2,203,0
38.38,16.12,68.51,52.2,11.6,2,30,1
23.68,24.45,83.48,75.29,57.6,2,146,0
37.85,16.06,66.06,38.4,36.9,1,89,1
39.98,17.88,76.09,24.24,91.5,3,148,1
44.6,17.57,59.19,52.99,20.2,1,50,0
16.5,17.53,86.66,22.46,99.1,3,189,1
21.48,21.09,70.04,55.27,34.1,1,96,0
42.58,21.62,93.94,27.4,71.0,2,153,1
37.34,20.19,51.77,58.92,24.7,2,55,1
18.23,24.26,84.41,37.45,91.4,2,233,1
29.12,21.62,96.89,56.7,33.3,1,98,0
37.07,18.79,85.15,29.76,98.6,3,160,1
22.47,19.7,68.13,65.42,89.0,1,255,0
43.07,23.98,92.14,27.0,23.8,3,37,1
23.59,17.79,84.3,29.73,86.7,3,164,1
34.7,22.31,95.4,75.61,57.4,1,169,0
31.95,23.88,85.73,23.9,70.3,2,179,1
39.48,23.44,55.78,41.9,21.1,2,44,1
38.42,19.76,66.18,52.66,97.4,2,211,1
32.5,18.25,82.69,43.77,30.4,2,79,1
38.49,22.36,86.18,31.81,90.0,1,227,1
21.8,25.02,83.69,54.34,62.4,2,160,0
44.47,23.21,97.81,42.29,7.4,2,30,1
29.14,21.13,61.77,26.96,85.8,1,253,0
38.84,17.26,63.76,52.63,46.4,3,75,1
18.23,16.85,94.25,69.93,42.9,1,123,0
19.35,21.11,73.71,25.55,26.7,2,68,1
29.75,15.07,59.31,39.44,97.5,2,250,1
37.41,20.3,83.97,45.91,79.0,3,129,1
33.85,14.93,54.95,42.56,26.3,2,68,1
44.0,21.34,91.35,28.89,17.8,3,29,1
29.0,19.45,90.33,73.93,59.0,2,149,0
41.79,17.44,57.61,41.12,42.0,2,91,1
27.14,19.95,63.7,54.41,78.6,1,230,0
41.88,19.12,69.0,59.44,91.9,3,149,1
35.26,19.92,80.94,73.05,36.0,1,91,0
33.87,20.38,85.07,76.57,78.5,1,228,0
23.88,18.37,70.2,73.58,57.7,3,110,0
30.77,21.13,83.43,59.76,10.0,1,40,0
28.05,23.92,53.05,44.52,78.0,2,197,0
38.61,18.22,92.73,44.49,35.5,3,57,1
17.18,17.33,71.92,73.41,1.7,2,30,0
23.51,16.99,55.58,43.91,10.9,2,30,0
22.14,16.62,95.91,46.67,83.6,1,242,0
44.57,23.05,88.82,54.81,1.1,2,30,1
37.99,23.8,91.65,26.57,12.0,2,30,1
28.45,17.72,56.49,31.41,70.0,1,206,0
27.28,17.17,55.91,75.6,69.4,1,205,0
35.21,22.55,60.59,38.66,24.2,2,61,1
37.93,16.76,72.57,44.36,19.5,2,44,1
18.8,20.97,50.89,34.82,49.5,2,128,1
30.74,20.61,97.88,68.93,86.7,2,219,0
36.24,15.41,73.46,33.75,5.1,3,20,1
31.82,16.51,80.03,62.35,49.0,3,95,1
31.65,20.32,91.96,30.98,67.5,3,130,1
29.48,25.18,76.85,63.39,41.1,1,122,0
27.24,22.05,75.09,20.75,28.7,1,83,1
38.52,16.19,58.89,47.31,64.0,2,138,1
21.18,24.56,63.02,31.83,18.4,3,36,1
38.48,19.56,83.89,74.87,35.5,2,76,0
28.77,17.36,77.56,68.75,4.1,2,30,0
24.93,19.7,69.42,33.74,9.9,1,40,0
27.58,18.91,76.2,26.58,83.8,1,247,0
32.36,24.33,83.38,38.22,95.9,3,184,1
40.31,19.22,69.35,49.68,63.3,3,102,1
20.07,19.4,89.68,46.58,43.4,3,83,1
27.81,19.29,91.75,32.62,19.5,2,48,1
19.54,20.84,63.89,34.46,1.8,3,20,1
24.31,18.06,97.1,22.58,50.7,2,126,1
30.04,18.58,64.13,41.33,34.2,2,86,0
37.72,23.75,61.94,42.48,74.3,3,120,1
43.27,16.25,86.81,25.88,20.8,2,42,1
25.06,17.45,62.52,43.54,17.4,1,50,0
40.58,19.89,49.17,68.57,61.8,1,153,0
20.71,18.44,94.82,67.97,60.4,3,114,0
17.4,23.43,75.88,56.5,12.9,3,23,0
39.78,22.26,98.39,40.96,12.9,1,40,1
40.22,19.6,64.68,29.55,55.8,2,121,1
32.64,24.95,87.11,25.73,72.5,1,213,0
42.46,18.96,84.48,48.11,88.7,3,144,1
36.15,15.34,79.59,70.37,31.6,1,78,0
43.16,18.55,85.95,73.34,51.0,2,112,0
20.18,19.7,65.87,79.66,18.3,1,54,0
25.95,14.98,70.73,56.27,12.9,3,23,1
36.97,16.1,71.35,31.03,33.3,2,72,1
37.08,21.16,74.42,65.54,27.9,3,45,1
28.21,22.72,63.27,63.28,46.7,1,136,0
42.91,21.99,88.84,34.2,11.5,1,40,1
36.08,24.31,58.34,27.67,29.7,3,47,1
29.76,23.19,61.42,33.51,79.4,3,153,1
16.83,17.43,71.7,52.09,15.6,1,46,0
32.36,24.55,80.89,44.03,38.7,2,99,1
29.29,18.02,98.26,78.47,37.0,3,69,1
39.02,19.12,76.98,79.72,95.9,1,240,0
26.01,22.59,68.23,76.44,14.5,3,26,1
16.96,21.33,68.06,47.39,80.9,2,206,0
30.96,22.3,68.15,78.68,72.3,1,210,0
17.89,16.38,78.45,71.32,32.0,3,60,0
36.97,21.14,85.09,29.64,81.5,3,133,1
38.03,21.11,60.91,42.89,72.5,3,116,1
26.6,24.86,51.4,44.86,14.9,2,38,0
17.59,20.2,91.22,43.58,65.0,3,123,1
34.23,22.01,66.46,75.76,78.2,2,198,0
37.56,19.48,85.87,46.0,72.0,2,154,1
30.82,21.23,63.81,68.05,32.7,3,61,1
31.11,18.57,58.92,63.05,16.5,2,40,1
22.46,15.43,71.33,55.26,79.3,2,203,0
36.15,17.75,59.14,71.21,50.2,2,108,0
30.14,17.74,67.25,20.34,24.6,2,65,1
20.43,25.02,75.68,65.19,68.9,2,177,0
38.43,18.23,50.55,40.79,11.5,3,20,1
27.82,24.28,63.25,63.7,90.2,2,228,0
39.55,19.48,62.1,36.19,32.5,3,53,1
39.24,23.09,50.85,77.56,29.4,1,71,0
27.03,21.8,50.54,53.22,7.5,1,40,0
22.62,19.52,51.95,73.0,44.6,1,130,0
39.0,20.62,93.96,28.02,45.1,1,112,1
43.42,19.59,75.24,73.6,79.4,2,172,0
42.76,15.63,81.94,75.09,17.7,2,38,0
35.33,15.36,88.43,52.34,55.8,3,92,1
39.14,15.79,64.99,66.56,95.8,2,207,0
32.68,19.59,61.02,24.4,43.8,2,112,1
18.5,25.37,64.32,36.35,42.4,1,123,0
42.59,16.49,50.66,45.74,77.0,2,166,1
17.51,23.4,62.61,42.07,21.8,1,64,0
39.12,14.99,91.36,56.49,24.2,1,59,0
17.01,21.44,67.07,34.3,3.1,3,20,1
39.86,20.17,85.66,34.38,48.0,1,121,1
39.28,23.38,54.58,70.95,1.2,2,30,0
16.54,20.76,52.25,45.47,97.5,3,187,1
34.56,22.42,52.75,25.99,79.1,2,198,1
39.68,24.75,72.65,76.47,48.2,1,122,0
23.43,21.64,94.93,43.78,93.5,1,255,0
22.77,21.46,59.24,27.88,30.8,3,60,1
38.38,19.72,78.16,51.66,79.8,2,171,1
27.27,19.77,50.85,28.18,46.0,1,134,0
30.89,23.33,51.54,44.67,44.0,2,112,1
29.38,22.34,93.92,53.25,94.3,1,255,0
17.97,22.89,73.42,77.99,11.6,2,30,0
22.78,20.43,71.94,63.56,73.3,1,214,0
21.73,15.24,68.71,41.35,9.8,3,20,1
33.66,19.39,56.4,69.4,28.0,3,54,1
41.79,21.15,98.99,34.34,82.6,2,179,1
29.37,24.28,66.53,59.65,0.4,3,20,1
19.64,22.78,52.92,55.71,68.1,1,198,0
26.49,15.87,68.51,76.46,81.0,3,155,1
31.88,16.23,62.27,53.69,69.5,1,203,0
20.4,24.4,59.58,73.21,83.3,2,211,0
42.29,21.89,81.22,40.45,77.3,3,125,1
45.04,16.38,66.22,43.04,6.2,2,30,1
28.28,17.53,49.48,30.19,38.3,3,74,1
15.89,19.44,72.27,29.72,83.6,2,212,1
41.81,16.62,83.14,59.4,80.1,2,173,1
41.28,22.92,76.72,30.92,84.7,1,209,1
34.61,23.98,59.54,23.14,38.5,2,98,1
23.38,23.17,94.99,35.49,76.3,1,223,0
42.04,22.5,53.76,75.22,41.0,3,65,1
39.43,17.11,81.57,65.37,11.4,2,30,0
27.23,16.14,62.43,20.54,35.4,2,89,1
36.54,20.26,89.38,79.17,1.6,2,30,0
29.14,20.14,74.92,66.36,48.7,3,93,1
30.35,15.92,97.95,78.49,29.4,1,86,0
30.18,25.14,64.0,63.67,39.7,1,113,0
24.41,17.38,77.5,64.23,39.3,3,75,0
26.37,20.5,74.29,72.08,85.8,1,252,0
18.22,17.1,51.17,70.53,62.8,3,119,1
28.63,22.62,87.1,31.62,46.0,2,115,1
22.92,20.59,76.95,68.9,39.3,3,75,0
23.77,18.46,85.83,62.29,10.6,3,20,0
25.25,17.72,57.2,29.11,47.3,1,138,0
18.84,17.34,55.88,34.9,2.5,2,30,1
42.86,15.52,62.88,65.86,95.3,2,207,0
37.31,19.17,81.03,64.35,43.7,1,107,0
21.15,20.23,73.22,64.24,34.7,1,103,0
38.62,20.77,75.3,70.99,30.6,2,67,0
40.0,22.0,66.8,64.19,75.0,3,123,1
26.06,16.61,53.24,56.83,38.4,2,96,0
37.4,21.09,92.23,25.54,39.3,1,98,1
27.56,19.23,69.58,57.65,57.5,2,146,0
40.37,24.36,78.42,37.53,49.4,3,81,1
42.22,24.46,83.29,70.39,98.1,2,212,0
39.49,21.22,84.52,74.01,99.8,2,215,0
24.94,16.08,87.67,67.03,8.2,3,20,0
26.32,22.87,71.51,43.87,2.5,3,20,1
22.73,23.78,73.52,60.95,46.3,1,135,0
37.06,17.72,79.0,51.24,26.5,2,56,1
31.05,21.46,90.16,74.22,9.3,1,40,0
29.15,19.43,90.21,32.78,2.0,1,40,0
33.99,23.84,83.05,23.24,44.6,1,130,1
25.84,16.5,57.47,34.4,48.8,2,121,1
23.26,22.75,50.35,47.65,85.9,1,252,0
42.87,16.53,54.05,23.43,13.0,2,30,1
26.59,19.64,57.85,33.86,52.2,2,131,1
33.69,22.56,61.15,39.81,10.5,2,30,1
41.66,16.93,82.99,59.27,38.8,2,86,1
30.7,22.98,58.98,65.52,44.5,2,113,0
41.5,21.77,54.66,56.33,1.9,2,30,1
42.99,18.97,86.93,61.98,43.6,1,109,0
43.98,18.63,83.3,56.05,4.6,3,20,1
29.31,18.12,62.51,78.31,80.4,1,235,0
32.24,16.29,71.81,75.34,81.8,2,207,0
39.34,21.26,57.06,39.58,40.3,1,99,1
19.32,17.39,95.51,50.22,51.7,2,131,0
25.83,20.32,57.56,77.66,70.2,2,180,0
32.65,21.09,49.79,28.81,24.0,1,71,0
35.69,15.89,81.13,66.89,60.3,3,98,1
42.47,21.8,88.67,21.64,33.9,3,55,1
31.12,15.11,62.79,20.5,56.2,1,164,1
21.22,20.42,68.67,76.9,79.0,2,202,0
37.8,24.41,71.16,28.64,50.9,3,82,1
42.7,16.5,79.2,79.04,37.6,1,93,0
34.23,17.43,95.98,59.43,21.4,2,56,1
32.46,15.46,86.75,57.56,85.4,3,163,1
23.31,24.02,75.2,68.44,51.2,1,148,0
19.5,16.66,81.97,63.5,65.6,3,125,0
16.77,19.84,55.17,67.81,5.2,1,40,0
24.21,20.51,51.35,42.31,86.5,1,253,0
37.49,22.8,90.7,45.27,63.1,2,135,1
22.17,19.4,71.05,64.85,66.2,2,169,0
43.31,17.25,95.18,22.88,64.3,3,104,1
44.03,22.03,63.66,65.59,58.3,3,94,1
35.12,20.71,63.56,43.1,28.4,2,72,1
21.11,22.97,65.9,25.02,71.8,3,137,1
42.29,23.6,71.39,76.4,97.8,3,158,1
36.18,16.97,71.85,72.86,79.4,2,172,0
18.68,20.5,96.05,27.31,50.1,2,128,1
44.71,23.37,90.75,54.37,8.4,1,40,0
31.08,22.35,91.1,59.68,78.9,1,231,0
40.39,15.44,91.46,66.12,49.6,2,105,0
20.98,16.15,90.05,54.3,12.5,3,23,1
39.89,20.83,92.37,57.38,93.2,3,152,1
32.67,19.25,92.68,33.36,99.3,3,190,1
30.15,16.41,75.93,32.83,82.4,3,157,1
37.01,17.82,71.86,53.35,100.0,3,161,1
39.08,16.63,50.51,26.04,96.5,1,240,1
31.52,20.71,93.76,32.97,82.7,1,241,0
29.78,15.07,78.75,25.59,32.1,1,95,0
31.54,17.45,65.88,36.8,27.3,3,54,1
33.92,20.65,81.77,78.91,80.9,1,237,0
33.17,20.61,55.46,29.81,91.3,3,175,1
28.61,24.13,63.36,78.76,82.8,1,240,0
43.22,19.83,56.71,56.52,99.4,2,215,1
35.37,23.84,68.44,57.59,88.9,2,226,1
29.69,24.42,92.84,34.04,53.0,3,102,1
33.53,20.15,95.55,78.68,8.2,3,20,1
35.13,18.32,57.04,66.93,85.5,1,213,0
18.93,14.99,49.71,33.7,56.4,1,164,0
40.44,24.98,84.33,28.9,28.1,1,69,1
38.92,19.72,72.32,76.28,72.2,1,179,0
32.75,22.54,51.76,37.28,26.3,3,49,1
44.17,24.56,81.06,60.75,69.8,3,114,1
27.44,16.97,75.13,39.96,35.5,1,103,0
33.0,17.72,62.56,29.94,4.4,1,40,0
16.81,17.35,95.18,40.75,59.1,1,173,0
22.7,18.17,50.48,58.02,56.0,1,165,0
17.87,22.74,68.45,33.91,32.7,2,81,1
40.29,24.27,82.33,55.24,77.8,3,126,1
33.29,22.77,80.14,69.99,26.5,1,77,0
23.11,21.42,97.7,32.95,45.7,2,117,1
30.36,18.62,62.75,40.85,90.3,1,255,0
25.72,21.26,62.67,73.02,98.5,2,249,0
41.27,21.78,84.69,36.21,74.1,3,120,1
20.12,20.52,51.33,32.45,27.6,2,71,1
35.45,21.69,54.58,72.11,17.1,2,44,0
24.77,15.47,75.69,20.42,75.1,2,190,1
32.45,19.21,86.2,58.1,86.6,3,167,1
40.64,16.27,81.76,31.3,94.8,1,236,1
19.63,23.43,73.79,38.81,4.9,1,40,0
34.45,23.66,72.46,29.12,30.3,2,78,1
17.09,16.27,93.29,26.1,7.2,2,30,1
43.73,14.66,77.64,67.97,6.9,2,30,0
30.73,19.42,64.33,50.92,47.3,3,91,1
16.44,23.87,63.95,72.26,45.1,1,133,0
43.94,20.0,85.93,47.79,2.5,2,30,1
16.31,21.35,53.24,59.28,41.2,1,119,0
32.5,24.38,71.59,40.98,68.7,2,176,1
40.23,23.24,58.11,78.64,64.6,1,159,0
36.83,22.87,93.32,50.42,74.4,3,122,1
41.21,18.7,87.7,51.11,15.3,2,34,1
37.4,22.78,93.58,53.85,10.7,2,30,1
23.21,18.99,63.85,35.18,65.7,1,191,0
16.58,15.54,56.53,49.56,56.7,3,109,1
41.34,19.91,89.83,21.49,66.5,2,144,1
27.36,18.23,93.29,66.26,43.4,1,125,0
37.87,20.75,55.19,64.98,65.5,1,161,0
43.05,14.46,51.94,73.51,62.9,2,136,0
26.85,15.57,75.36,71.06,30.9,3,61,1
20.95,23.13,87.58,64.31,39.3,2,100,0
19.04,22.89,97.63,39.33,11.0,1,40,0
34.29,15.43,67.92,60.81,46.6,3,90,1
20.47,23.23,74.09,54.63,25.5,2,65,0
21.54,21.48,85.39,71.5,31.6,3,59,0
24.93,24.15,56.47,33.29,83.2,1,242,0
33.06,18.86,50.46,26.76,7.7,2,30,1
32.13,19.26,81.03,74.18,94.1,3,179,1
16.29,19.2,67.61,37.27,8.2,1,40,0
28.52,21.73,73.89,71.95,57.7,2,145,0
17.45,16.26,64.28,41.43,98.1,1,255,0
18.14,19.92,68.51,56.96,87.0,3,165,0
27.77,16.55,68.32,68.83,44.9,1,132,0
24.31,23.53,80.19,44.04,61.6,2,155,0
29.32,16.88,59.79,21.48,32.8,3,63,1
44.94,22.19,59.05,36.81,95.0,1,236,1
19.79,16.29,51.41,23.25,54.9,1,160,1
43.95,17.95,87.76,25.6,87.1,1,216,1
23.05,17.6,79.99,50.57,26.4,2,65,0
20.68,22.36,67.33,79.31,67.1,1,196,0
40.72,24.57,52.29,49.58,68.3,1,171,1
24.69,17.94,86.51,71.2,33.8,2,87,0
43.54,22.11,68.13,44.04,9.7,1,40,1
38.63,19.6,51.13,72.91,40.0,2,87,0
29.58,22.51,87.47,30.38,41.0,2,105,1
42.02,20.41,80.63,61.87,52.0,1,132,0
36.06,22.76,89.75,40.99,19.6,2,42,1
37.67,15.57,80.84,39.98,65.1,3,108,1
37.07,21.95,97.34,41.34,68.6,3,111,1
33.55,24.19,65.19,55.62,58.3,3,110,1
41.1,22.9,70.7,67.3,38.3,3,63,1
37.76,15.94,52.95,34.74,8.6,2,30,1
43.61,23.06,71.07,45.85,11.6,3,20,1
16.83,16.85,58.69,56.13,77.1,1,225,0
20.26,20.61,78.13,70.69,80.5,2,205,0
26.71,16.71,58.11,78.88,62.5,1,182,0
28.0,17.41,62.86,50.49,92.6,1,255,0
39.4,23.49,76.75,52.63,68.6,3,111,1
39.24,17.44,54.2,59.42,67.2,3,109,1
34.23,19.01,62.94,80.09,75.1,3,144,1
26.92,20.62,65.28,68.67,92.5,1,255,0
37.0,24.19,85.94,38.43,35.1,2,76,1
42.89,18.76,49.81,55.63,35.3,3,57,1
35.92,23.71,54.1,67.9,87.9,2,190,0
31.35,21.38,88.16,34.72,71.8,2,182,1
21.66,16.59,72.86,35.25,47.5,1,139,0
43.97,24.26,89.82,28.37,58.5,3,95,1
28.04,18.47,53.45,46.58,39.4,2,100,0
40.62,17.32,85.5,54.61,68.1,1,168,0
23.3,15.66,70.12,34.87,62.8,3,118,1
43.81,17.23,87.26,55.67,95.0,3,154,1
17.52,16.47,58.63,44.8,6.8,3,20,1
20.12,19.34,92.27,28.84,96.5,2,246,1
42.72,17.18,77.45,40.03,73.4,1,183,1
17.26,18.15,63.71,64.03,4.8,2,30,0
23.55,20.68,97.55,21.69,29.9,2,73,1
39.28,19.48,91.17,80.01,50.5,2,109,0
35.09,21.24,59.48,61.81,90.6,1,255,0
39.78,24.11,65.35,67.32,35.7,2,76,0
43.62,19.25,72.53,44.32,29.5,3,48,1
29.68,15.63,90.41,51.42,92.1,1,255,0
18.72,21.61,94.64,27.25,3.4,3,20,1
32.14,15.31,65.88,64.46,80.0,3,152,1
34.53,19.1,94.88,40.37,74.6,1,219,0
22.35,24.7,80.62,77.46,27.4,2,69,0
25.88,22.03,70.82,75.78,24.5,1,70,0
18.25,23.77,78.16,58.88,59.1,2,151,0
37.38,19.76,79.25,58.94,55.5,1,139,0
22.77,15.72,57.74,49.16,20.3,2,51,0
30.07,20.71,52.81,67.8,27.8,3,53,1
31.55,18.71,96.29,68.12,30.5,1,91,0
38.41,20.75,81.65,56.6,5.7,1,40,0
17.09,21.98,75.59,74.09,13.9,3,26,0
29.92,24.64,52.34,50.43,60.0,2,153,0
17.77,17.82,53.59,65.77,66.6,1,196,0
21.26,22.47,89.51,55.68,49.6,2,125,0
18.89,15.57,81.84,63.32,61.8,2,158,0
17.82,18.82,89.48,78.68,70.7,2,177,0
37.41,23.71,73.59,43.63,67.2,2,148,1
33.44,23.21,66.08,60.38,77.7,2,197,1
18.17,23.73,92.31,70.71,76.9,1,227,0
43.1,23.94,66.88,23.95,82.9,3,135,1
27.1,21.36,96.77,47.39,69.4,3,132,1
40.15,15.65,89.07,57.13,92.7,1,229,0
19.29,22.59,91.93,22.46,55.8,2,140,1
17.32,20.48,75.95,71.31,75.4,1,222,0
29.48,21.47,74.42,34.03,87.7,3,168,1
20.49,24.16,82.42,71.84,90.5,2,228,0
35.99,20.82,58.68,36.12,19.8,2,43,1
23.36,23.41,72.15,52.45,96.9,1,255,0
32.62,24.7,95.32,46.98,29.3,2,72,1
29.66,16.94,53.78,46.55,18.4,3,35,1
17.68,19.4,64.08,42.49,94.2,1,255,0
31.99,19.14,65.13,37.64,84.1,1,245,0
33.85,18.54,63.86,60.92,17.3,1,50,0
44.93,15.62,54.51,62.15,75.1,2,162,1
42.49,23.86,94.1,26.1,66.8,3,107,1
18.28,24.49,79.05,58.63,85.6,1,250,0
43.34,22.93,81.21,77.43,14.5,1,40,0
20.7,16.82,84.36,40.61,44.0,2,111,0
18.0,19.78,68.43,29.15,15.6,3,29,1
18.41,18.66,54.35,30.93,7.2,3,20,1
31.14,22.14,56.46,60.44,92.4,3,175,1
33.58,24.65,99.68,58.88,48.1,3,93,1
16.36,21.16,86.4,68.16,63.1,3,119,0
40.91,18.86,94.7,29.63,4.8,1,40,1
40.83,23.85,79.93,59.68,90.0,2,194,1
21.18,22.79,77.21,65.77,92.2,3,175,0
37.98,24.42,61.66,74.67,20.9,3,33,1
23.65,23.13,81.93,26.82,93.6,3,179,1
19.7,16.14,89.29,64.73,43.7,2,112,0
42.22,22.79,68.16,75.46,77.4,3,126,1
23.74,22.19,91.15,61.91,43.7,3,84,0
40.49,17.43,90.87,29.34,12.9,1,40,1
30.84,24.33,66.06,22.01,36.3,3,69,1
27.68,23.2,65.18,50.51,2.2,1,40,0
28.83,18.68,73.04,65.02,46.0,1,134,0
26.5,18.05,83.35,30.43,90.0,1,255,0
40.3,17.75,59.02,27.74,98.1,1,243,1
30.21,15.49,55.87,71.6,93.2,3,178,1
16.27,18.62,65.86,74.71,99.8,2,253,0
44.15,19.3,60.32,51.69,39.7,3,64,1
22.77,18.55,92.63,44.86,64.8,1,191,0
39.18,16.2,53.72,52.09,70.2,3,113,1
39.13,17.25,80.09,59.63,9.5,2,30,1
30.65,18.31,57.71,35.85,16.6,1,49,0
30.01,19.88,51.8,24.05,83.3,2,214,1
17.62,23.92,95.29,46.68,21.0,1,61,0
15.68,20.31,51.6,76.74,49.6,2,127,0
17.64,24.42,65.84,58.87,67.9,1,195,0
17.68,23.58,63.82,59.1,92.9,3,177,0
26.0,24.46,82.53,42.29,79.3,3,151,1
22.03,21.82,56.13,39.67,76.7,2,197,0
38.03,24.42,67.52,21.03,93.4,3,152,1
22.88,23.5,80.81,47.91,81.7,2,209,0
23.69,20.94,83.71,61.52,59.3,3,112,0
30.04,23.1,69.93,68.78,3.7,1,40,0
35.18,23.29,74.11,73.26,56.5,1,141,0
33.37,20.87,63.52,38.37,51.3,3,98,1
17.7,15.56,52.22,35.93,46.8,1,136,0
34.64,23.14,88.52,72.24,89.6,2,227,0
29.96,17.5,72.16,77.91,83.9,2,213,0
25.01,20.71,77.01,61.67,53.5,1,157,0
18.1,16.56,85.16,57.07,96.9,2,246,0
37.26,24.11,70.38,65.59,5.7,1,40,0
26.04,17.55,76.82,39.08,25.6,2,64,1
42.73,16.26,96.72,77.69,61.5,1,156,0
16.74,16.46,87.29,45.19,74.2,1,217,0
38.29,14.95,89.19,39.89,60.5,3,97,1
43.62,23.94,93.67,40.86,13.3,2,30,1
42.58,15.71,67.39,70.38,22.3,3,34,1
44.22,16.87,84.65,68.68,49.1,3,79,1
35.6,17.57,97.12,24.33,84.2,2,181,1
24.04,20.25,80.22,77.92,57.2,3,109,0
36.41,20.44,84.04,31.1,61.1,1,151,1
24.03,20.63,64.43,28.74,95.0,1,255,0
20.65,18.01,92.01,34.05,3.0,2,30,1
25.63,16.91,61.67,42.84,50.2,2,125,0
34.83,21.3,67.99,35.86,89.2,3,169,1
24.91,23.71,96.93,39.46,80.3,1,234,0
15.9,17.16,80.42,26.06,25.6,1,75,0
21.81,20.84,84.69,42.8,85.1,3,163,1
24.45,21.23,50.31,78.43,57.0,1,166,0
20.42,24.02,52.8,46.63,10.1,2,30,0
35.33,17.16,85.49,54.59,73.3,1,180,0
28.02,23.35,63.01,58.82,47.4,2,120,0
37.77,19.39,81.27,39.67,5.8,1,40,1
42.15,18.76,62.79,34.24,58.7,3,95,1
21.29,21.39,50.58,70.24,92.9,1,255,0
26.24,16.25,89.65,21.78,33.7,3,64,1
20.5,17.55,94.2,32.43,22.9,2,57,1
26.51,15.02,76.43,70.01,3.0,3,20,1
26.7,24.12,82.56,30.28,63.3,2,163,1
28.52,15.89,87.72,49.94,48.9,2,125,0
31.16,19.44,79.31,65.87,76.9,3,146,1
38.94,15.67,68.81,79.72,13.2,3,20,1
43.87,23.92,92.58,61.82,2.4,3,20,1
36.34,17.58,62.78,53.66,69.6,3,113,1
30.84,24.65,63.15,33.05,96.9,1,255,0
25.36,15.36,80.71,53.49,63.8,2,160,0
33.29,18.13,89.13,67.2,16.9,3,33,1
30.19,15.58,73.55,26.23,89.5,2,227,1
38.94,21.19,84.45,43.71,8.1,1,40,1
42.38,21.71,50.97,60.63,82.3,2,177,1
29.87,17.67,59.38,69.18,68.5,3,131,1
33.34,25.04,61.75,44.99,45.9,2,117,1
42.85,21.32,90.18,70.92,92.9,1,229,0
23.02,17.36,70.6,35.06,95.1,3,184,1
26.83,23.46,58.77,29.47,51.5,1,152,0
36.88,15.91,50.9,50.18,8.6,1,40,0
19.1,23.45,69.31,27.23,64.8,1,189,0
43.95,23.61,78.25,30.86,77.5,3,127,1
36.06,17.37,83.89,79.84,86.4,3,140,1
38.38,17.22,87.05,35.93,2.1,1,40,1
28.69,21.78,50.22,76.75,71.8,1,209,0
19.88,24.54,95.03,30.71,81.9,1,239,0
33.31,18.46,80.2,58.04,89.8,3,172,1
17.04,19.29,56.88,76.56,79.3,1,232,0
25.83,21.9,78.2,68.92,5.5,1,40,0
18.9,16.5,67.61,60.73,60.8,2,155,0
33.45,15.26,53.31,50.71,89.6,1,255,0
28.06,17.83,69.43,72.54,54.5,1,160,0
38.52,17.46,85.15,22.56,33.4,3,54,1
16.83,23.12,80.8,67.51,18.3,3,34,0
32.79,20.61,54.54,67.38,57.4,2,145,0
17.81,21.38,52.21,30.6,5.0,3,20,1
38.74,15.69,91.42,43.18,91.5,3,149,1
18.2,17.6,55.21,58.62,10.7,2,30,0
39.83,24.01,99.46,24.1,79.8,1,198,1
32.16,17.59,54.07,62.03,80.6,1,237,0
31.75,14.9,96.01,27.61,82.3,2,208,1
42.03,15.84,82.86,53.59,16.7,1,43,0
36.64,19.94,65.33,31.51,1.8,2,30,1
33.27,16.38,79.67,38.76,83.7,3,161,1
23.34,23.85,76.5,31.85,66.9,2,171,1
34.96,19.2,69.55,71.14,72.2,3,118,1
39.57,21.63,79.14,76.21,89.4,3,145,1
43.03,24.78,86.73,75.5,79.3,2,171,0
16.78,16.99,81.02,45.18,32.3,2,82,0
36.21,22.93,65.54,26.9,67.9,2,147,1
41.12,24.17,90.52,22.36,65.5,1,162,1
25.48,16.59,50.81,39.14,15.1,3,28,1
29.23,23.41,94.56,45.87,48.4,1,142,0
41.57,17.65,53.64,66.83,48.8,1,120,0
24.51,22.54,68.09,27.38,79.1,3,149,1
26.75,23.05,66.4,43.34,69.6,3,133,1
25.05,17.5,53.03,24.89,57.3,1,168,1
42.47,21.82,53.85,56.16,70.2,1,173,0
16.03,16.6,51.22,29.38,70.3,3,135,1
41.84,19.18,73.98,19.45,8.1,1,40,1
33.36,15.24,69.94,39.82,3.0,3,20,1
18.91,17.81,73.31,37.44,62.4,1,183,0
32.1,19.34,58.22,22.72,62.6,1,182,1
39.55,16.92,67.97,26.66,50.2,3,80,1
35.46,16.09,78.01,52.84,45.3,3,86,1
26.65,19.34,63.19,60.44,37.2,3,69,1
32.29,21.36,62.38,63.21,84.2,3,161,1
23.76,20.39,55.04,73.69,77.7,3,148,1
24.38,18.77,72.46,20.24,88.6,3,168,1
29.68,22.6,91.5,78.5,84.7,2,217,0
38.2,17.68,83.53,74.55,58.7,1,147,0
41.36,20.6,88.81,67.57,64.8,1,161,0
25.74,22.96,96.64,40.01,19.1,2,47,1
20.88,17.02,56.58,77.26,7.8,3,20,0
31.85,15.51,69.25,40.14,80.6,2,206,1
22.49,15.76,62.28,63.23,71.6,1,207,0
28.05,15.51,91.14,76.64,43.2,1,127,0
20.06,23.59,50.16,73.03,94.1,1,255,0
28.26,16.51,61.93,71.34,5.3,1,40,0
40.5,20.79,70.46,39.58,15.6,2,34,1
29.51,23.32,97.18,44.33,13.6,2,35,0
17.35,16.71,87.96,35.0,72.6,3,138,1
26.92,21.93,68.63,57.8,82.7,3,159,1
16.36,20.66,76.85,22.04,68.9,1,202,1
39.15,23.08,76.07,31.63,56.2,1,139,1
38.97,23.51,58.64,42.04,70.9,2,154,1
43.85,24.72,81.24,23.11,19.4,2,41,1
29.68,17.65,89.32,47.96,60.8,2,154,0
24.93,19.77,86.42,68.68,34.0,1,100,0
31.96,21.69,77.68,74.02,15.1,3,29,1
23.06,22.49,75.04,34.3,13.9,3,26,1
45.59,18.37,91.26,35.11,19.2,1,47,1
41.76,23.73,88.79,20.16,31.5,3,50,1
37.45,18.45,96.33,29.65,93.3,3,151,1
26.36,23.86,82.27,70.37,37.5,2,98,0
23.85,19.06,86.21,29.42,49.7,3,95,1
42.52,19.02,95.15,31.61,3.0,3,20,1
18.44,16.81,58.26,24.08,82.6,1,243,1
30.95,22.7,76.27,41.15,38.0,1,110,0
33.48,22.63,53.94,72.35,72.0,2,185,0
38.8,18.43,82.39,53.15,80.9,2,177,1
31.63,16.2,96.69,69.32,62.8,2,161,0
21.42,24.78,89.95,38.87,94.3,1,255,0
25.71,19.23,61.36,29.82,11.8,1,40,0
38.66,15.58,74.77,30.38,75.4,2,163,1
41.37,18.67,84.93,78.09,62.2,2,134,0
30.14,24.74,56.89,52.85,80.3,2,205,1
32.38,15.98,95.71,31.35,22.2,3,40,1
25.67,16.66,61.14,25.68,46.9,3,90,1
16.68,21.45,96.88,44.19,48.8,2,123,0
17.48,22.12,80.37,57.53,30.7,1,86,0
25.56,16.13,82.53,38.1,33.4,1,99,0
35.44,23.38,69.7,59.15,95.5,3,155,1
45.49,24.77,91.23,75.28,57.6,3,93,1
18.6,20.5,76.02,64.08,35.7,1,102,0
17.03,21.61,56.93,49.77,15.2,3,30,1
41.06,21.08,61.82,53.35,66.5,1,168,0
41.83,21.48,69.18,56.03,64.3,2,139,1
33.87,22.45,63.06,52.86,64.2,2,165,1
36.61,21.49,55.38,52.87,76.2,1,190,0
32.01,23.35,72.72,58.22,24.4,2,62,1
30.38,16.76,86.77,75.22,11.3,3,23,1
32.03,16.12,83.83,52.29,84.4,3,162,1
37.56,25.54,85.98,25.62,63.3,1,157,1
22.2,17.15,52.8,56.75,47.4,3,91,1
36.03,25.63,86.35,52.51,76.4,1,191,0
37.8,20.25,57.63,74.5,73.1,1,182,0
36.28,14.52,55.23,20.77,16.3,3,27,1
36.78,21.1,67.67,38.66,85.8,2,186,1
26.11,20.84,84.08,50.77,98.2,2,249,0
18.57,15.33,65.45,68.14,72.5,3,137,0
28.84,24.23,82.79,24.45,78.8,2,200,1
26.37,16.17,65.31,67.11,31.3,3,59,1
21.54,16.97,72.61,69.08,35.8,2,90,0
41.83,21.86,92.57,65.57,14.5,1,40,0
24.53,22.92,64.94,26.66,53.2,2,136,1
43.1,18.11,86.3,67.46,35.7,3,56,1
25.74,23.45,95.98,33.15,88.6,2,226,1
20.16,17.51,93.81,47.93,39.8,2,102,0
20.22,22.5,83.01,67.21,69.1,2,178,0
23.28,16.98,74.32,64.49,66.9,1,192,0
32.01,21.36,90.38,36.38,55.8,2,141,1
26.09,19.28,77.35,60.51,54.5,1,159,0
29.63,18.65,58.94,43.35,33.4,2,84,0
36.81,20.44,76.89,76.2,92.4,1,229,0
29.63,19.83,68.85,20.64,91.9,3,175,1
34.7,20.82,53.18,23.13,77.8,3,147,1
27.28,23.26,69.98,29.98,50.8,3,97,1
20.44,18.87,97.39,20.98,51.1,1,147,1
45.04,20.35,75.55,34.78,19.2,3,31,1
44.38,24.3,93.74,31.61,20.9,1,51,1
29.02,15.05,91.15,52.16,89.1,2,227,0
42.72,18.35,79.72,37.63,10.4,3,20,1
30.75,23.05,86.43,31.7,94.3,3,180,1
28.27,18.26,88.46,31.88,62.3,2,158,1
39.97,24.8,77.49,22.91,86.4,1,215,1
34.01,20.3,64.81,73.36,0.2,1,40,0
41.06,22.9,90.96,70.82,81.9,1,205,0
32.95,17.66,61.58,49.13,3.3,3,20,1
32.47,16.18,62.05,33.63,76.7,2,197,1
31.18,17.28,52.48,42.61,73.3,3,140,1
36.12,20.03,94.81,74.37,77.5,2,166,0
31.12,19.99,64.23,29.15,77.8,2,198,1
17.23,21.81,89.93,65.12,13.9,1,42,0
31.41,20.95,95.99,45.16,89.7,3,170,1
22.07,17.6,63.54,24.77,13.3,2,34,1
17.86,22.23,81.66,25.65,42.9,1,126,0
27.51,15.48,92.49,35.51,6.1,2,30,1
17.27,18.57,90.95,58.73,43.2,1,127,0
19.61,19.3,85.56,75.78,87.3,1,255,0
23.1,21.41,73.56,30.52,45.8,2,116,1
24.98,23.56,65.85,56.76,19.7,1,56,0
37.79,23.03,93.29,51.04,84.3,3,135,1
18.1,19.74,52.23,40.44,36.7,2,92,0
32.63,20.61,79.84,42.86,19.6,3,36,1
43.13,15.67,66.73,42.49,3.2,3,20,1
39.74,24.02,79.91,64.18,99.7,1,246,0
19.0,19.38,64.68,36.47,62.0,2,157,1
31.83,17.23,72.04,25.83,76.2,3,145,1
24.73,21.1,85.34,57.0,96.2,1,255,0
38.88,18.95,95.24,22.95,73.1,1,182,1
24.64,23.11,57.25,27.26,50.6,1,148,0
32.26,17.64,65.61,49.54,15.0,2,38,1
44.12,16.85,72.23,30.51,34.7,2,75,1
39.58,16.61,76.96,75.05,30.4,3,48,1
26.12,22.45,61.12,75.56,34.0,2,88,0
21.26,20.92,82.78,71.63,69.6,3,132,0
32.44,23.19,70.7,24.53,24.3,1,70,0
29.57,18.4,66.06,61.99,57.1,2,144,0
35.3,16.0,74.37,59.54,80.3,2,174,1
27.19,16.4,58.06,28.38,52.2,3,99,1
16.95,18.16,87.15,29.12,35.3,1,104,0
40.54,23.65,63.77,66.04,86.4,1,213,0
25.03,23.57,73.12,37.19,96.2,2,246,1
40.61,20.22,56.5,62.55,15.5,2,33,1
23.51,23.88,53.6,58.79,5.9,3,20,1
41.78,24.5,90.32,25.81,89.9,2,195,1
35.57,19.5,76.28,38.79,15.4,1,38,1
22.54,22.34,67.4,67.64,55.5,1,161,0
19.61,18.38,98.42,45.5,35.7,2,91,0
28.96,15.73,90.82,25.86,71.2,3,134,1
44.4,23.03,70.35,65.0,45.8,1,113,0
38.46,20.9,78.15,47.6,44.1,3,72,1
27.55,19.38,58.95,56.13,11.1,3,23,1
26.22,23.54,65.72,59.24,47.7,2,119,0
17.86,23.46,67.25,48.93,41.2,1,119,0
30.27,16.67,88.7,56.4,27.2,3,51,1
32.91,15.16,78.76,33.13,67.7,2,170,1
24.3,19.21,78.71,25.57,82.7,1,244,0
23.53,15.81,75.79,58.62,79.0,3,151,0
24.26,24.22,53.48,23.05,40.3,2,103,1
43.59,20.08,61.17,63.73,37.8,2,81,1
33.78,21.66,68.3,22.9,6.0,3,20,1
21.82,17.34,66.15,49.97,58.2,1,171,0
39.8,23.14,90.14,56.62,69.6,2,151,1
21.13,21.77,64.35,58.72,50.8,1,150,0
23.73,19.56,67.76,69.28,82.1,2,209,0
19.27,21.63,66.27,31.5,18.4,2,47,1
27.84,17.35,93.13,53.6,81.4,2,205,0
24.04,22.69,78.53,72.02,47.3,1,140,0
16.88,23.03,79.74,73.42,18.8,1,55,0
16.66,16.68,69.76,60.91,100.0,1,255,0
19.68,21.72,87.84,39.71,96.6,2,247,0
30.58,21.84,83.19,20.46,28.2,2,73,1
31.95,19.63,68.12,58.32,64.5,2,162,1
22.37,15.34,75.44,73.19,99.8,1,255,0
35.26,21.89,56.92,59.6,69.4,2,149,1
23.3,15.61,72.78,22.24,84.1,2,215,1
36.97,22.85,97.08,77.77,71.4,2,154,0
35.36,21.86,73.24,76.12,36.9,3,71,1
29.22,21.95,92.96,27.9,1.6,2,30,1
41.08,23.32,84.79,22.86,78.5,2,169,1
39.13,19.96,88.27,74.44,74.1,2,162,0
25.77,19.17,74.7,22.62,66.3,2,169,1
40.82,24.97,76.12,27.91,42.8,3,69,1
36.94,22.75,87.74,43.51,92.6,2,202,1
23.05,18.16,91.24,67.09,94.1,1,255,0
38.92,20.31,67.04,73.82,77.5,1,191,0
42.01,20.6,56.56,24.7,49.0,2,107,1
16.87,19.46,83.62,30.12,54.6,1,162,0
27.54,19.81,66.84,36.19,62.7,1,182,0
23.42,18.75,77.07,46.33,72.3,1,211,0
31.99,21.38,65.8,24.61,27.2,1,80,1
37.69,18.98,81.36,21.49,29.1,3,47,1
39.84,24.33,84.01,25.82,1.1,3,20,1
17.84,19.49,56.51,24.89,30.3,2,77,1
40.91,18.34,57.05,65.53,49.5,3,79,1
38.7,18.22,95.89,38.61,75.1,1,183,1
20.9,17.95,93.38,37.18,63.5,1,186,0
33.17,20.68,74.06,57.07,97.5,2,248,1
23.68,16.69,94.01,25.83,98.2,3,187,1
25.99,23.69,96.67,22.57,63.7,2,162,1
38.42,24.72,72.05,34.25,10.7,2,30,1
43.81,17.01,87.97,21.29,87.3,2,189,1
29.07,15.88,71.23,30.01,74.6,1,215,0
37.47,17.56,76.41,43.59,27.6,1,70,1
26.23,20.67,96.29,38.64,33.7,1,99,0
20.01,23.91,83.96,53.86,33.1,2,82,0
45.22,24.55,64.06,44.34,77.3,1,193,1
42.97,21.44,85.21,77.99,38.1,2,81,0
27.44,18.72,95.68,53.23,20.2,1,56,0
29.56,24.72,78.53,41.06,46.2,3,88,1
22.53,16.65,91.62,71.04,24.2,3,46,0
21.37,17.47,49.4,76.29,42.4,2,109,0
35.78,15.57,75.31,32.71,95.2,3,154,1
43.98,21.48,92.82,49.69,28.2,1,71,0
20.33,21.04,51.85,43.52,89.3,3,171,1
38.95,16.14,57.84,47.92,16.7,3,28,1
24.88,22.76,65.52,21.24,36.2,1,107,1
34.31,19.36,68.71,72.23,47.5,2,121,0
28.88,16.47,53.93,28.95,31.6,1,92,0
18.68,24.31,89.25,55.58,13.2,2,33,0
27.18,22.53,81.25,62.31,34.8,1,100,0
22.41,20.6,59.92,42.96,63.1,2,160,0
25.49,22.81,62.57,39.48,60.2,2,154,0
18.38,19.31,82.98,78.4,51.4,1,152,0
32.07,19.01,70.26,31.25,41.1,2,105,1
32.07,17.61,52.6,42.38,46.7,2,117,1
30.11,23.58,56.69,66.73,38.9,2,99,0
16.67,20.49,57.75,39.28,12.9,3,25,1
19.48,24.26,92.28,39.19,93.2,2,237,1
35.05,23.66,84.82,65.89,62.1,3,103,1
21.1,23.68,79.36,27.73,25.5,3,48,1
37.97,24.69,63.51,24.9,56.1,1,140,1
20.43,20.72,85.84,74.75,90.2,1,255,0
40.99,21.44,91.62,29.22,86.2,3,140,1
19.83,18.63,97.67,71.55,73.1,3,141,0
28.17,22.18,85.14,51.63,74.0,3,141,1
17.83,22.9,60.71,29.39,20.3,2,53,1
31.61,16.2,60.38,70.1,15.6,1,44,0
23.49,19.14,52.19,67.41,8.3,2,30,0
25.34,21.03,65.93,36.68,86.3,2,218,1
43.49,23.7,56.68,40.88,75.7,1,187,1
29.47,19.43,65.43,78.22,17.8,2,44,0
16.84,18.73,91.19,59.97,21.2,3,40,0
30.89,17.03,52.42,76.82,23.1,3,45,1
36.84,23.34,71.71,42.45,62.9,1,157,1
45.24,22.0,68.56,64.57,46.9,2,101,0
43.08,18.7,57.54,78.12,51.0,2,111,0
32.46,18.24,73.01,77.42,75.2,1,222,0
17.71,18.2,64.28,63.3,47.9,3,90,0
20.69,23.3,94.11,35.71,15.1,1,43,0
17.88,22.76,88.03,67.87,69.0,2,175,0
43.6,18.98,78.16,32.18,80.4,3,131,1
31.67,19.45,63.27,49.57,95.5,3,182,1
33.6,23.23,74.51,41.24,65.6,3,124,1
21.79,19.46,89.13,75.78,35.8,2,89,0
19.3,19.07,70.31,42.04,76.6,1,224,0
28.64,15.21,53.68,30.05,10.1,2,30,1
20.05,17.56,87.24,57.91,9.0,2,30,0
17.83,23.04,69.61,72.79,15.8,1,46,0
26.0,24.69,77.45,21.74,5.4,2,30,1
27.35,23.52,85.39,30.08,39.4,2,98,1
30.86,23.58,89.65,45.59,0.0,2,30,1
24.31,20.34,68.19,22.0,39.6,3,76,1
43.46,24.43,79.03,66.35,74.5,3,121,1
40.21,16.81,60.4,67.91,55.0,2,121,0
23.58,20.23,77.18,76.01,24.1,2,62,0
37.32,21.91,56.54,39.64,93.5,2,203,1
18.51,22.0,75.67,30.42,23.1,3,43,1
36.65,16.15,93.7,75.91,38.5,2,85,0
19.36,21.65,79.37,32.82,98.2,2,250,1
41.09,17.95,53.63,45.78,89.6,1,224,1
27.97,21.42,62.99,76.47,22.7,2,56,0
38.39,16.9,62.48,50.21,96.3,1,240,1
34.77,18.06,80.12,47.49,94.2,3,180,1
33.3,15.16,62.95,59.54,16.7,1,50,0
27.81,20.84,96.75,76.97,91.6,1,255,0
38.95,25.35,72.94,33.73,24.3,2,49,1
41.5,22.3,91.82,24.83,58.0,1,143,1
41.62,15.66,80.51,31.53,98.2,2,210,1
22.75,22.61,87.22,72.08,95.3,2,243,0
37.58,23.4,82.56,62.66,85.0,2,183,1
37.69,19.67,81.38,71.45,26.8,2,56,0
33.27,22.32,84.77,52.32,82.1,1,238,0
43.04,21.25,90.88,68.47,4.0,3,20,1
33.94,18.1,89.27,32.0,28.8,2,74,1
21.01,15.34,61.94,64.55,67.3,2,168,0
27.42,23.46,94.41,46.31,7.5,2,30,0
19.1,19.03,65.45,20.08,58.4,1,171,1
39.18,18.53,69.91,45.44,94.2,1,236,1
26.92,20.43,50.92,41.7,56.4,3,106,1
25.65,24.05,88.58,56.17,17.5,3,34,1
29.89,16.27,79.45,63.53,71.0,1,206,0
18.53,17.44,69.6,37.39,90.3,2,230,1
16.37,16.8,78.32,59.78,65.7,1,189,0
37.3,21.08,67.87,37.51,97.7,1,242,1
39.58,22.9,72.11,22.27,52.6,1,130,1
19.6,22.9,77.19,37.34,92.4,3,176,1
32.34,20.82,86.19,65.1,33.9,1,98,0
35.89,20.44,64.99,79.64,84.5,1,209,0
41.42,17.99,71.0,74.85,59.0,1,145,0
22.46,20.19,80.13,75.85,76.2,3,145,0
16.43,19.36,55.55,57.77,80.3,2,202,0
41.14,18.83,76.97,74.15,79.2,3,130,1
24.49,22.34,64.61,71.95,14.3,3,27,0
17.91,15.29,59.5,23.3,37.6,3,70,1
29.13,24.58,84.95,34.8,38.7,3,74,1
18.98,24.81,91.74,74.35,9.8,1,40,0
37.58,22.08,69.52,54.05,76.1,3,124,1
26.34,18.94,74.69,64.99,51.0,3,95,1
17.59,16.25,50.51,26.72,72.8,3,139,1
19.4,15.97,71.47,23.41,57.3,1,167,1
23.61,16.03,62.87,65.95,39.8,2,102,0
34.2,17.2,92.05,43.31,1.5,3,20,1
29.17,20.41,66.64,48.42,89.4,3,168,1
19.68,21.22,89.17,23.86,29.9,3,56,1
18.47,18.88,82.07,61.66,87.0,2,219,0
26.95,17.54,75.09,26.18,99.0,2,252,1
43.35,20.61,65.55,36.46,36.7,1,90,1
34.09,20.13,65.97,56.37,14.0,1,42,0
22.84,18.04,62.89,72.35,31.5,3,61,0
18.92,17.18,87.53,51.36,35.0,3,67,1
24.11,23.96,52.74,59.31,68.7,3,132,1
44.33,16.77,63.26,48.02,12.7,1,40,1
21.97,20.45,66.28,78.77,48.1,2,120,0
33.53,18.45,66.01,66.73,59.8,2,152,0
33.7,19.86,52.11,39.75,19.5,2,48,1
33.17,19.74,65.99,24.47,77.7,1,230,1
36.86,18.53,82.03,28.64,27.9,2,60,1
33.93,18.49,77.56,57.4,75.2,2,192,1
40.11,16.24,79.02,78.51,8.1,2,30,0
33.27,18.79,83.82,34.48,18.7,3,35,1
25.69,20.28,54.39,22.14,9.4,2,30,1
37.46,20.66,95.7,61.92,12.3,2,30,1
40.81,20.16,66.52,74.1,87.9,2,190,0
30.34,21.01,61.09,41.01,67.8,3,130,1
43.65,21.46,67.05,67.94,44.2,3,69,1
43.84,16.83,86.95,48.6,82.9,2,180,1
28.5,19.37,90.99,38.19,69.5,2,177,1
17.03,20.64,59.94,48.82,81.2,2,206,0
16.71,20.52,75.21,55.93,7.4,2,30,0
41.39,23.96,52.0,72.88,43.7,1,107,0
38.88,22.9,95.73,54.72,43.3,1,106,0
37.67,22.55,74.87,67.65,15.1,2,33,0
43.29,21.0,58.27,21.88,56.0,3,91,1
37.79,16.71,84.73,27.85,19.1,1,47,1
20.93,16.76,88.32,66.54,21.4,3,43,0
36.22,18.41,87.52,68.99,63.7,3,104,1
35.56,19.06,78.21,34.84,80.1,1,198,1
44.36,19.07,94.94,66.06,29.4,3,46,1
39.19,23.44,88.82,27.89,71.4,3,117,1
21.63,24.18,87.81,35.23,10.4,2,30,1
27.59,24.8,95.85,78.33,15.3,2,39,0
40.83,24.43,69.91,71.78,34.0,1,83,0
22.14,22.56,87.47,76.0,71.6,2,184,0
27.91,19.34,95.81,46.6,70.3,1,204,0
28.75,20.95,57.24,73.66,27.5,3,51,1
17.88,23.72,94.42,53.06,69.1,1,204,0
44.65,15.52,65.18,47.98,31.3,2,67,1
32.37,15.2,82.83,56.15,72.0,1,212,0
21.71,23.27,56.32,79.59,60.5,2,155,0
18.53,22.85,91.8,25.26,18.4,2,45,1
38.62,20.84,74.26,35.0,6.5,1,40,1
15.89,16.08,60.91,73.79,4.4,2,30,0
35.88,17.01,73.45,36.82,59.3,1,146,1
19.42,18.68,94.61,39.72,15.6,2,39,1
32.21,18.74,82.91,76.87,11.0,2,30,0
20.03,19.7,78.6,33.95,54.3,1,160,0
29.0,18.1,91.65,20.3,80.5,1,238,1
25.43,17.79,72.55,31.11,85.9,1,249,0
38.35,22.66,61.21,42.2,77.4,3,126,1
41.55,23.95,82.31,57.8,67.3,3,109,1
17.29,16.46,63.01,58.48,97.4,2,247,0
29.47,19.54,60.77,67.25,44.0,3,82,1
31.21,17.38,97.1,32.12,15.3,3,28,1
24.12,17.12,73.55,23.8,63.9,2,161,1
17.06,16.29,81.81,46.58,41.0,2,105,0
38.64,23.48,64.35,41.44,82.8,3,134,1
27.12,16.52,83.92,35.78,56.7,1,165,0
35.68,23.66,64.43,35.73,74.8,3,121,1
23.79,15.39,84.21,28.98,72.5,3,138,1
29.87,20.94,75.16,30.9,98.4,1,255,0
44.31,22.19,54.59,65.13,42.9,3,69,1
38.6,15.85,81.36,53.13,34.2,2,73,1
43.17,21.76,71.93,30.66,69.4,2,147,1
25.14,23.51,91.78,28.39,5.8,3,20,1
27.65,17.52,53.14,42.97,68.1,2,172,0
19.75,21.92,95.6,48.24,20.4,1,58,0
25.19,18.93,54.16,53.3,37.2,2,96,0
28.87,22.24,86.49,27.59,70.7,1,209,0
33.58,16.86,87.68,76.63,63.7,2,163,0
27.07,22.69,87.06,52.35,39.7,2,101,0
42.96,23.94,89.88,44.17,88.9,3,145,1
23.89,15.47,73.28,42.73,6.1,3,20,1
28.09,15.73,92.92,78.89,56.0,1,166,0
39.58,17.94,90.09,76.97,54.9,2,118,0
16.31,19.24,56.56,61.35,31.6,1,91,0
35.79,23.78,76.29,45.26,20.0,1,49,1
16.75,20.37,85.63,35.52,1.3,3,20,1
24.54,25.06,64.92,45.41,28.1,3,53,1
40.58,21.05,54.56,44.25,63.6,2,137,1
38.38,17.2,66.0,50.27,19.3,2,41,1
26.68,18.31,62.39,77.39,26.3,1,77,0
39.6,16.33,55.54,44.1,40.6,1,101,1
25.04,15.91,60.12,50.21,10.4,1,40,0
34.35,24.63,74.02,47.26,49.5,2,126,1
40.09,22.64,80.24,21.27,92.5,2,200,1
16.62,22.45,86.17,61.22,90.0,3,171,0
21.4,17.96,97.54,77.18,96.0,2,243,0
36.31,16.08,93.43,74.63,89.8,2,195,0
18.82,16.84,91.73,56.02,0.9,1,40,0
39.6,15.94,70.16,80.5,41.5,3,66,1
32.08,16.76,72.91,38.43,8.5,3,20,1
29.23,22.57,57.47,30.34,19.9,2,51,1
28.97,24.0,87.98,35.93,12.9,1,40,0
25.72,24.56,58.02,34.21,30.7,1,90,0
27.52,16.81,81.86,61.59,72.7,2,185,0
30.96,25.07,56.94,58.59,67.1,3,129,1
26.85,18.19,66.4,49.41,84.6,1,247,0
42.54,22.58,76.01,75.93,90.1,1,223,0
32.18,22.01,87.54,35.79,7.8,1,40,0
44.28,17.87,82.66,62.45,77.2,1,192,0
36.46,16.58,73.21,46.77,46.0,1,116,1
33.63,16.6,52.1,21.82,26.3,1,78,1
28.72,25.18,96.28,79.1,42.0,2,105,0
23.48,16.85,78.28,59.0,87.5,3,166,0
43.98,15.94,64.5,66.75,41.3,1,101,0
22.71,24.88,70.31,26.54,84.4,3,161,1
18.83,22.41,56.4,33.57,17.7,3,34,1
21.39,19.42,59.72,63.48,34.1,1,98,0
27.76,23.86,54.34,50.13,20.2,1,58,0
44.26,15.62,58.93,23.65,50.2,3,81,1
25.59,15.38,67.96,73.0,6.8,1,40,0
44.02,21.0,49.44,36.85,100.0,3,162,1
27.27,17.48,97.85,34.78,38.0,3,72,1
29.79,16.49,51.22,66.23,54.6,3,104,1
42.72,21.78,79.78,68.21,68.8,3,112,1
33.76,24.64,54.85,33.6,52.0,2,133,1
23.82,17.39,65.03,51.35,44.0,1,128,0
15.74,20.11,95.52,73.5,80.2,3,153,0
26.91,16.37,63.46,51.93,54.5,3,103,1
31.0,24.43,91.87,64.08,63.4,2,162,1
19.39,16.8,69.27,35.74,88.4,2,225,1
26.82,16.46,66.7,59.84,17.7,1,51,0
18.85,18.88,85.04,77.77,77.6,2,197,0
42.34,20.79,76.07,63.97,14.2,1,37,0
23.94,21.76,69.26,28.02,21.9,1,63,0
44.02,23.29,69.73,41.92,3.8,1,40,1
43.82,20.52,75.74,43.43,84.0,2,181,1
18.67,23.72,88.45,74.7,73.7,1,214,0
28.95,18.18,70.79,75.77,60.8,3,115,1
37.19,24.4,52.8,70.29,65.6,1,164,0
37.78,17.35,65.42,43.27,86.3,3,139,1
21.57,21.1,70.68,49.47,78.6,1,230,0
24.39,18.94,74.6,64.49,38.2,1,112,0
24.05,16.75,94.45,76.74,6.2,3,20,0
29.38,19.79,90.25,43.44,55.1,2,140,0
20.66,15.52,87.24,29.86,5.5,3,20,1
17.48,22.6,92.49,48.66,65.1,3,123,1
17.64,23.67,89.92,68.08,14.0,2,35,0
39.28,20.96,84.6,59.99,48.4,3,78,1
28.36,22.51,82.35,42.28,47.1,3,89,1
38.86,18.95,77.61,41.26,70.0,1,173,1
38.04,20.19,87.82,71.37,17.9,1,43,0
34.19,20.14,91.78,28.08,6.4,3,20,1
40.26,15.62,51.91,58.63,6.9,1,40,0
26.28,16.46,90.23,38.05,7.1,2,30,1
43.36,18.18,59.15,28.52,48.0,1,119,1
26.24,19.24,59.92,22.77,31.9,1,92,1
30.58,23.96,73.86,60.32,37.6,1,113,0
20.35,17.11,70.22,60.42,14.8,3,29,0
32.21,24.26,68.18,78.17,65.7,2,167,0
36.66,21.32,70.78,72.51,69.5,3,113,1
35.68,25.03,90.09,33.34,7.0,2,30,1
20.39,21.52,58.98,29.59,2.7,3,20,1
29.19,24.77,97.42,75.78,75.0,1,219,0
29.03,21.41,65.84,46.83,1.2,2,30,0
43.37,18.99,77.52,52.68,5.6,1,40,0
39.57,22.49,69.86,76.42,29.7,1,74,0
38.91,23.31,54.46,25.75,20.3,2,43,1
37.02,19.77,89.73,21.63,31.9,1,80,1
27.61,18.02,51.13,26.06,67.4,1,197,0
37.48,22.54,58.58,36.92,51.5,2,111,1
26.51,16.13,82.26,79.05,11.5,3,21,1
19.02,19.92,69.05,61.19,16.8,3,32,0
23.91,16.68,76.77,76.35,89.3,2,228,0
38.54,23.85,96.26,45.64,56.2,1,140,1
31.53,24.06,78.29,67.32,96.9,3,186,1
29.94,17.91,74.04,38.17,42.4,2,107,1
17.1,24.85,56.25,76.51,77.4,3,148,0
41.19,24.49,70.45,22.14,17.7,1,44,1
33.66,19.09,68.51,70.73,30.9,2,78,0
38.34,22.2,87.58,66.34,23.0,2,47,0
44.73,22.95,70.69,64.69,10.6,3,20,1
23.84,23.78,73.73,38.92,75.3,2,193,1
29.65,16.37,61.38,69.44,22.7,2,58,0
21.41,20.57,83.97,64.66,37.0,1,108,0
38.11,16.28,90.97,29.31,6.6,1,40,1
21.72,17.22,98.06,52.43,1.4,1,40,0
35.42,19.52,63.05,40.7,28.5,1,69,1
41.95,17.44,77.57,22.21,88.8,1,222,1
27.39,20.82,77.73,46.65,43.7,1,130,0
36.64,17.04,62.75,62.18,96.7,2,211,1
36.1,15.89,76.37,70.62,49.3,3,80,1
22.49,20.4,64.35,33.12,51.9,3,98,1
35.61,19.1,71.39,71.13,14.1,1,40,0
23.45,19.98,66.33,49.69,16.0,3,30,1
26.54,24.1,95.67,76.6,49.3,2,127,0
32.68,15.5,55.6,23.16,94.9,2,242,1
40.67,16.1,72.33,50.84,52.8,1,132,0
33.97,24.92,85.47,26.42,17.2,1,50,0
17.29,17.06,92.63,74.74,9.6,2,30,0
28.96,24.45,64.5,69.75,93.9,1,255,0
44.42,17.71,68.53,78.0,34.6,2,77,0
38.12,18.01,66.85,30.94,69.7,2,152,1
28.42,20.78,57.54,36.87,60.2,1,178,0
42.84,22.25,51.77,58.45,54.6,2,118,1
21.03,21.74,63.28,33.31,16.5,3,32,1
19.44,24.35,60.82,70.66,82.3,3,156,0
32.73,24.73,93.51,31.1,66.6,2,171,1
44.67,19.75,79.85,69.62,33.8,1,83,0
40.22,22.97,80.59,37.23,64.0,3,103,1
33.07,20.34,63.26,52.23,37.7,3,72,1
36.36,19.93,63.62,38.23,8.6,2,30,1
21.71,21.07,96.03,73.48,8.2,3,20,0
21.68,16.24,51.85,77.7,45.1,3,86,1
35.88,24.19,95.83,51.46,53.4,3,86,1
24.98,23.52,98.3,64.71,6.5,1,40,0
44.71,15.81,82.79,52.13,14.1,2,31,1
44.3,21.4,68.58,52.84,73.5,3,119,1
23.74,17.21,54.23,52.28,71.0,1,210,0
22.12,19.79,51.34,78.62,86.4,2,219,0
31.2,20.15,57.16,77.63,90.7,1,255,0
37.99,18.2,62.15,72.95,61.4,2,133,0
19.87,18.52,74.19,46.34,57.8,2,148,0
41.0,20.75,68.61,39.96,11.2,1,40,1
33.24,20.66,54.85,60.52,89.5,3,169,1
42.82,17.85,61.32,21.59,19.7,2,43,1
21.41,24.42,65.29,25.3,84.0,1,245,0
44.43,18.51,55.21,63.53,92.9,1,230,0
34.52,24.66,53.0,21.41,96.6,2,245,1
27.27,17.24,89.49,39.02,31.2,1,94,0
20.0,18.85,86.52,63.77,77.0,1,226,0
21.98,19.76,61.63,72.88,24.9,2,62,0
31.36,17.24,77.11,45.58,89.3,3,170,1
16.43,19.57,58.08,23.92,73.7,1,215,1
17.95,17.16,88.03,75.67,33.2,2,85,0
25.28,23.33,75.7,29.3,33.2,1,96,0
27.18,24.09,86.62,67.37,51.9,1,151,0
32.9,22.08,95.78,30.59,64.9,2,166,1
22.75,15.46,53.73,35.36,13.0,2,34,1
24.75,24.63,72.29,64.62,70.0,1,204,0
43.58,18.96,68.07,56.9,56.7,2,123,1
21.06,23.72,96.48,41.69,41.5,3,79,1
23.38,19.61,92.09,46.51,63.6,3,120,1
16.52,23.24,67.45,67.25,31.1,1,89,0
42.72,17.79,69.63,28.76,66.2,3,108,1
23.2,17.94,62.81,71.66,3.9,1,40,0
22.33,22.77,57.01,54.88,27.4,1,83,0
19.5,18.51,73.21,59.82,22.3,2,56,0
16.94,19.87,78.48,23.84,5.2,3,20,1
27.52,23.35,56.75,59.12,95.3,2,243,0
34.33,20.94,70.1,38.04,53.0,3,101,1
20.47,17.9,57.58,53.76,65.6,1,192,0
43.03,21.74,93.79,79.19,48.2,1,119,0
17.08,18.86,82.15,79.31,77.4,1,225,0
37.16,24.82,84.71,21.02,18.3,1,44,1
16.12,16.2,73.32,24.93,88.7,2,226,1
40.33,21.46,78.02,63.49,35.8,1,88,0
32.54,19.62,84.03,53.15,76.6,2,195,1
25.32,15.7,97.49,56.11,22.7,1,66,0
24.58,20.08,89.53,33.89,40.3,2,101,1
20.31,14.91,72.67,40.06,77.6,1,227,0
20.21,16.68,84.37,66.14,74.8,3,141,0
34.06,19.6,91.22,54.07,63.1,3,120,1
35.41,17.31,59.6,47.4,77.8,3,127,1
36.68,20.4,55.12,28.54,38.0,1,94,1
40.4,22.34,62.03,79.41,48.8,2,106,0
27.12,22.06,84.43,25.6,4.1,3,20,1
39.25,20.0,82.17,51.39,40.6,2,88,1
18.69,14.95,53.65,61.85,59.7,3,113,1
23.15,24.11,60.82,62.46,78.9,3,151,0
21.74,24.04,58.62,40.5,48.4,3,92,1
26.53,15.58,53.49,74.02,4.2,1,40,0
28.95,22.21,64.11,26.87,99.9,3,191,1
38.36,22.07,73.92,50.51,40.8,2,87,1
44.41,21.16,78.15,20.86,69.8,3,113,1
17.51,17.11,87.26,63.98,18.5,3,36,0
25.13,19.22,51.04,63.14,20.1,2,51,0
21.78,23.34,74.76,38.7,95.4,2,243,1
33.08,21.58,88.88,55.99,76.4,1,221,0
19.49,14.76,66.15,34.76,30.3,3,58,1
23.5,22.88,57.19,68.65,61.0,1,179,0
21.46,24.17,57.11,55.9,32.1,1,93,0
45.39,16.21,72.43,77.65,89.3,3,143,1
34.01,18.66,51.8,72.68,9.1,1,40,0
28.54,23.27,71.51,40.84,63.5,2,160,0
15.85,22.52,81.13,28.36,24.4,1,71,0
31.2,17.44,76.83,23.55,84.4,2,212,1
30.37,15.79,57.11,65.74,79.3,1,235,0
16.11,23.62,62.89,24.12,75.9,1,222,1
25.58,16.9,91.99,50.29,10.5,1,40,0
17.69,22.28,92.75,22.94,52.8,1,154,1
23.49,20.28,99.19,69.55,48.4,2,124,0
33.98,21.29,97.96,57.21,27.9,3,54,1
40.1,18.18,63.55,47.5,27.9,1,69,1
25.95,17.96,49.66,62.36,24.9,1,69,0
38.44,21.05,88.73,33.36,20.8,1,51,1
24.95,20.13,98.57,35.67,38.5,1,114,0
43.26,17.58,69.54,59.24,38.8,2,85,1
37.46,16.06,81.24,21.51,43.2,2,94,1
28.03,20.22,76.34,67.41,4.7,3,20,1
37.2,21.07,84.34,51.94,72.8,1,181,0
27.92,22.97,70.8,58.89,84.0,2,214,0
27.09,23.15,88.89,26.67,7.5,2,30,1
21.11,24.23,98.33,23.17,67.4,3,127,1
18.52,19.52,89.71,71.62,16.3,3,31,0
28.58,22.04,85.32,58.57,77.1,2,197,0
22.31,22.81,71.01,28.92,97.2,3,186,1
35.16,20.84,74.56,68.21,68.0,2,147,0
23.86,18.81,84.1,22.18,81.7,3,155,1
19.79,22.82,93.25,35.14,6.6,1,40,0
21.05,18.32,59.05,23.51,18.1,3,33,1
40.9,22.0,80.34,41.29,23.3,2,48,1
16.53,20.76,88.49,29.37,89.0,2,227,1
38.22,16.82,53.31,21.3,10.0,1,40,1
34.83,17.79,93.02,53.31,6.6,1,40,0
34.16,23.62,65.65,51.18,89.2,1,255,0
33.33,18.15,82.09,28.37,67.3,1,195,0
36.97,22.59,55.11,71.76,80.8,3,130,1
37.92,20.69,66.16,35.14,75.9,1,189,1
28.81,20.43,70.28,36.6,17.9,2,46,1
22.1,19.64,90.64,58.86,15.7,2,40,0
28.45,16.41,61.38,37.4,53.0,1,155,0
27.08,16.04,66.31,79.61,61.7,3,119,1
24.0,19.15,75.41,46.23,9.3,1,40,0
40.76,17.47,73.05,37.56,54.6,1,137,1
42.57,16.89,66.68,61.83,86.3,3,141,1
36.28,24.66,66.79,64.51,74.5,2,161,1
38.89,22.76,73.28,44.21,18.2,2,39,1
25.32,17.48,74.71,43.22,1.3,2,30,0
25.4,19.04,80.73,59.66,22.8,1,65,0
38.53,15.47,95.79,63.55,95.2,1,237,0
44.2,19.43,84.26,47.01,17.9,1,46,1
23.99,15.53,68.09,32.7,54.5,2,140,1
33.91,23.44,78.31,19.97,78.6,2,200,1
40.35,18.57,51.64,57.62,45.4,2,96,1
37.25,24.06,89.76,75.98,34.5,2,74,0
36.98,22.84,53.72,64.4,6.3,1,40,0
19.05,22.86,88.39,70.02,64.4,2,162,0
35.17,24.42,89.57,23.35,85.9,1,250,1
21.27,18.88,93.04,32.82,20.9,1,60,0
21.13,19.91,75.9,75.88,93.3,2,236,0
42.79,18.48,90.57,63.73,9.6,2,30,1
28.99,17.52,97.27,20.67,93.0,1,255,1
25.89,15.53,76.05,38.99,8.1,3,20,1
20.97,21.4,65.51,57.24,53.2,2,138,0
39.2,24.24,61.3,61.82,78.6,3,126,1
34.06,22.95,62.08,57.8,64.2,2,162,1
36.93,18.15,95.02,68.64,21.7,1,52,0
23.77,16.14,92.81,75.08,49.6,2,126,0
38.57,18.91,67.53,50.09,64.8,1,161,0
21.84,21.89,79.28,41.11,83.6,2,213,0
33.25,22.4,68.86,62.15,83.8,3,160,1
39.26,16.76,78.95,36.36,23.8,2,52,1
17.49,21.85,55.27,65.16,41.9,3,80,0
28.57,22.33,68.41,56.91,4.8,2,30,0
31.96,17.58,92.27,22.48,35.5,2,89,1
31.3,22.51,54.0,55.43,47.7,1,140,0
30.06,23.61,74.53,24.56,18.8,3,35,1
20.16,22.44,95.93,27.67,60.9,3,116,1
31.85,23.01,64.76,38.07,41.3,3,78,1
34.64,24.85,97.49,76.76,77.0,2,194,0
35.75,23.91,64.57,57.83,56.4,1,141,0
38.29,23.61,81.17,68.38,44.2,2,95,0
17.9,24.03,77.68,37.34,55.8,2,142,1
37.21,19.67,50.06,39.0,75.3,2,162,1
19.8,24.21,54.12,25.09,62.6,3,120,1
44.62,23.56,53.07,73.78,95.7,1,238,0
32.17,17.1,56.85,65.43,80.5,2,206,0
20.97,23.33,87.42,48.34,52.4,2,133,0
26.62,20.8,60.24,30.22,5.1,1,40,0
37.29,21.38,95.31,47.13,25.4,2,55,1
31.55,15.34,72.89,23.2,45.5,3,87,1
30.35,16.81,56.05,38.54,27.0,2,67,1
37.43,16.78,88.02,76.72,30.3,3,48,1
31.52,24.95,93.57,62.98,66.6,1,198,0
25.66,24.02,86.77,61.86,92.2,3,177,1
36.9,20.87,62.8,69.12,9.8,2,30,0
30.86,18.07,51.76,64.18,39.5,2,101,1
25.73,23.67,88.34,22.19,13.7,1,41,1
23.69,18.32,67.08,29.86,8.6,3,20,1
22.83,23.31,53.73,40.57,46.3,1,135,0
42.94,17.38,55.63,55.86,15.3,2,32,1
24.54,22.44,60.34,51.15,80.0,2,203,0
27.71,18.65,76.67,27.75,87.2,2,221,1
37.81,14.85,54.9,45.76,84.9,3,138,1
22.87,21.67,78.37,32.09,96.9,1,255,0
31.1,23.13,58.97,36.37,65.6,3,126,1
28.11,21.94,71.3,22.22,40.4,2,103,1
18.27,18.83,53.9,41.54,47.7,1,138,0
16.59,16.69,95.53,19.74,27.5,2,70,1
43.2,23.02,71.64,55.41,90.3,1,226,0
34.56,21.93,96.06,47.46,99.2,2,254,1
34.31,16.91,50.44,25.13,69.6,2,175,1
34.44,15.82,89.88,44.12,49.2,3,81,1
41.88,22.31,66.56,42.06,46.0,2,101,1
17.53,22.34,92.06,32.32,6.0,2,30,1
21.6,15.44,81.33,54.24,82.4,3,158,1
37.58,20.44,55.68,45.24,93.9,2,202,1
35.6,16.08,75.45,72.31,84.3,3,136,1
19.6,21.45,49.1,21.01,17.0,1,52,1
30.71,21.28,63.91,27.25,8.2,2,30,1
33.53,21.5,52.74,39.77,26.3,1,76,0
16.72,21.27,77.11,51.44,49.9,2,128,0
32.37,22.05,62.21,40.41,20.2,2,52,1
17.2,22.63,80.26,48.8,67.4,2,171,0
37.61,21.65,61.13,70.07,56.3,3,93,1
28.26,22.64,76.31,46.79,93.7,3,181,1
32.21,16.06,92.09,31.32,88.5,3,168,1
29.9,18.15,73.63,72.85,79.0,2,200,0
34.41,16.27,97.76,53.26,10.2,1,40,0
24.11,17.56,76.05,34.84,85.6,1,252,0
38.2,17.43,90.77,43.41,74.9,1,188,1
39.86,21.34,53.1,32.13,87.0,1,217,1
35.41,16.57,53.82,59.94,69.2,1,173,0
40.87,17.39,83.06,73.48,64.2,2,140,0
32.6,19.82,88.48,52.26,43.5,3,82,1
37.81,17.93,82.57,67.84,78.7,1,195,0
33.11,24.48,59.9,46.16,61.5,3,116,1
36.55,21.81,79.55,55.76,73.2,3,118,1
35.12,15.56,59.4,37.32,34.8,2,79,1
28.6,17.91,85.77,33.54,68.7,3,131,1
40.54,24.56,53.93,33.75,71.2,2,155,1
18.07,18.8,92.59,72.32,30.8,2,79,0
33.94,19.67,91.66,64.6,49.9,1,146,0
22.76,16.16,65.96,48.51,72.1,2,184,0
32.41,16.08,76.35,54.56,65.8,2,168,1
29.17,23.1,77.1,47.81,2.9,1,40,0
41.77,19.92,50.57,24.15,26.6,3,44,1
22.77,24.44,91.21,65.05,33.9,3,65,0
31.54,18.91,58.63,68.05,82.0,3,155,1
20.1,17.97,78.91,74.46,89.6,2,227,0
27.53,22.76,67.42,54.99,39.9,1,115,0
24.95,18.63,78.59,48.5,0.9,3,20,1
18.46,20.38,60.49,29.98,87.2,3,167,1
43.4,19.85,65.43,58.86,22.2,2,45,1
33.63,23.36,94.67,67.88,90.7,3,173,1
17.83,22.63,77.42,53.03,37.4,2,96,0
31.88,18.58,96.57,48.8,92.5,1,255,0
23.22,14.96,75.26,61.98,19.8,3,37,0
17.66,17.41,57.04,51.53,10.6,3,20,1
30.72,18.35,54.61,35.22,32.9,1,97,0
44.51,19.86,95.38,31.41,0.5,2,30,1
35.4,21.46,90.19,28.47,5.1,1,40,1
29.01,16.11,71.76,61.9,59.6,1,174,0
29.62,19.41,94.29,69.31,21.5,1,62,0
37.16,22.66,62.96,29.16,92.5,1,230,1
18.56,18.34,71.03,55.11,15.3,3,29,0
30.93,19.87,67.66,44.83,47.6,3,91,1
17.49,14.47,94.68,79.74,4.8,2,30,0
34.74,21.65,80.68,36.44,92.0,2,234,1
33.93,24.21,94.32,56.31,26.6,3,51,1
23.08,20.3,50.85,64.44,51.7,2,133,0
19.16,18.42,77.26,41.97,58.4,2,147,0
35.53,24.98,55.69,79.3,72.3,2,156,0
18.14,15.33,69.74,39.37,56.6,2,144,1
31.95,18.31,61.47,32.28,62.9,3,121,1
41.58,22.54,72.91,63.09,54.0,2,116,1
17.54,18.52,62.24,72.54,89.4,2,228,0
44.16,23.35,60.51,53.85,21.2,3,33,1
32.66,16.98,97.19,46.52,74.7,3,142,1
40.85,15.95,79.71,55.43,31.3,3,50,1
42.48,17.53,62.2,75.95,6.9,1,40,0
24.92,22.93,63.53,72.78,24.5,2,65,0
20.51,24.27,84.32,66.3,43.5,2,111,0
39.25,19.83,76.82,76.84,14.9,2,31,0
36.9,25.33,81.58,73.59,12.4,1,40,0
26.62,23.59,69.22,43.85,14.0,2,34,0
15.76,24.59,69.9,40.83,62.4,3,119,1
21.5,18.89,52.09,62.8,74.9,3,142,1
36.04,16.1,52.36,55.17,19.6,3,31,1
21.01,15.46,58.4,24.36,43.4,2,109,1
18.81,17.68,72.97,25.05,99.2,3,190,1
25.37,24.97,73.24,45.8,48.7,3,92,1
38.06,19.36,86.84,58.41,58.4,1,146,0
42.64,20.26,54.5,22.67,80.1,2,172,1
44.86,15.34,92.93,56.91,1.1,2,30,1
44.99,17.44,60.61,40.71,53.0,2,114,1
38.17,20.95,92.31,56.75,96.8,3,158,1
20.87,23.87,60.14,77.04,2.0,3,20,0
30.02,16.89,62.05,63.35,32.4,3,62,1
42.5,15.31,55.22,58.62,10.8,1,40,0
20.9,20.32,75.54,22.28,63.1,1,187,1
19.82,24.1,61.6,58.05,16.3,3,30,0
43.46,16.1,84.4,27.7,90.4,1,223,1
33.52,24.07,82.18,41.35,35.6,2,90,1
16.27,20.51,92.32,69.24,81.5,2,206,0
17.26,23.26,63.69,70.13,49.2,1,144,0
26.65,20.92,84.32,35.74,28.9,2,74,1
27.49,22.81,53.62,21.57,47.1,2,118,1
39.49,24.46,85.33,58.61,91.3,1,229,0
44.34,21.94,65.13,64.8,49.0,3,81,1
41.17,15.51,78.29,26.49,55.4,3,91,1
27.06,24.47,61.71,31.02,51.1,3,98,1
29.46,19.82,79.88,46.91,32.2,3,62,1
38.8,24.69,96.91,77.28,15.0,1,39,0
40.39,24.24,86.08,22.27,11.2,2,30,1
28.8,15.43,60.11,33.37,6.2,1,40,0
24.66,19.48,87.37,25.66,98.6,1,255,0
33.47,21.66,88.26,69.7,66.8,3,126,1
21.5,22.53,53.45,29.06,89.4,3,170,1
27.12,18.89,75.88,38.29,98.8,2,251,1
38.45,22.51,89.89,25.61,72.1,1,180,1
30.87,17.69,64.56,21.05,2.6,1,40,1
19.68,17.23,60.58,79.73,38.4,1,111,0
31.76,19.15,60.63,25.37,47.5,1,138,1
31.71,16.87,90.17,36.19,25.2,2,64,1
40.59,24.75,60.32,57.05,53.4,2,116,1
42.23,17.7,86.23,37.6,52.3,1,131,1
29.24,23.98,92.24,29.23,78.2,1,230,0
22.92,18.71,73.03,34.0,45.3,3,87,1
22.16,17.96,81.09,66.42,32.7,1,97,0
40.54,19.88,87.78,22.54,25.7,3,44,1
25.64,23.17,58.51,55.13,86.5,1,252,0
21.32,24.13,73.8,37.54,39.2,2,99,1
22.44,16.01,79.58,69.8,83.3,3,159,0
31.44,20.46,80.66,38.44,64.0,1,188,0
23.79,24.92,97.36,76.56,1.2,2,30,0
21.64,16.88,72.44,72.75,3.0,2,30,0
21.39,15.74,58.35,35.83,3.7,1,40,0
43.47,17.48,53.84,67.23,87.4,3,142,1
18.44,21.33,64.15,29.67,81.8,3,156,1
21.6,17.9,84.42,79.7,92.2,3,176,0
40.42,18.89,53.34,53.95,26.2,1,66,0
22.25,23.92,92.02,66.64,76.0,3,145,0
19.65,19.83,87.83,59.15,0.8,1,40,0
25.02,24.17,72.71,60.22,46.4,2,117,0
19.08,20.92,94.34,50.84,46.6,1,134,0
22.36,23.44,54.93,54.46,38.7,1,111,0
41.42,15.68,60.6,67.0,95.4,1,237,0
35.24,18.8,72.47,22.22,17.2,1,41,1
36.52,24.04,71.11,53.81,21.2,3,35,1
34.5,18.38,50.75,31.72,75.9,1,222,0
42.48,23.49,86.89,71.85,18.0,1,43,0
35.43,15.0,62.33,77.37,28.3,3,46,1
41.25,20.6,94.3,68.22,62.7,3,102,1
37.5,18.59,56.3,43.6,9.5,2,30,1
36.59,18.84,89.84,58.15,25.0,3,42,1
35.74,20.54,95.18,56.5,62.8,2,137,1
22.87,19.16,79.45,57.45,66.4,3,127,0
18.7,23.95,57.85,78.29,45.9,3,85,0
32.68,20.44,57.32,51.48,53.7,2,138,1
26.17,16.78,97.76,53.27,31.6,3,60,1
26.49,23.87,53.77,37.55,98.8,2,253,1
30.36,23.98,51.78,67.13,38.5,3,73,1
22.95,15.24,58.17,51.14,80.9,3,154,1
22.36,17.55,78.87,28.65,18.1,3,35,1
38.35,18.52,68.95,72.02,17.9,3,29,1
35.45,23.72,91.81,73.76,52.5,1,129,0
41.98,19.51,79.22,19.94,57.1,2,124,1
44.7,24.35,97.61,41.9,82.4,2,178,1
41.83,16.1,93.61,49.37,63.9,2,138,1
27.03,24.03,51.91,37.96,94.6,2,241,1
44.65,17.0,58.23,78.58,65.5,1,163,0
32.1,16.41,97.96,65.97,40.7,1,117,0
44.2,17.96,78.48,61.91,26.2,1,67,0
22.66,18.64,97.17,72.98,53.8,1,160,0
18.71,24.11,63.6,67.02,83.4,3,158,0
15.75,17.74,88.72,71.08,33.2,3,63,0
35.0,15.68,96.93,40.77,38.0,3,72,1
33.53,20.51,81.35,55.84,69.2,1,203,0
33.17,24.89,60.69,75.4,64.1,3,122,1
28.55,20.74,56.87,38.84,86.3,2,219,1
24.34,21.22,65.1,41.95,77.7,2,199,0
22.75,15.68,66.37,60.15,13.4,1,40,0
43.0,24.15,80.22,78.64,18.3,2,40,0
23.65,21.69,83.91,27.54,24.5,1,73,0
32.11,19.24,63.29,76.26,91.8,1,255,0
26.29,22.1,85.29,62.22,19.7,2,49,0
25.77,22.42,85.43,33.28,36.1,3,67,1
18.56,17.26,76.01,39.2,99.1,1,255,0
17.6,20.79,85.68,52.08,7.0,3,20,1
23.99,18.79,74.2,24.37,67.7,1,199,1
35.1,24.46,62.1,28.2,84.3,1,248,0
16.74,23.37,72.44,53.53,11.8,3,21,1
36.4,17.19,51.11,36.39,84.1,3,136,1
21.1,24.54,73.62,31.21,80.6,1,238,0
32.76,19.42,76.8,75.57,24.1,3,46,1
32.88,22.0,59.22,46.51,57.4,3,108,1
27.25,20.69,86.96,58.11,19.2,2,47,0
30.87,20.71,55.83,69.36,90.0,1,255,0
31.13,24.03,87.68,28.24,50.8,1,149,0
26.74,16.36,74.75,75.35,95.4,3,183,1
37.58,17.92,96.84,58.94,21.0,2,47,1
40.66,23.85,94.18,27.36,29.3,2,63,1
36.14,21.5,71.97,54.2,89.2,2,193,1
40.05,19.74,63.26,45.02,68.8,3,111,1
32.36,21.41,61.49,36.85,41.8,3,79,1
33.84,24.21,88.88,25.58,50.9,3,97,1
44.43,15.13,75.13,56.96,76.8,3,125,1
19.2,20.01,86.01,79.51,33.2,1,99,0
34.9,15.07,97.56,57.45,99.5,3,189,1
26.93,24.15,65.31,36.86,96.5,3,183,1
44.7,20.33,59.76,55.69,11.5,1,40,0
41.82,19.41,77.64,31.27,24.7,1,60,1
33.83,17.02,94.95,73.79,32.7,3,61,1
31.64,19.12,66.86,43.31,60.9,1,180,0
27.44,17.8,88.81,41.7,0.5,1,40,0
17.21,23.52,69.51,61.2,15.6,2,39,0
42.93,15.0,97.76,57.33,18.3,3,30,1
27.89,23.75,67.5,61.51,89.9,2,229,0
35.85,23.83,52.67,35.65,92.7,3,149,1
26.33,21.49,63.51,42.19,62.3,2,160,0
18.28,19.79,78.52,44.93,0.8,1,40,0
35.91,19.45,94.3,61.87,51.0,1,126,0
39.96,15.86,65.74,42.69,22.6,2,51,1
32.3,19.65,72.73,70.83,95.5,3,182,1
28.78,19.77,83.25,77.12,89.3,3,170,1
30.98,17.16,82.53,51.17,19.8,1,59,0
43.62,23.64,55.88,67.97,72.8,1,181,0
30.17,19.06,75.96,24.92,80.5,1,234,1
20.24,20.73,74.13,55.25,93.9,1,255,0
31.31,18.2,82.37,35.95,45.9,1,134,0
34.17,15.32,73.57,49.16,52.6,1,151,0
40.72,18.12,83.23,24.31,22.8,2,48,1
32.84,19.9,84.35,73.33,28.7,1,83,0
40.28,18.99,88.97,42.85,73.3,3,119,1
44.74,16.21,81.18,69.42,3.1,3,20,1
39.75,23.47,68.52,67.29,95.3,2,205,0
23.85,17.33,51.91,25.44,83.1,1,243,0
20.84,19.87,59.65,74.55,58.6,2,150,0
31.41,25.23,88.34,59.7,91.3,2,232,1
17.61,21.31,56.05,65.52,40.2,3,78,0
39.65,15.0,64.24,51.49,45.8,2,98,1
43.81,17.51,62.37,77.92,67.3,3,108,1
41.11,19.18,53.43,47.12,56.3,2,120,1
32.72,21.32,49.81,27.98,46.2,3,89,1
31.74,19.87,55.9,27.01,12.6,3,24,1
38.21,20.54,65.95,30.32,22.1,1,54,1
26.04,18.77,63.0,33.12,91.4,3,174,1
23.72,14.98,58.76,65.44,83.8,1,248,0
22.3,19.18,82.23,60.01,70.3,3,133,0
20.59,20.1,81.96,57.92,62.6,1,181,0
27.71,22.67,49.56,66.21,52.8,3,99,1
30.24,24.14,97.7,66.92,47.1,2,120,0
19.19,23.49,71.45,39.22,18.2,3,33,1
36.47,20.91,79.6,77.66,76.4,2,162,0
21.36,18.66,87.92,78.01,59.7,3,114,0
17.44,24.32,79.98,29.83,68.3,2,173,1
38.89,22.73,93.07,34.54,42.4,1,106,1
44.35,20.13,89.11,70.43,97.3,1,244,0
39.93,23.47,76.01,45.29,73.0,1,181,1
43.85,17.01,93.9,32.04,88.4,1,222,1
26.7,16.82,69.89,28.44,72.0,2,183,1
30.6,21.82,72.14,63.92,34.9,1,102,0
30.94,20.55,87.38,77.86,29.2,2,73,0
42.29,16.85,78.4,51.89,64.5,3,104,1
18.32,16.75,69.36,77.73,26.2,3,50,0
40.76,18.77,77.56,60.24,29.6,3,48,1
38.15,17.96,61.87,77.06,33.7,1,80,0
39.69,23.52,83.68,36.23,46.7,3,75,1
36.46,21.7,83.02,23.43,62.2,3,101,1
24.3,21.5,63.13,60.92,57.4,2,145,0
39.74,24.15,70.8,78.69,4.1,2,30,0
20.25,22.09,56.6,25.43,11.5,3,21,1
42.75,16.99,55.31,22.25,82.9,2,179,1
24.29,15.01,90.76,43.42,34.0,2,86,0
32.36,22.76,71.2,36.38,23.1,2,59,1
38.27,16.15,97.77,37.88,83.7,1,208,1
31.9,15.38,76.96,26.77,97.0,1,255,0
37.51,17.21,84.19,59.02,29.3,2,63,1
44.5,16.23,68.83,48.54,67.1,2,145,1
35.3,19.73,63.08,74.68,95.8,3,155,1
44.86,18.02,61.4,45.37,41.3,1,103,1
33.12,16.67,71.8,72.45,97.8,3,188,1
30.7,16.88,86.06,30.52,11.6,3,22,1
24.0,19.19,63.53,47.16,8.1,1,40,0
26.8,17.04,88.76,41.13,86.5,3,165,1
23.99,16.51,50.91,79.55,83.5,3,159,1
23.2,18.31,68.85,30.87,76.1,3,145,1
31.14,17.53,85.64,32.44,41.8,2,106,1
39.21,22.22,70.6,45.77,90.7,1,225,1
44.07,23.89,70.87,26.2,88.0,2,189,1
19.33,19.05,88.65,27.68,54.9,1,162,0
44.6,21.66,66.55,42.7,91.7,3,149,1
32.21,18.6,58.4,50.28,33.5,2,87,1
17.27,21.62,96.07,79.44,90.1,3,172,0
17.51,23.12,61.06,34.92,59.6,1,175,0
31.64,23.69,91.63,49.11,11.8,2,31,1
27.75,20.06,89.28,30.23,32.1,2,81,1
32.86,21.53,81.29,51.25,58.8,1,174,0
29.35,15.32,97.14,47.63,77.1,3,148,1
23.82,20.71,59.52,61.5,35.1,3,66,0
32.65,23.45,74.55,20.17,14.9,3,28,1
17.32,15.5,95.08,59.84,11.3,1,40,0
28.63,23.34,66.46,53.39,61.8,3,116,1
38.56,19.32,60.9,20.91,25.5,2,54,1
30.53,23.63,58.19,21.38,88.3,2,224,1
35.91,22.73,95.48,31.23,65.8,2,143,1
41.86,18.69,76.04,21.71,57.3,1,141,1
16.55,15.36,83.51,36.73,5.2,3,20,1
44.31,24.22,73.21,52.85,91.2,2,198,1
23.2,16.14,68.14,26.02,84.0,1,247,0
35.08,17.36,80.86,20.61,18.3,1,51,1
41.02,22.51,51.78,59.41,30.9,1,78,0
15.84,14.7,61.68,71.86,78.4,2,199,0
26.35,19.02,58.36,56.16,8.8,2,30,0
17.89,17.99,66.18,46.73,45.7,3,88,1
33.42,19.27,69.89,35.54,12.6,1,40,0
22.01,20.16,97.92,49.43,44.2,3,86,1
36.73,25.1,86.43,75.11,12.2,3,20,1
27.46,22.98,96.22,55.54,21.9,3,41,1
31.94,18.85,82.13,56.05,17.6,3,34,1
16.41,20.54,79.49,36.99,68.3,3,130,1
39.06,22.88,85.36,57.41,29.4,2,64,1
39.36,20.17,63.99,76.89,90.5,3,147,1
17.18,19.21,95.38,38.94,87.0,1,253,0
24.17,20.12,68.42,22.81,60.5,1,178,1
32.32,20.14,89.6,58.63,84.9,1,248,0
33.73,24.14,60.21,71.2,94.6,2,243,0
38.39,18.91,70.95,34.13,88.3,3,144,1
40.94,16.76,84.6,43.1,94.5,1,235,1
42.33,21.09,78.27,24.3,93.3,3,152,1
39.87,18.08,55.77,30.57,7.9,1,40,1
26.66,24.0,75.71,38.31,41.3,3,78,1
31.57,17.67,53.76,29.53,58.2,2,147,1
28.41,22.83,80.23,71.46,97.9,3,185,1
22.54,22.52,49.98,40.86,92.6,3,177,1
40.94,22.24,70.87,73.96,3.7,1,40,0
42.16,24.35,94.82,30.16,89.1,3,145,1
32.76,15.08,79.59,71.9,26.3,1,76,0
17.06,19.48,51.26,50.13,64.3,2,165,0
30.37,17.47,53.7,79.15,45.6,1,134,0
44.45,23.92,82.31,52.91,64.8,1,159,0
38.89,21.73,76.81,66.7,51.5,1,128,0
26.13,23.02,98.27,43.7,15.2,1,44,0
31.37,24.25,90.32,58.99,3.5,2,30,1
28.66,15.74,91.68,63.61,51.2,1,150,0
16.13,23.05,80.51,55.27,51.5,1,150,0
43.03,19.22,62.36,37.4,63.9,1,158,1
16.64,14.95,74.53,29.08,29.2,2,74,1
18.37,23.57,65.14,56.89,57.1,2,145,0
22.27,19.33,66.74,37.67,48.5,3,93,1
34.56,23.9,82.94,66.85,83.0,1,245,0
21.68,19.41,51.01,20.55,80.2,2,203,1
19.49,16.15,60.29,31.39,95.1,1,255,0
37.03,19.23,73.97,55.1,6.6,2,30,1
30.1,18.34,69.24,52.35,40.6,2,105,1
23.14,15.9,52.34,40.07,87.9,1,255,0
42.4,19.76,87.44,73.75,0.1,3,20,1
28.43,19.54,96.45,40.89,67.3,1,198,0
16.96,21.0,79.2,35.35,13.1,3,25,1
41.15,18.56,75.96,25.34,27.3,2,60,1
26.62,16.75,54.85,25.92,18.0,3,35,1
31.43,22.22,67.51,78.0,57.6,3,110,1
39.84,15.88,73.67,41.01,27.4,2,59,1
34.25,16.97,72.65,78.1,33.3,3,63,1
16.42,24.95,89.35,52.1,24.6,1,72,0
31.41,22.35,90.44,56.31,94.2,1,255,0
21.6,19.82,58.11,37.11,3.3,2,30,1
16.06,24.55,89.06,52.32,33.6,3,65,1
24.27,22.94,65.19,57.8,38.8,2,99,0
27.13,21.53,64.19,33.65,92.3,2,235,1
28.81,21.55,62.12,75.76,42.7,2,108,0
31.23,16.47,70.22,38.24,99.0,1,255,0
31.11,18.81,62.65,32.1,2.7,3,20,1
19.03,23.13,68.97,62.4,26.5,3,51,0
41.58,18.86,91.63,37.99,97.2,3,159,1
27.62,22.22,62.15,56.36,91.1,2,231,0
37.17,19.48,77.91,47.11,13.1,3,21,1
23.29,17.87,66.13,62.84,49.0,3,95,0
41.87,16.75,83.96,74.55,67.6,1,167,0
36.2,19.41,58.41,42.96,78.7,3,127,1
29.49,21.33,75.14,44.22,37.4,2,94,0
36.16,17.53,86.06,38.95,41.8,3,68,1
24.03,24.0,75.12,60.62,5.9,2,30,0
34.31,25.02,65.74,58.45,42.5,3,81,1
43.82,21.66,60.13,71.1,88.2,1,219,0
21.44,20.32,56.5,53.08,52.6,1,153,0
23.57,16.42,90.1,56.35,51.2,1,149,0
33.08,18.21,50.97,30.73,15.5,2,40,1
20.71,23.19,93.52,70.49,2.9,3,20,0
18.3,23.0,52.41,68.22,62.7,1,183,0
42.18,18.7,72.64,68.55,65.6,3,107,1
39.07,22.91,53.68,39.88,24.9,2,54,1
22.7,20.12,96.0,41.07,72.8,2,185,0
40.86,21.06,80.46,78.54,86.8,2,188,0
21.73,21.04,97.62,23.06,90.7,1,255,1
43.07,18.41,53.72,42.93,30.4,2,66,1
33.9,24.39,67.18,26.37,12.5,2,31,1
26.23,23.1,93.62,36.15,28.4,2,71,1
34.69,18.33,87.78,44.58,39.3,3,64,1
35.98,16.6,65.72,46.62,14.2,2,30,1
41.5,15.94,86.07,31.64,91.5,2,195,1
17.23,16.49,94.45,33.07,76.0,2,193,1
33.72,22.46,73.07,50.4,55.4,2,140,1
16.62,24.35,82.13,29.59,89.2,3,167,1
16.99,24.56,89.66,77.57,25.0,3,46,0
40.97,19.01,93.83,60.73,55.9,1,140,0
37.93,20.56,72.47,22.7,51.7,3,83,1
33.99,14.91,49.81,63.23,84.9,3,161,1
32.34,19.96,81.47,58.47,36.5,1,107,0
22.24,15.64,67.24,23.41,49.3,1,145,1
30.77,18.52,79.17,51.15,3.1,1,40,0
38.99,17.38,83.52,67.51,85.2,1,212,0
39.41,19.33,77.72,75.17,13.4,3,22,1
19.87,23.4,52.9,80.08,45.9,1,137,0
44.13,18.05,82.63,60.35,45.2,1,112,0
45.2,21.12,93.55,25.24,61.8,3,99,1
35.56,22.2,65.32,67.47,10.6,2,30,0
23.81,15.35,64.86,64.64,79.6,3,153,0
19.52,24.15,51.19,74.81,54.9,2,139,0
25.74,15.73,77.5,53.42,77.0,1,226,0
26.8,15.91,67.04,75.32,3.5,3,20,1
18.99,22.97,91.16,39.03,87.1,1,255,0
28.11,17.67,65.81,28.4,7.6,2,30,1
30.05,17.13,78.5,46.58,21.8,3,41,1
38.99,18.72,72.41,48.3,25.6,3,42,1
23.72,18.07,84.88,74.68,91.4,3,173,0
41.01,15.85,82.07,35.78,52.3,1,131,1
17.62,24.1,75.9,51.09,1.9,1,40,0
40.72,21.77,97.49,51.4,4.9,1,40,0
35.62,15.85,69.21,41.97,87.2,1,218,1
20.82,19.9,67.23,35.28,12.3,2,31,1
19.6,15.31,67.39,43.07,38.5,1,112,0
17.59,20.36,83.61,52.51,82.2,2,212,0
32.87,15.76,91.09,51.46,97.9,2,250,1
34.83,22.59,96.45,79.71,93.0,1,231,0
22.56,19.77,54.98,56.78,66.8,1,196,0
34.9,21.54,65.96,19.33,63.7,3,103,1
29.8,17.97,80.73,72.48,54.7,2,138,0
16.18,15.99,75.67,67.76,9.7,2,30,0
16.07,16.72,88.75,37.43,19.7,3,37,1
38.99,23.02,78.16,47.09,88.9,2,193,1
18.71,15.23,88.99,25.91,88.6,3,169,1
16.94,21.01,66.45,49.36,88.9,2,229,0
44.24,16.69,79.46,64.73,93.5,1,234,0
33.26,20.96,61.95,78.28,12.2,3,22,1
38.9,15.76,96.79,76.62,56.9,3,92,1
41.88,15.8,90.55,62.49,39.8,1,98,0
18.77,15.37,69.07,75.82,52.8,1,153,0
42.16,20.29,56.68,70.66,1.8,1,40,0
23.28,20.82,51.96,79.62,72.6,2,186,0
33.94,23.19,73.46,63.57,12.4,3,24,1
27.51,17.01,85.39,36.14,38.4,3,74,1
34.54,23.59,51.35,53.87,69.3,1,202,0
23.95,21.98,56.13,77.58,0.7,3,20,0
17.32,18.91,98.05,72.48,89.0,1,255,0
32.95,22.09,87.66,66.91,85.8,2,217,0
20.76,19.59,89.08,38.69,30.6,1,86,0
19.95,19.49,50.46,54.79,45.2,1,132,0
33.7,19.5,50.66,38.92,36.6,1,105,0
31.52,18.7,97.07,29.99,33.9,1,99,0
23.77,17.38,68.38,30.23,73.9,1,216,0
43.57,22.27,64.58,27.74,66.2,3,108,1
22.05,16.36,83.92,61.42,46.1,2,117,0
39.19,24.0,84.88,46.13,49.1,1,122,1
35.87,22.0,54.23,38.04,36.7,1,92,1
38.2,19.54,90.28,72.35,87.4,3,143,1
18.88,19.04,94.3,58.08,21.0,2,52,0
43.66,18.06,80.24,78.08,49.5,3,81,1
28.05,20.52,56.82,68.95,56.0,2,141,0
32.19,21.0,55.13,30.99,11.6,3,21,1
40.53,16.27,87.44,70.49,90.4,3,146,1
29.8,24.37,68.58,64.48,3.6,3,20,1
44.58,21.46,49.65,27.24,24.2,3,40,1
36.65,16.1,77.38,35.81,51.3,1,128,1
38.96,17.08,74.77,48.82,91.2,2,199,1
35.08,15.5,85.86,29.86,22.9,1,66,0
30.05,18.49,70.55,49.58,68.5,2,175,0
43.49,19.81,82.91,65.3,36.3,2,78,0
17.8,23.19,85.29,64.19,73.2,1,215,0
32.75,24.18,59.53,77.62,23.6,2,59,0
35.37,15.87,57.0,60.16,97.9,3,186,1
31.38,20.2,62.61,39.4,45.2,1,132,0
31.11,16.32,94.2,48.42,76.8,2,197,1
30.89,19.84,64.01,45.62,86.7,3,166,1
29.79,15.19,86.22,27.6,52.7,3,100,1
39.86,20.7,52.34,38.58,62.4,2,134,1
23.98,21.33,78.42,53.0,12.3,3,23,1
28.47,23.43,63.18,71.3,43.7,1,129,0
34.31,19.17,74.73,79.16,21.4,1,61,0
25.4,20.76,76.1,30.23,48.7,1,144,0
18.33,17.53,73.95,51.86,60.5,2,154,0
41.56,16.88,56.47,30.41,41.9,1,105,1
41.66,19.14,59.87,29.0,42.9,3,68,1
35.3,19.38,56.72,46.15,87.1,3,141,1
19.74,16.21,85.51,60.17,47.5,2,122,0
26.94,17.94,86.66,69.21,32.9,3,64,1
24.22,17.88,83.13,23.13,76.1,3,143,1
44.71,15.83,61.47,33.41,83.4,3,135,1
25.64,21.62,79.32,30.1,74.0,2,188,1
44.39,21.22,61.91,55.13,81.0,1,200,0
29.28,15.89,82.52,74.13,9.1,3,20,1
38.85,23.17,89.78,43.46,37.1,2,79,1
29.18,23.84,55.36,41.92,56.8,2,143,0
33.38,20.96,83.54,68.07,23.4,2,59,0
30.67,18.52,71.21,49.95,79.1,2,200,1
17.6,18.3,64.87,48.94,46.2,1,135,0
38.17,20.89,78.06,61.43,34.5,1,85,0
41.72,18.78,63.61,74.92,6.5,2,30,0
32.47,24.97,92.92,44.42,75.7,1,222,0
33.96,24.3,59.83,68.02,18.2,1,54,0
32.23,23.89,95.99,79.14,13.8,2,33,0
18.79,24.54,72.47,72.13,67.4,3,129,0
30.71,23.65,66.99,66.75,3.8,3,20,1
35.72,19.72,53.87,70.17,18.1,1,45,0
36.07,16.98,55.15,72.68,9.6,2,30,0
26.87,21.1,86.52,50.79,84.5,1,247,0
27.39,19.11,57.28,41.25,81.7,1,239,0
36.75,23.59,84.86,44.03,67.9,3,110,1
35.29,14.83,93.03,77.08,60.6,3,117,1
28.18,21.9,71.6,37.28,49.8,1,145,0
35.17,14.86,74.99,48.4,52.0,3,84,1
27.42,17.42,49.86,75.47,35.6,1,102,0
40.87,22.83,81.06,54.95,22.9,3,37,1
36.22,23.07,89.09,55.49,14.9,2,33,1
27.06,17.96,80.61,42.6,53.9,3,103,1
19.38,22.22,63.47,22.57,16.3,1,48,1
20.31,24.11,55.29,71.85,29.4,1,87,0
23.89,23.79,87.45,79.75,2.1,1,40,0
24.64,20.71,96.29,77.87,43.2,3,83,0
31.43,20.96,92.45,35.61,61.7,2,156,1
44.71,18.26,56.29,66.68,83.6,2,181,0
41.59,19.3,56.35,21.81,69.0,3,112,1
20.41,18.69,63.78,41.14,73.7,1,215,0
35.87,18.62,89.09,24.79,49.2,3,80,1
19.8,22.64,82.89,57.79,43.9,3,83,0
39.4,17.08,88.83,67.73,96.7,1,240,0
17.33,19.39,67.37,77.22,33.9,3,64,0
34.75,21.35,93.65,65.13,92.5,1,255,0
26.92,22.89,94.6,35.65,4.0,3,20,1
29.58,24.1,82.54,50.79,29.4,1,83,0
38.66,22.01,94.66,43.36,75.9,2,163,1
42.24,15.31,72.11,27.32,88.1,2,191,1
25.44,22.51,96.47,58.28,23.5,1,70,0
20.73,18.72,72.3,63.51,19.5,2,50,0
36.24,21.28,97.05,28.13,46.9,3,76,1
21.28,17.37,56.48,73.23,61.4,1,179,0
19.54,23.03,65.44,78.92,70.4,3,135,0
22.02,19.24,83.35,36.66,17.5,2,44,1
43.62,22.81,94.1,35.39,16.1,3,25,1
28.15,18.97,84.85,69.15,87.2,1,254,0
22.85,24.52,63.04,48.29,21.2,3,40,1
17.13,17.08,85.8,38.55,10.7,3,22,1
37.85,19.91,79.89,40.12,38.1,1,90,1
36.14,22.56,86.39,25.06,82.9,3,135,1
27.24,18.9,63.81,46.2,79.1,2,201,0
39.83,15.26,82.57,30.49,70.1,3,113,1
37.46,17.87,94.88,38.18,86.8,3,142,1
17.11,22.3,69.36,24.24,78.7,1,231,1
34.63,24.32,91.3,59.82,17.9,1,54,0
41.85,15.79,98.2,43.1,16.5,3,26,1
42.14,22.8,74.98,46.77,70.6,3,114,1
25.79,19.2,73.09,29.77,36.4,2,93,1
39.03,17.57,91.61,73.42,32.4,3,53,1
19.43,17.02,64.95,44.77,68.5,1,200,0
34.71,21.86,70.24,55.78,24.5,1,72,0
24.59,17.28,77.16,72.11,40.8,1,119,0
35.73,19.8,55.53,66.13,89.6,1,221,0
37.66,21.07,85.93,43.66,99.5,2,215,1
34.8,22.52,79.16,66.51,30.1,2,76,0
33.81,17.08,52.64,78.66,44.8,3,84,1
25.35,16.74,81.45,63.17,39.7,1,116,0
33.18,17.09,80.48,59.85,88.2,1,255,0
21.99,23.19,88.84,23.23,81.4,2,207,1
30.08,22.22,92.66,79.7,22.1,2,57,0
37.02,15.75,77.74,34.64,49.6,2,107,1
40.82,24.27,61.75,73.43,91.6,3,147,1
22.6,22.81,56.84,57.58,60.9,3,116,0
29.17,20.2,55.55,80.38,85.0,1,248,0
18.9,24.63,60.89,56.25,86.5,2,218,0
20.13,23.61,50.9,30.61,48.2,1,141,0
16.8,24.1,90.58,48.07,50.7,3,98,1
22.65,18.9,60.02,46.6,41.8,1,119,0
26.74,24.68,91.26,65.85,71.5,1,211,0
22.3,20.16,80.95,43.61,6.5,2,30,0
30.39,16.77,89.71,44.52,61.2,2,154,1
18.88,20.48,58.06,23.88,9.8,1,40,1
33.91,18.68,73.27,35.81,50.9,1,150,0
16.93,19.77,74.16,61.32,32.4,3,59,0
22.73,16.9,88.7,61.48,61.8,1,182,0
41.89,16.42,67.92,29.88,45.4,2,97,1
43.18,22.62,64.51,60.52,91.6,3,148,1
17.13,16.68,63.61,62.46,74.0,1,216,0
24.67,22.04,63.25,38.72,81.9,3,156,1
42.08,15.61,58.94,41.61,67.9,1,169,1
27.63,23.34,70.8,76.97,38.6,2,99,0
36.73,20.25,89.62,46.57,23.4,1,59,1
28.49,19.3,86.5,77.73,26.5,1,76,0
43.09,21.85,86.64,23.59,15.8,3,26,1
18.81,18.88,62.64,30.29,37.8,3,70,1
18.44,19.42,89.19,24.94,21.9,3,41,1
42.36,19.55,66.55,76.1,5.2,2,30,0
27.5,17.01,55.17,62.58,71.9,1,210,0
28.83,20.64,64.62,34.97,81.8,2,208,1
35.0,19.95,78.13,22.08,7.1,1,40,1
41.06,22.67,78.98,63.36,66.1,3,107,1
16.21,23.51,60.79,70.22,55.4,2,140,0
36.22,24.47,60.57,73.76,91.2,2,196,0
25.23,24.87,66.8,40.26,84.2,1,246,0
26.11,23.63,86.07,24.38,46.4,1,134,1
17.6,24.18,79.63,29.63,12.5,1,40,0
16.29,22.81,78.77,61.35,2.1,2,30,0
36.49,19.83,86.96,32.9,48.4,1,120,1
20.1,19.28,66.68,65.06,3.1,3,20,0
39.07,14.83,90.46,49.98,43.8,2,94,1
25.54,23.29,65.55,65.57,18.7,2,46,0
20.72,20.07,74.92,37.59,27.3,3,51,1
34.86,18.69,97.21,37.53,51.9,2,111,1
26.1,16.42,89.97,66.36,23.8,3,45,1
41.1,17.34,93.51,55.53,52.2,3,82,1
38.72,15.88,90.2,26.11,50.2,2,108,1
27.5,15.29,90.46,53.4,31.3,3,60,1
17.12,21.66,66.68,31.72,10.8,2,30,1
33.62,23.8,55.61,45.98,2.2,3,20,1
17.98,24.19,82.07,68.42,93.8,3,178,0
25.34,21.21,81.43,34.24,18.3,2,45,1
24.33,22.68,65.81,46.59,98.8,3,187,1
29.74,22.84,87.49,36.8,66.6,2,172,1
20.17,20.91,79.14,53.7,94.1,1,255,0
44.8,24.3,66.7,51.51,32.6,3,51,1
34.21,15.66,90.98,22.6,68.8,3,132,1
19.26,16.84,59.21,42.86,18.2,1,55,0
40.96,19.01,84.22,76.41,41.3,3,67,1
37.92,17.08,87.52,49.61,75.9,2,164,1
34.99,16.37,55.29,50.27,71.7,2,183,1
32.46,15.69,51.68,66.5,85.3,3,163,1
42.94,17.5,94.67,32.74,7.2,2,30,1
36.57,21.1,69.4,23.15,32.5,2,71,1
22.47,17.04,72.11,62.64,76.5,3,145,0
40.34,15.25,67.51,77.97,38.4,2,82,0
30.28,21.64,88.95,74.62,21.2,3,41,1
34.34,20.16,84.18,67.32,16.5,1,49,0
41.82,22.98,75.15,25.87,95.2,2,204,1
29.52,21.35,68.93,30.08,58.5,2,150,1
42.33,19.23,83.09,32.73,35.2,3,57,1
36.53,21.77,82.25,78.13,63.3,2,137,0
40.64,22.76,77.1,70.17,9.9,3,20,1
40.14,17.5,76.45,49.21,42.9,3,70,1
42.47,16.11,93.62,51.75,7.4,1,40,0
41.19,24.64,66.32,58.4,66.1,2,144,1
18.12,20.6,85.97,20.82,2.2,3,20,1
37.65,19.24,88.28,29.31,46.5,3,75,1
18.68,21.62,58.11,53.4,39.0,2,100,0
18.28,18.39,72.72,32.42,38.9,1,112,0
29.17,20.45,66.17,78.46,73.5,1,216,0
36.49,19.7,52.91,54.85,58.1,1,144,0
36.61,22.92,63.3,45.19,24.2,2,51,1
28.35,25.09,90.94,48.82,31.7,2,78,0
34.82,22.08,77.61,46.99,92.6,3,150,1
28.81,16.5,61.2,49.55,13.8,3,27,1
20.74,16.85,70.46,37.28,8.4,2,30,1
36.7,17.17,53.36,71.23,49.8,1,123,0
24.75,22.92,77.64,25.42,15.1,2,39,1
39.44,24.27,84.08,47.56,65.6,3,105,1
21.68,16.8,53.16,28.6,80.6,3,154,1
17.44,21.02,63.33,52.89,11.7,3,23,1
31.18,20.55,79.19,27.43,91.6,1,255,0
38.46,16.09,61.62,47.35,39.9,2,85,1
20.58,25.08,94.67,33.57,87.6,1,255,0
17.34,16.97,80.58,76.43,11.2,3,21,0
40.21,25.11,53.53,43.22,91.8,1,227,1
20.67,16.72,89.34,49.22,35.3,1,102,0
35.32,16.58,77.91,28.29,46.2,1,112,1
24.89,20.69,68.32,20.77,41.4,1,122,1
16.33,20.25,59.97,72.68,59.4,2,153,0
28.47,18.51,91.14,38.3,65.1,2,166,1
21.5,20.7,77.2,57.26,30.6,1,88,0
27.66,20.73,53.51,73.53,63.5,2,161,0
33.24,20.22,86.77,69.59,27.5,1,81,0
29.95,24.4,93.23,48.74,8.3,1,40,0
32.43,25.24,57.35,22.04,91.5,3,175,1
24.12,19.71,59.95,53.67,19.9,3,37,1
25.59,20.35,83.55,45.4,70.9,3,137,1
26.13,18.98,55.41,44.17,16.4,2,41,0
31.81,19.72,79.69,58.03,57.0,1,163,0
39.31,24.86,56.33,60.63,94.8,3,154,1
32.79,21.68,67.54,37.36,15.0,1,45,0
28.3,15.5,95.86,49.77,70.8,3,134,1
43.14,22.7,89.94,56.54,0.0,1,40,0
37.59,20.92,62.33,73.81,72.8,3,117,1
30.42,17.8,78.84,62.77,92.0,3,175,1
20.71,17.93,53.02,64.34,66.6,1,196,0
24.45,16.14,58.79,40.56,6.0,2,30,0
16.06,15.92,86.19,73.17,21.1,1,60,0
20.61,23.92,69.54,75.33,87.0,2,220,0
22.06,15.33,60.26,52.54,14.4,1,40,0
16.23,20.9,51.03,77.7,32.7,1,93,0
19.38,18.63,97.79,41.24,28.0,2,70,0
39.31,16.55,94.12,64.09,48.4,3,79,1
23.57,18.59,55.75,37.17,75.1,1,219,0
31.98,20.41,69.05,53.23,97.7,3,188,1
37.15,20.82,51.01,38.53,6.9,1,40,1
44.72,16.65,97.14,35.22,93.9,1,232,1
30.75,17.64,75.2,28.01,29.0,2,72,1
44.11,16.23,81.51,46.55,11.5,2,30,1
39.67,24.3,76.07,40.48,29.8,3,50,1
27.97,22.94,98.33,29.2,75.1,3,142,1
39.31,21.91,86.0,53.33,48.0,3,78,1
41.55,22.59,62.37,67.55,46.7,2,102,0
18.45,21.93,80.98,34.33,36.2,2,92,1
35.47,22.77,57.74,65.38,35.9,2,78,1
25.22,23.96,68.87,22.18,98.4,1,255,1
34.05,19.87,82.86,68.24,86.2,1,255,0
21.94,24.57,71.64,61.6,36.4,3,68,0
43.41,19.98,74.84,58.06,40.6,1,101,0
44.06,15.57,86.64,25.05,73.0,2,158,1
41.51,23.52,89.46,29.29,64.9,3,105,1
40.99,17.84,55.66,37.49,31.5,1,78,1
34.44,15.45,85.23,41.02,60.6,2,155,1
19.51,21.92,88.8,68.0,44.3,1,128,0
36.12,17.51,68.5,36.24,7.1,1,40,1
34.39,17.37,74.53,30.24,25.8,1,74,0
23.22,21.25,83.51,37.67,36.3,1,107,0
17.57,25.01,63.0,38.63,25.0,2,63,1
40.76,16.42,69.76,46.1,96.5,3,156,1
41.78,19.06,94.54,49.4,72.3,2,157,1
22.82,23.91,95.06,35.21,20.2,2,51,1
28.42,20.26,84.4,37.43,50.3,2,128,1
38.82,17.49,94.63,67.38,73.2,2,158,0
18.39,15.8,83.57,35.37,45.1,3,87,1
24.93,16.69,83.34,62.75,78.4,1,228,0
40.82,21.05,67.28,72.65,82.3,2,179,0
40.2,24.55,54.2,20.54,14.7,2,30,1
29.05,16.98,75.89,65.47,43.8,2,109,0
18.01,22.29,58.11,38.58,73.3,1,216,0
40.38,17.35,92.23,72.96,39.2,1,98,0
40.92,16.75,82.77,64.74,90.9,1,224,0
22.54,16.13,67.69,44.66,76.0,3,145,1
31.31,23.45,53.34,35.09,58.4,1,172,0
18.27,22.83,61.14,41.42,0.1,1,40,0
42.2,18.58,82.71,43.69,3.8,3,20,1
36.26,21.53,68.74,68.54,47.2,1,117,0
22.89,21.94,96.9,63.75,79.0,3,152,0
32.13,23.95,94.21,23.52,63.1,1,185,1
29.57,17.43,73.09,27.54,0.4,2,30,1
41.37,24.78,91.98,77.65,78.0,2,168,0
33.37,17.07,87.06,51.35,21.0,3,39,1
43.61,25.11,87.95,62.76,0.7,3,20,1
26.59,15.88,95.92,44.45,84.4,3,162,1
31.46,21.17,52.09,79.72,83.1,2,211,0
36.6,17.38,81.12,48.85,16.1,3,25,1
38.34,21.36,97.89,28.5,62.9,1,156,1
35.41,22.32,74.66,55.09,45.3,3,73,1
19.27,22.62,71.2,51.07,57.6,2,147,0
26.75,17.77,83.81,21.52,61.5,2,157,1
25.88,16.1,51.53,33.9,66.8,2,170,1
22.91,15.96,66.02,28.38,51.3,1,148,0
29.62,22.68,87.58,25.46,61.2,3,117,1
23.72,19.57,91.71,69.61,90.0,3,170,0
29.13,25.01,87.7,44.28,90.6,2,231,0
28.94,19.9,56.55,51.16,17.7,2,45,0
41.73,20.93,58.45,77.95,63.0,3,101,1
29.53,18.66,66.39,30.49,71.1,3,137,1
35.79,14.1,61.48,43.56,92.5,1,232,1
42.46,17.87,72.32,49.03,71.5,1,179,1
24.48,16.52,90.14,36.96,69.0,1,204,0
35.21,20.41,73.17,40.67,20.5,1,52,1
28.09,24.87,54.19,38.13,28.8,1,85,0
36.07,21.83,70.14,73.81,5.2,3,20,1
38.64,15.04,95.5,63.52,80.9,1,202,0
24.29,15.34,96.4,27.13,18.3,2,45,1
30.34,18.26,57.26,20.55,67.3,3,129,1
42.43,16.93,74.77,43.16,96.5,3,155,1
30.99,15.65,96.25,34.86,57.8,1,167,0
22.55,18.95,82.75,41.17,72.1,2,183,0
22.51,21.3,76.57,49.99,53.8,3,103,1
32.92,23.53,77.27,66.72,88.7,1,255,0
22.18,20.75,92.27,28.16,56.6,2,143,1
37.75,20.12,58.39,26.57,69.0,3,110,1
24.77,22.32,70.18,76.1,82.6,3,157,1
16.83,24.42,72.36,49.13,77.6,2,197,0
35.04,18.18,52.47,64.46,80.7,3,131,1
15.83,20.3,97.4,67.86,6.9,1,40,0
39.35,23.24,75.33,20.66,89.7,3,145,1
25.98,24.05,71.88,52.26,89.0,1,255,0
23.22,17.3,66.38,26.88,66.1,3,128,1
16.96,15.71,56.06,53.81,20.7,3,40,1
36.4,22.36,91.26,75.27,60.2,2,131,0
24.66,16.77,67.71,27.58,29.9,2,75,1
30.45,21.51,89.73,63.54,29.5,3,57,1
19.76,15.38,88.67,39.01,39.9,1,117,0
20.79,22.39,88.99,22.8,55.4,2,139,1
26.03,21.75,89.14,49.39,54.4,3,103,1
21.88,15.05,98.21,73.09,55.6,2,141,0
24.23,22.43,54.23,58.28,51.0,3,97,1
35.49,14.92,56.71,54.86,67.5,1,167,0
35.85,20.16,62.0,46.39,41.9,3,68,1
27.1,15.64,77.08,58.19,81.8,1,240,0
20.36,22.32,83.14,28.43,6.1,1,40,0
24.32,16.29,77.19,44.47,80.0,3,152,1
25.42,19.55,66.99,58.27,59.8,1,177,0
35.29,22.99,81.02,46.98,30.5,2,67,1
23.02,22.09,84.73,33.02,23.9,3,45,1
40.58,21.95,59.58,48.65,91.3,2,197,1
41.36,17.34,79.95,70.84,4.8,3,20,1
28.48,22.28,81.05,39.0,6.4,2,30,1
18.49,18.7,54.95,33.26,13.9,2,32,1
30.31,17.26,52.96,46.77,10.8,3,20,1
29.52,18.02,56.01,33.42,58.5,2,149,1
22.01,22.36,53.37,77.05,88.2,1,255,0
40.43,22.07,68.7,45.31,80.5,1,200,1
21.59,15.58,86.44,36.8,12.9,3,25,1
22.07,19.29,82.68,63.53,44.3,1,130,0
31.35,21.91,71.41,35.4,6.7,1,40,0
18.19,16.94,65.5,25.12,11.1,3,21,1
30.6,25.42,63.63,55.06,50.5,1,148,0
33.53,20.26,69.42,49.58,14.1,1,41,0
20.17,23.93,72.34,27.22,4.0,1,40,0
43.75,16.62,75.98,25.41,98.9,2,215,1
29.81,20.51,67.62,38.06,93.1,2,236,1
18.84,18.02,82.14,66.01,26.9,2,69,0
22.59,22.14,72.48,72.4,53.8,2,138,0
33.39,20.6,55.67,36.05,30.5,3,58,1
34.47,20.05,62.59,60.18,61.9,1,184,0
24.51,19.01,67.03,59.2,0.7,3,20,0
40.25,21.19,76.24,77.15,8.3,1,40,0
29.36,17.82,73.82,78.08,11.8,2,31,0
21.43,20.33,79.52,42.92,90.2,2,228,0
19.19,16.87,80.81,67.8,19.3,1,56,0
21.17,15.33,78.68,37.48,29.4,1,84,0
35.57,15.47,70.86,54.16,66.8,2,144,1
30.8,21.76,92.66,55.57,90.6,1,255,0
16.15,21.56,69.22,25.09,16.6,1,47,0
40.59,21.81,87.39,36.54,63.4,3,102,1
30.22,20.2,65.21,71.9,29.6,3,56,1
32.14,18.92,70.59,73.59,56.7,1,164,0
23.04,18.68,56.05,30.03,49.4,2,126,1
36.65,21.81,84.49,35.96,93.8,3,151,1
18.33,23.48,51.85,56.06,18.8,3,36,1
38.6,19.09,50.73,36.19,32.8,3,54,1
28.49,18.45,56.74,25.2,81.8,3,156,1
44.63,20.05,96.3,51.92,89.9,3,144,1
19.57,23.5,74.18,54.1,11.1,1,40,0
30.75,20.4,59.9,68.29,82.7,3,157,1
32.69,19.5,70.71,76.82,59.6,1,176,0
38.05,24.69,86.2,23.11,82.8,3,134,1
20.62,17.55,59.38,67.66,63.5,3,121,0
21.24,22.9,98.4,40.87,36.6,1,107,0
39.26,20.49,53.19,67.8,24.2,2,52,0
21.83,16.2,52.33,36.89,52.8,2,133,1
30.52,18.96,68.3,78.94,49.8,2,127,0
32.41,20.68,62.91,60.61,86.7,1,252,0
30.46,15.94,95.99,60.98,97.4,2,250,1
38.12,14.87,54.04,76.25,81.7,3,132,1
27.2,24.38,70.02,68.16,42.0,2,110,0
44.89,22.05,54.83,52.44,14.9,3,25,1
42.03,24.61,65.64,33.12,6.7,2,30,1
31.32,23.86,57.82,26.97,86.5,2,221,1
25.2,16.25,51.96,40.81,61.5,1,181,0
35.95,21.93,71.33,55.48,79.3,1,199,0
17.65,19.61,84.45,35.85,16.9,1,49,0
41.27,23.49,61.79,28.3,20.8,1,52,1
31.88,18.43,60.4,58.0,38.8,1,113,0
19.14,17.54,78.54,59.74,19.1,1,54,0
30.25,17.76,85.15,28.09,91.9,3,174,1
42.2,23.22,81.05,62.93,90.6,1,227,0
27.95,19.38,86.54,36.55,30.1,1,87,0
34.64,16.6,61.02,51.09,27.3,3,51,1
23.58,24.11,58.48,35.17,84.7,1,249,0
18.71,23.76,71.31,63.7,70.2,1,206,0
23.94,24.4,71.79,76.78,36.3,2,94,0
33.45,23.4,56.45,48.5,33.9,1,97,0
43.43,19.86,84.75,53.15,86.7,1,216,0
24.82,15.65,82.16,36.25,63.5,1,188,0
29.59,19.33,60.31,29.3,35.8,2,89,1
30.62,16.49,62.68,32.49,84.7,1,246,0
41.8,23.59,54.68,75.55,68.8,3,111,1
35.14,22.35,61.75,31.07,40.4,1,119,0
18.66,15.7,49.87,25.57,60.1,1,174,0
41.95,19.43,70.3,21.56,1.1,3,20,1
38.25,19.87,56.14,75.52,70.7,2,151,0
32.67,22.54,68.47,74.18,86.5,3,165,1
44.75,15.89,68.12,35.21,66.7,3,108,1
31.78,24.52,90.26,30.67,56.0,2,143,1
18.05,17.69,89.72,53.78,88.0,2,224,0
43.07,14.89,94.11,69.94,92.5,2,199,0
22.66,21.16,58.05,40.44,42.0,2,106,1
25.13,20.53,73.58,62.5,51.6,1,151,0
26.17,22.39,86.35,23.32,15.2,3,28,1
30.97,17.79,88.47,38.78,24.4,3,46,1
19.63,17.58,71.74,66.66,98.3,3,188,0
41.03,20.71,96.62,70.98,68.8,2,147,0
35.49,21.26,59.19,48.17,73.4,3,118,1
37.71,19.46,63.46,49.12,9.0,3,20,1
19.79,24.18,80.1,38.32,49.2,1,143,0
44.6,16.27,71.78,66.08,50.9,3,83,1
27.22,17.28,68.7,78.75,48.2,1,143,0
41.58,22.65,60.49,39.91,31.0,2,66,1
41.98,16.75,87.17,27.98,88.6,1,220,1
21.27,20.99,88.81,56.22,56.7,2,145,0
16.68,22.85,58.99,42.51,75.9,1,225,0
27.61,24.63,51.52,44.6,74.8,1,217,0
22.22,20.6,63.72,58.39,79.8,3,152,0
36.69,19.42,56.12,44.71,17.3,3,26,1
43.53,24.08,52.24,22.99,96.6,2,207,1
44.23,20.97,54.15,63.32,81.7,2,177,1
42.99,21.38,97.72,38.62,91.7,2,199,1
37.42,17.98,69.46,51.91,90.1,2,197,1
19.59,20.19,55.39,45.71,9.1,3,20,1
43.06,17.8,91.45,44.54,44.5,3,72,1
34.69,18.73,53.53,71.26,82.1,2,209,0
28.69,17.1,88.72,41.91,38.5,1,110,0
39.35,15.14,82.92,56.18,52.1,1,130,0
23.05,17.5,71.22,71.01,68.5,3,131,0
23.26,22.44,52.33,56.79,81.3,1,240,0
34.48,17.8,56.5,62.51,12.1,2,30,1
32.22,20.32,79.15,53.15,74.3,2,191,1
20.0,17.41,85.23,78.96,18.2,1,54,0
42.61,18.7,76.02,76.16,46.8,1,119,0
34.49,18.64,96.75,56.05,88.7,2,192,1
37.09,16.66,60.32,36.75,41.3,1,103,1
22.18,22.39,66.86,43.38,91.0,3,175,1
17.9,17.53,80.84,55.69,50.6,2,129,0
36.96,23.18,85.13,21.77,5.5,3,20,1
16.78,24.96,50.04,51.56,63.5,1,185,0
34.61,21.26,68.86,60.22,10.3,2,30,1
18.75,20.89,69.63,22.29,43.6,3,84,1
27.24,15.99,76.58,54.99,97.8,3,185,1
35.07,24.93,91.8,28.66,45.2,1,132,0
27.77,18.54,59.21,28.48,74.1,2,190,1
42.8,20.95,60.86,67.67,92.9,3,150,1
17.21,24.36,85.67,28.51,54.8,1,161,0
28.61,18.73,86.33,33.44,14.5,3,26,1
32.49,17.05,83.72,52.23,3.1,3,20,1
20.91,23.14,66.11,70.16,25.6,3,47,0
21.11,16.09,83.62,25.21,43.3,2,112,1
27.52,20.31,66.63,31.32,4.0,1,40,0
15.95,18.44,59.14,45.51,9.2,2,30,0
35.8,19.07,71.87,35.04,96.0,1,239,1
33.07,22.96,86.12,54.11,64.1,1,187,0
25.83,18.01,83.41,24.54,4.0,2,30,1
18.06,21.19,73.74,61.72,48.1,2,121,0
22.74,16.19,84.02,37.59,31.1,1,89,0
26.75,16.99,55.18,69.21,77.3,2,195,0
36.57,21.42,66.06,56.69,5.0,3,20,1
29.82,16.83,62.25,28.01,48.0,1,138,0
34.31,22.46,62.81,34.41,37.8,2,97,1
17.54,24.08,79.15,31.73,68.2,3,130,1
23.58,15.66,58.05,67.45,84.7,3,162,0
23.87,22.72,97.17,61.94,51.7,1,150,0
42.9,21.63,95.53,49.26,71.2,3,116,1
35.85,17.83,56.29,36.47,11.9,3,20,1
46.11,24.31,61.93,62.67,38.8,3,62,1
20.82,19.16,90.94,19.34,63.1,2,158,1
33.74,15.78,88.32,68.1,10.2,2,30,0
41.82,21.57,73.49,42.16,33.6,1,82,1
34.71,17.46,84.26,47.08,12.4,2,30,1
18.09,20.92,69.92,32.91,88.4,1,255,0
20.29,24.58,81.07,31.9,83.4,1,245,0
35.61,18.69,72.9,50.29,38.2,3,61,1
38.25,24.3,55.93,69.31,6.7,3,20,1
38.39,22.21,79.68,32.71,71.5,3,114,1
29.94,24.74,73.26,40.61,24.2,1,73,0
18.2,16.43,79.98,19.89,18.3,3,35,1
35.97,23.82,60.75,73.15,86.6,1,214,0
35.78,16.63,89.42,65.33,88.9,3,144,1
32.38,17.33,69.74,31.33,54.8,3,106,1
18.99,18.42,74.06,36.82,36.6,3,68,1
25.41,24.21,87.47,42.03,97.5,2,247,0
30.62,18.34,74.55,53.74,82.4,1,240,0
34.74,18.95,83.53,67.65,37.3,3,70,1
16.75,23.41,85.79,77.04,0.8,1,40,0
17.73,24.73,65.81,45.9,27.1,1,79,0
17.09,19.4,77.87,26.74,30.0,3,57,1
41.41,15.72,65.7,32.74,63.9,2,139,1
37.64,22.23,50.32,76.0,26.9,3,43,1
37.63,23.68,55.39,36.58,50.9,1,125,1
31.84,15.81,65.84,42.15,71.0,2,179,1
25.63,23.62,80.35,36.81,92.5,3,175,1
23.76,18.98,89.92,53.54,3.5,2,30,0
23.59,20.6,87.99,53.43,84.6,1,245,0
19.28,24.39,83.45,53.97,14.6,1,42,0
29.06,21.97,59.59,25.09,3.4,3,20,1
31.77,17.03,65.59,48.54,66.2,1,193,0
30.65,21.91,98.42,58.86,31.9,2,80,1
29.58,15.2,67.2,35.05,45.7,3,86,1
28.04,23.12,76.29,25.84,46.9,1,138,0
40.64,23.26,79.92,38.32,27.9,1,68,1
28.87,24.39,61.14,42.25,16.6,2,42,0
35.95,21.31,84.57,41.1,20.6,3,33,1
21.08,24.76,50.85,46.64,17.5,1,47,0
17.01,23.61,64.61,76.53,63.7,3,121,0
31.25,16.79,78.24,57.25,20.9,1,60,0
38.7,18.43,68.1,34.04,3.5,2,30,1
31.56,18.97,77.69,22.35,38.6,2,97,1
16.23,21.17,81.89,54.84,38.6,2,99,0
35.6,22.86,69.83,24.69,40.5,2,87,1
44.29,16.44,81.28,25.01,51.4,2,111,1
30.14,19.89,70.09,70.86,17.7,3,33,1
29.64,22.38,54.04,26.25,6.0,2,30,1
36.8,18.58,84.8,75.24,21.2,2,46,0
31.72,18.81,76.8,43.38,38.1,3,72,1
29.96,25.11,55.76,29.46,55.9,2,143,1
36.23,15.22,64.26,20.17,15.0,1,37,1
28.74,16.84,70.41,55.83,59.7,3,113,1
31.19,18.45,95.52,75.88,75.4,3,143,1
42.83,16.17,95.84,48.14,71.7,3,115,1
20.7,18.81,53.47,29.21,24.2,1,66,0
41.75,15.59,57.6,29.16,6.8,2,30,1
17.77,21.3,66.45,78.25,86.1,3,163,0
25.47,17.95,85.34,46.83,27.6,1,80,0
22.35,23.17,79.57,30.61,39.9,3,77,1
29.7,22.74,64.56,69.68,65.7,1,190,0
30.22,16.46,85.89,69.73,42.6,1,126,0
33.48,15.88,73.51,42.63,24.7,1,73,0
28.68,17.48,79.01,23.59,65.8,2,167,1
17.35,15.49,67.51,34.46,34.7,3,67,1
45.28,19.03,86.8,37.88,81.2,3,131,1
27.67,21.14,52.48,33.96,47.9,1,140,0
41.02,17.45,92.6,80.57,97.6,1,242,0
39.88,14.74,75.67,36.31,63.5,3,104,1
26.22,23.88,56.75,79.66,90.5,1,255,0
23.91,20.98,54.36,65.33,44.5,2,115,0
40.34,20.51,71.41,47.94,26.7,1,68,1
42.33,21.41,93.22,50.13,3.9,2,30,1
43.55,16.07,84.92,34.1,89.4,1,224,1
37.09,24.53,85.47,78.75,92.8,1,229,0
41.54,17.18,82.48,70.54,77.3,1,193,0
30.93,19.39,85.79,54.57,39.2,1,115,0
37.55,18.73,81.49,66.49,87.2,2,190,0
43.38,22.23,75.5,25.9,82.1,1,205,1
30.09,22.63,75.63,67.56,64.8,1,191,0
18.67,17.98,50.98,65.53,15.7,1,46,0
19.65,15.67,69.08,74.17,57.4,2,145,0
35.19,16.89,53.88,39.35,82.3,3,132,1
19.35,16.08,62.62,41.91,61.7,2,157,0
37.56,17.72,82.71,21.83,80.9,3,132,1
24.22,22.76,64.92,71.21,98.0,3,187,1
24.42,16.31,53.02,72.42,33.7,2,84,0
40.26,23.19,57.12,62.74,29.7,1,72,0
43.62,16.33,60.25,35.36,53.1,2,116,1
21.42,22.62,83.58,41.07,14.9,3,26,1
34.88,14.58,81.91,61.71,17.3,3,33,1
28.92,24.42,64.04,59.51,49.3,3,93,1
44.35,18.67,66.94,65.78,45.7,1,113,0
32.53,21.31,79.78,54.01,22.2,2,55,1
35.04,19.92,94.57,28.92,35.3,1,90,1
17.85,16.8,95.79,56.38,0.9,1,40,0
26.8,19.62,70.9,68.43,37.4,3,71,1
21.96,17.18,77.75,33.88,21.2,1,62,0
25.99,24.8,52.42,57.52,51.5,2,130,0
15.99,24.03,74.19,24.16,11.1,2,30,1
16.9,15.95,60.3,47.3,0.6,1,40,0
41.1,17.64,69.53,46.78,83.5,2,180,1
36.79,22.72,64.15,44.84,53.9,1,134,1
19.19,17.03,74.16,68.31,69.1,1,201,0
39.35,19.98,66.19,70.96,58.3,1,146,0
18.73,15.82,84.61,66.57,4.3,1,40,0
43.26,19.78,97.52,37.39,7.2,2,30,1
23.11,15.76,72.07,78.68,51.7,3,98,0
20.09,18.87,77.9,77.2,51.3,1,149,0
29.72,24.63,69.11,25.8,85.2,3,164,1
27.1,19.04,73.16,29.39,5.8,1,40,0
16.98,18.36,65.17,41.51,80.8,2,203,0
30.58,20.0,66.59,20.38,35.1,3,68,1
35.41,16.03,82.03,66.96,76.3,1,191,0
24.49,24.7,64.75,54.96,43.9,1,129,0
34.04,20.28,97.82,65.8,27.1,2,68,0
21.75,24.38,54.1,45.67,18.6,1,54,0
17.86,17.21,55.88,56.75,44.3,1,131,0
20.24,21.51,74.98,70.17,4.5,2,30,0
26.43,23.88,66.75,59.26,29.4,3,56,1
35.3,17.29,73.18,21.91,26.0,1,65,1
29.39,19.45,95.15,64.82,97.1,2,246,0
27.2,19.22,68.42,36.84,60.0,2,153,1
30.67,17.44,69.81,42.46,45.8,1,132,0
37.41,23.39,72.0,75.43,78.9,1,196,0
27.31,19.37,58.33,29.54,86.2,1,252,0
45.03,15.36,49.5,24.07,95.7,3,153,1
31.85,16.9,50.02,23.49,28.9,1,83,1
45.44,24.17,63.36,26.66,9.5,3,20,1
32.82,20.44,53.43,27.22,88.4,3,169,1
29.36,23.31,66.68,35.47,84.8,3,162,1
19.13,18.24,52.42,55.63,70.3,2,179,0
20.62,17.46,85.26,35.35,18.5,2,45,1
27.42,21.31,85.34,40.28,53.4,2,137,0
30.62,15.34,81.16,46.57,25.7,1,76,0
32.79,21.28,56.46,76.59,52.9,1,156,0
36.0,15.96,87.0,62.39,15.4,2,32,1
26.14,15.32,96.02,49.09,1.6,1,40,0
35.71,21.67,96.3,62.47,61.0,1,151,0
42.5,21.35,69.73,72.8,85.8,3,140,1
35.7,23.41,74.65,74.99,53.0,2,114,0
30.96,22.34,95.46,27.28,39.3,3,73,1
28.6,24.78,63.6,61.97,75.9,2,193,0
29.87,20.38,56.41,47.37,34.3,3,65,1
38.66,23.99,94.86,42.76,34.8,3,55,1
18.82,21.23,55.4,41.06,56.6,2,142,0
27.42,22.5,81.34,60.5,41.1,3,80,1
34.46,24.65,64.73,72.26,66.4,3,128,1
18.43,16.57,97.14,63.28,59.3,3,114,0
29.24,22.94,70.34,69.88,47.6,2,120,0
35.26,17.74,65.79,33.95,96.1,3,156,1
27.98,23.53,59.93,39.48,19.6,3,37,1
42.11,23.54,81.93,36.05,38.2,1,93,1
34.75,21.51,78.51,77.28,17.4,3,28,1
22.06,18.71,55.66,68.86,19.7,3,38,0
29.94,17.24,72.77,20.86,87.1,2,223,1
29.75,15.69,53.41,70.88,40.3,1,119,0
39.75,17.17,76.23,30.63,20.9,2,45,1
35.32,17.14,96.38,32.23,25.0,1,62,1
44.72,17.53,51.53,43.72,74.3,3,121,1
34.45,22.42,93.69,76.27,29.4,2,77,0
18.89,20.99,69.86,71.25,75.1,2,192,0
34.12,15.93,58.04,39.05,18.0,1,52,0
18.92,15.75,96.71,69.91,39.8,1,115,0
30.7,23.33,61.12,35.33,21.8,1,61,0
25.32,17.06,91.17,54.8,70.3,2,179,0
39.18,20.68,86.28,63.2,29.3,2,62,1
18.06,20.96,70.89,29.87,59.3,1,173,0
20.61,18.32,53.09,29.19,99.6,2,254,1
24.67,20.8,54.91,77.21,51.3,2,131,0
20.46,22.89,97.01,58.24,36.2,1,106,0
20.46,18.23,77.21,32.52,53.7,3,103,1
21.74,17.47,75.51,54.71,16.9,3,32,1
43.64,22.08,87.66,45.43,41.0,1,103,1
30.42,17.95,55.42,43.61,95.2,3,182,1
38.02,18.97,60.62,26.05,86.1,3,140,1
21.01,18.73,79.09,60.38,11.0,3,22,0
41.59,15.23,65.09,53.02,87.9,2,189,1
41.46,16.45,59.48,42.71,50.8,3,81,1
19.01,21.11,63.69,32.24,64.0,3,122,1
23.25,22.0,59.98,49.16,38.1,1,111,0
43.34,21.84,88.05,25.73,1.3,1,40,1
18.62,21.86,63.05,78.63,4.9,2,30,0
18.26,23.87,87.84,71.15,48.5,2,123,0
41.11,20.69,90.63,20.44,18.4,1,46,1
34.58,24.1,72.84,79.65,93.4,1,255,0
16.83,18.08,88.79,39.3,11.6,2,30,1
29.14,18.39,51.41,52.12,19.7,1,58,0
28.7,17.93,73.18,42.25,18.0,2,45,0
25.51,24.35,93.37,35.71,78.9,2,202,1
41.63,20.44,54.5,42.32,21.6,1,53,1
41.92,15.51,99.13,52.73,54.2,3,87,1
31.8,17.4,82.93,37.41,31.8,2,78,1
32.38,16.69,53.78,40.71,83.3,2,210,1
17.63,19.27,49.06,60.28,17.6,2,44,0
38.55,20.18,67.77,40.6,64.5,1,160,1
41.9,17.53,62.56,27.03,100.0,3,162,1
19.56,22.13,52.24,57.35,84.9,1,245,0
27.24,23.87,97.03,42.98,17.9,2,45,0
21.09,23.61,79.52,31.51,1.9,1,40,0
42.08,21.17,74.79,78.39,21.0,1,50,0
42.22,15.63,58.67,30.72,5.3,2,30,1
30.76,23.19,84.66,32.36,71.6,3,136,1
20.83,20.41,72.28,40.67,46.4,3,90,1
42.19,23.38,94.94,73.22,24.3,2,53,0
42.53,20.3,69.11,69.09,69.4,1,173,0
37.0,18.12,68.28,56.33,24.9,1,61,0
29.7,24.4,94.27,52.95,76.8,3,146,1
20.25,15.62,68.33,60.77,40.1,2,99,0
35.76,23.45,90.69,48.49,31.1,1,76,1
40.13,23.57,57.7,54.68,16.4,1,39,0
37.85,14.45,78.22,36.3,73.7,2,160,1
39.58,24.44,53.84,78.61,27.8,1,70,0
38.26,21.53,55.68,24.64,50.4,2,109,1
19.18,21.82,63.76,52.48,21.9,3,42,1
25.28,24.39,93.24,46.21,31.5,2,83,0
21.46,19.49,53.4,23.03,53.5,2,135,1
29.22,19.79,81.58,43.96,66.0,2,167,0
38.22,20.61,66.11,46.56,27.8,2,60,1
39.85,19.74,64.45,51.17,74.8,2,163,1
25.42,18.68,86.81,76.92,60.0,3,112,1
37.23,17.75,53.25,50.55,30.0,3,49,1
16.01,21.79,76.14,64.63,22.7,3,43,0
23.75,18.22,84.12,33.19,52.0,1,152,0
36.51,23.48,56.96,79.85,61.7,2,134,0
25.99,21.23,63.04,30.75,1.5,2,30,1
31.99,23.18,81.45,54.35,34.0,2,85,1
41.58,23.06,98.14,64.27,4.9,3,20,1
31.07,22.48,84.7,23.34,72.5,2,184,1
22.87,22.28,55.08,52.76,25.9,3,48,1
16.72,19.93,87.73,45.48,4.8,3,20,1
32.13,24.48,51.89,32.7,7.9,3,20,1
24.8,15.4,88.89,30.03,32.7,2,81,1
20.56,18.25,72.36,45.69,6.9,2,30,0
26.36,19.73,70.69,50.32,21.8,1,65,0
29.71,24.86,59.94,72.45,77.1,3,146,1
30.18,17.45,87.43,20.85,100.0,3,190,1
23.11,15.88,60.56,53.25,53.8,3,102,1
27.71,15.49,49.22,53.92,81.5,3,155,1
39.01,21.81,96.6,32.37,62.7,1,154,1
34.99,15.49,55.92,39.62,67.7,3,129,1
20.74,18.63,95.35,34.89,4.5,2,30,1
37.56,22.45,92.52,73.42,15.5,2,34,0
45.11,17.04,86.27,43.26,18.6,3,30,1
28.46,15.67,58.75,49.52,1.2,2,30,0
37.33,16.21,69.52,80.27,7.5,3,20,1
20.35,22.83,54.89,37.61,50.9,1,147,0
39.39,24.68,98.75,28.91,95.4,2,204,1
26.71,16.2,52.06,54.79,49.7,3,95,1
25.41,24.11,71.01,62.56,71.9,3,138,1
44.88,24.55,91.32,31.85,8.6,3,20,1
20.43,21.09,93.52,25.76,32.7,3,62,1
21.94,22.9,54.11,38.16,41.2,1,119,0
32.88,20.66,67.58,27.93,43.5,1,128,0
34.42,22.41,71.79,77.94,31.4,3,58,1
33.38,14.88,77.97,60.83,10.2,3,20,1
37.01,15.78,89.89,55.23,72.6,2,157,1
20.8,17.61,73.96,40.08,36.1,1,105,0
26.66,22.82,91.42,31.18,48.1,1,140,0
38.15,16.43,94.72,33.17,43.5,3,71,1
20.8,24.41,67.39,36.21,69.0,1,203,0
32.02,24.47,64.66,65.47,69.0,2,174,0
35.52,16.4,77.67,66.52,31.2,1,77,0
20.34,19.55,70.69,45.67,92.7,3,178,1
41.91,17.89,96.03,59.15,19.7,1,49,0
30.72,20.99,94.13,38.86,54.1,2,137,1
31.87,21.28,51.18,78.08,8.0,2,30,0
28.23,16.95,95.71,47.55,0.0,3,20,1
41.67,23.49,96.72,44.22,3.8,3,20,1
18.54,17.38,53.82,34.87,7.5,3,20,1
27.6,15.3,87.09,74.39,11.7,2,30,0
30.42,18.7,61.91,56.89,60.6,2,154,1
39.13,15.53,76.07,26.21,87.3,2,187,1
44.45,15.77,71.71,78.87,32.8,2,71,0
29.26,16.67,80.19,47.33,77.8,3,147,1
40.95,24.31,81.15,37.96,44.8,3,72,1
25.5,19.23,94.6,54.62,7.9,1,40,0
25.28,20.02,84.37,55.03,26.3,1,76,0
22.91,19.45,55.2,68.03,74.0,1,215,0
31.87,22.38,61.09,21.38,34.4,3,65,1
17.73,21.3,82.49,64.03,21.9,1,64,0
44.76,17.44,76.21,76.55,2.9,2,30,0
31.01,18.98,60.26,70.6,22.6,2,56,0
22.06,21.82,93.15,22.16,75.8,1,223,1
17.47,17.59,76.73,64.94,97.7,1,255,0
42.07,16.21,83.02,35.93,2.8,1,40,1
17.72,25.09,86.39,75.34,82.6,1,243,0
41.38,20.93,93.79,45.42,26.3,2,57,1
44.68,21.16,55.16,69.22,56.0,2,120,0
33.38,19.22,80.87,49.98,65.5,2,166,1
43.81,16.36,70.86,36.52,78.7,3,128,1
21.87,21.68,87.09,68.16,75.3,3,143,0
36.42,22.95,55.59,68.49,31.5,3,49,1
19.67,18.74,51.12,33.18,52.5,1,153,0
23.72,24.12,62.54,42.59,88.8,1,255,0
21.46,15.81,84.15,57.19,31.6,2,79,0
33.99,21.76,77.23,40.98,29.2,3,54,1
44.24,19.69,73.12,50.31,30.9,2,66,1
39.56,24.3,95.9,27.38,62.1,2,135,1
38.79,21.99,97.34,41.65,34.1,2,74,1
43.01,20.45,73.19,65.18,42.0,1,103,0
25.16,23.0,93.93,24.13,34.4,1,100,1
28.51,21.33,60.81,30.63,65.8,3,124,1
18.01,20.41,64.37,43.4,8.5,1,40,0
43.02,18.4,83.97,36.38,68.1,1,169,1
28.72,22.37,76.14,38.9,94.5,2,240,1
18.51,17.93,84.8,45.06,31.7,2,82,0
33.23,15.9,52.52,28.39,79.8,2,202,1
38.85,20.4,78.78,31.36,90.5,3,145,1
19.56,23.11,56.7,30.83,27.2,3,51,1
35.6,20.57,66.95,61.79,68.6,1,201,0
37.98,22.68,89.71,26.0,81.6,3,132,1
31.75,15.97,94.79,40.14,21.2,1,61,0
41.16,19.51,77.11,21.79,95.4,1,237,1
19.91,23.89,74.62,64.79,87.1,1,255,0
43.98,23.99,88.55,23.07,24.0,1,59,1
30.58,22.73,84.57,69.84,86.0,3,165,1
36.25,17.29,73.35,49.24,23.4,3,38,1
38.68,19.33,63.96,70.45,48.4,2,105,0
41.38,22.1,67.5,50.98,68.9,2,149,1
41.14,17.24,75.36,67.15,45.3,2,95,0
29.82,19.78,56.14,70.15,93.2,3,177,1
28.91,23.86,75.18,36.12,48.5,3,93,1
34.43,19.53,48.69,71.65,46.5,1,135,0
16.53,18.24,83.69,36.07,51.0,2,133,1
39.4,23.54,73.72,20.9,45.6,2,99,1
41.8,19.11,63.86,62.13,86.4,2,188,1
18.56,17.29,53.53,75.88,31.4,3,60,1
19.57,15.64,72.91,53.58,45.0,2,112,0
18.81,18.9,87.71,21.87,68.9,2,176,1
38.84,23.91,74.28,48.71,42.3,1,106,1
39.47,17.2,92.01,78.55,31.6,1,79,0
18.22,22.92,94.12,55.14,39.8,1,118,0
40.81,24.44,84.27,78.09,60.4,2,129,0
32.46,24.04,55.83,50.99,2.6,3,20,1
29.1,17.12,59.98,68.58,52.8,3,99,1
24.71,16.23,50.43,33.36,16.6,2,41,1
37.48,16.83,64.97,55.11,53.0,2,116,1
17.61,18.94,51.28,30.8,86.9,2,224,1
28.11,17.7,80.75,38.39,84.9,3,162,1
23.43,21.41,51.92,75.0,58.5,3,110,1
19.2,24.84,60.29,40.05,97.7,2,247,1
36.06,24.58,71.42,47.74,80.0,3,128,1
42.39,19.62,57.4,27.43,69.9,3,112,1
41.25,25.33,75.01,31.02,5.3,2,30,1
16.94,22.08,62.47,53.59,74.1,1,216,0
28.8,16.62,91.3,55.03,90.6,2,230,0
22.44,17.67,70.32,21.76,37.3,2,94,1
29.74,16.39,51.0,33.6,31.8,3,61,1
35.69,21.16,69.9,25.34,47.1,2,100,1
34.53,20.47,94.04,53.54,66.3,3,126,1
37.54,20.33,87.53,21.68,19.1,1,49,1
16.7,20.05,52.97,48.06,89.8,3,172,1
20.24,19.79,50.42,29.97,93.9,1,255,0
19.2,21.11,65.01,50.65,74.3,1,218,0
22.12,24.25,84.83,74.46,51.3,3,96,0
34.48,19.56,77.12,76.19,6.9,1,40,0
31.57,23.36,56.48,45.36,53.2,1,154,0
22.35,22.4,53.28,71.63,96.4,2,245,0
19.87,21.37,86.02,76.8,33.1,1,96,0
24.83,19.09,90.61,54.09,40.2,2,101,0
31.64,18.83,77.97,55.01,56.5,3,109,1
44.01,21.42,69.84,78.11,5.8,1,40,0
27.38,22.25,65.18,37.84,62.2,2,159,1
29.24,16.39,80.55,69.69,18.2,2,49,0
35.68,22.36,70.47,78.53,11.5,2,30,0
29.93,17.51,93.42,54.81,36.9,2,94,1
16.47,24.37,95.85,45.62,95.1,3,181,1
20.57,16.42,79.19,42.89,17.4,2,42,0
23.9,18.61,56.66,69.86,49.5,3,92,0
22.51,17.76,84.7,24.35,30.9,1,88,0
19.45,21.52,80.86,51.86,34.8,3,66,1
18.3,18.76,67.03,37.23,52.7,3,100,1
41.83,17.62,79.53,40.61,82.3,3,134,1
23.2,22.88,66.31,56.27,45.1,3,86,0
35.37,25.05,75.98,52.46,97.6,2,210,1
30.41,20.34,54.92,48.03,59.1,3,112,1
28.91,16.8,66.27,76.79,55.4,1,161,0
17.04,15.53,55.87,23.04,12.3,3,22,1
31.13,23.94,66.98,24.88,95.3,1,255,1
43.75,19.53,74.11,38.53,46.5,3,75,1
42.95,16.56,84.54,27.63,35.0,3,55,1
18.28,21.32,58.38,44.19,31.1,1,93,0
26.17,22.05,76.84,58.98,98.0,2,250,0
44.49,22.62,58.2,50.09,20.4,1,53,1
34.68,19.95,94.89,27.93,12.9,2,32,1
16.01,23.7,96.62,72.19,17.3,2,43,0
17.02,23.47,86.85,61.15,40.5,3,77,0
35.44,23.53,56.65,33.55,63.7,1,158,1
31.07,18.38,53.7,50.74,57.9,2,149,1
39.66,19.45,62.64,57.82,86.9,2,187,1
27.02,15.97,88.08,77.19,87.3,3,166,1
22.98,18.74,79.89,40.41,73.8,2,185,0
27.28,19.96,90.67,54.4,99.0,2,251,0
44.82,17.0,56.02,26.97,38.4,1,94,1
38.92,21.03,65.58,36.07,94.1,1,235,1
16.99,24.12,54.94,73.52,47.9,3,93,0
34.12,23.2,90.91,24.88,26.7,2,69,1
23.95,19.75,97.59,69.36,24.3,1,70,0
30.09,16.79,66.04,46.78,74.6,3,144,1
43.01,17.81,83.56,43.31,89.0,3,145,1
22.54,20.7,59.89,44.51,16.5,1,50,0
22.99,17.96,75.76,61.08,71.6,1,211,0
22.67,16.55,53.93,26.55,70.8,1,206,0
17.83,15.54,76.81,65.57,46.4,3,89,0
26.72,20.19,94.37,23.22,26.7,1,78,1
42.75,16.11,75.67,73.84,65.0,2,141,0
30.39,24.65,90.85,77.73,91.9,3,177,1
38.03,17.79,50.37,41.3,86.9,2,186,1
25.78,22.42,70.19,57.99,85.3,2,217,0
20.94,19.6,96.78,72.74,31.5,2,79,0
22.8,23.47,93.04,57.13,93.1,3,176,0
39.69,24.6,88.88,37.57,35.8,1,89,1
25.35,22.46,90.3,53.12,43.6,3,83,1
21.4,15.53,51.76,30.14,44.4,3,82,1
26.01,22.71,97.68,57.79,49.8,1,148,0
39.21,19.54,64.09,76.32,16.1,1,41,0
26.14,17.2,74.07,59.35,33.5,3,66,1
35.44,21.61,70.51,40.19,37.8,1,94,1
39.23,24.09,92.06,67.17,46.1,3,74,1
32.94,19.57,80.42,68.17,96.9,1,255,0
36.08,16.0,56.68,65.94,41.9,2,91,0
30.23,18.29,93.91,33.33,40.4,1,116,0
21.29,14.94,76.16,49.86,21.1,2,53,0
27.5,16.57,79.49,29.35,35.2,1,103,0
17.86,19.69,92.78,64.98,53.8,3,103,0
26.02,15.62,72.91,59.93,90.3,3,172,1
24.31,19.88,53.1,43.7,63.0,1,185,0
40.04,18.41,66.0,69.36,61.9,1,156,0
18.59,24.28,69.13,43.91,24.0,1,71,0
28.66,24.43,49.88,29.22,72.3,2,183,1
25.27,23.92,85.46,55.56,70.7,3,134,1
20.52,22.23,61.09,77.86,60.2,1,174,0
42.89,20.93,58.2,61.48,87.9,2,190,1
19.93,18.81,90.45,36.71,94.1,2,238,1
35.26,22.16,65.56,37.84,26.3,1,65,1
17.02,18.49,64.45,35.13,83.0,3,158,1
32.16,24.03,93.16,62.09,36.9,1,106,0
30.88,16.9,66.26,43.27,69.0,1,201,0
41.65,15.44,90.8,73.59,66.1,1,165,0
25.81,19.55,90.17,38.93,29.1,1,84,0
29.2,19.68,78.04,74.87,98.0,2,250,0
28.05,24.12,86.14,62.5,56.1,3,108,1
16.82,24.99,51.8,48.35,84.6,3,162,1
44.39,17.98,54.71,42.04,28.6,2,59,1
41.5,20.59,90.24,64.85,52.4,3,86,1
30.59,15.04,51.95,51.37,35.3,2,90,1
16.44,20.19,66.54,34.23,17.0,2,43,1
27.14,25.06,83.21,68.13,10.7,3,20,1
27.96,19.37,63.88,71.74,59.1,2,149,0
36.48,19.47,65.4,64.22,29.6,2,64,1
26.89,24.4,96.84,39.49,55.8,1,164,0
28.84,19.25,71.41,22.53,58.0,1,173,1
41.25,24.96,54.15,57.24,46.3,3,76,1
31.12,18.1,77.2,53.0,99.0,3,189,1
44.12,23.35,69.68,71.65,83.5,1,205,0
41.5,16.99,89.75,36.13,58.1,3,94,1
38.97,24.78,61.92,76.54,47.2,1,118,0
20.93,16.24,70.69,57.89,71.6,2,180,0
39.0,21.48,69.64,46.14,64.6,1,162,1
18.65,22.27,94.31,52.2,12.9,1,40,0
32.53,21.59,63.13,75.14,26.6,3,50,1
37.89,19.19,65.51,43.47,9.9,1,40,1
20.26,24.12,68.32,61.95,43.7,1,129,0
37.08,22.3,83.98,68.09,94.4,3,153,1
22.71,17.82,63.47,35.26,83.7,3,161,1
30.89,21.82,79.65,49.46,67.2,3,128,1
21.77,18.49,84.74,48.92,69.2,1,202,0
34.99,23.46,58.77,73.26,79.8,2,172,0
18.05,17.34,95.72,29.29,6.3,1,40,0
25.39,20.66,91.12,56.13,45.8,2,117,0
16.58,19.05,92.89,61.51,70.9,1,206,0
39.98,23.44,49.57,61.6,100.0,3,162,1
40.13,24.39,90.91,76.29,1.4,3,20,1
36.33,19.62,80.03,56.87,35.6,2,77,1
39.41,15.29,94.28,31.42,27.9,2,61,1
17.05,22.22,88.53,35.41,79.3,3,151,1
43.15,22.31,95.33,45.49,72.7,1,182,1
39.1,21.41,80.81,57.24,11.6,2,30,1
37.06,17.04,57.94,57.82,40.2,3,63,1
16.0,17.4,60.82,55.27,26.8,2,70,0
41.2,17.03,52.88,43.2,62.0,1,152,1
39.08,23.9,65.96,29.39,87.5,2,192,1
39.44,18.28,70.57,39.56,27.5,2,62,1
25.85,21.19,83.28,77.94,13.1,1,40,0
30.39,21.17,52.33,75.78,67.0,2,171,0
32.59,21.29,95.71,45.52,49.2,1,145,0
35.46,15.27,58.88,23.46,29.4,2,74,1
34.63,19.47,87.72,23.67,57.9,2,149,1
17.71,20.67,96.72,37.24,93.1,1,255,0
17.06,16.89,70.75,45.35,78.7,1,232,0
36.33,23.24,54.29,55.34,5.5,3,20,1
21.97,17.34,81.99,28.28,61.1,3,116,1
32.37,16.97,64.0,32.57,12.9,1,40,0
17.25,25.24,85.04,35.14,75.2,2,193,1
37.18,22.83,73.91,56.93,66.0,1,163,0
43.33,19.04,77.16,57.46,17.0,1,43,0
37.94,16.81,92.94,39.82,39.2,1,98,1
22.74,20.8,78.62,22.63,65.2,3,124,1
25.88,23.48,96.09,76.56,4.3,1,40,0
29.81,18.17,84.24,74.09,24.5,2,63,0
23.4,21.27,78.86,55.15,53.1,1,156,0
15.83,22.14,74.16,43.8,10.7,1,40,0
43.06,16.89,64.3,43.61,20.1,3,31,1
43.51,20.73,88.65,53.0,2.7,2,30,1
30.21,19.07,83.89,22.52,49.9,2,126,1
39.91,18.81,74.82,22.77,88.0,2,191,1
41.56,24.45,65.99,61.59,11.7,2,30,1
33.0,23.48,93.83,23.72,41.1,1,122,1
32.15,18.96,83.31,22.07,41.8,2,106,1
25.18,18.65,51.09,52.99,65.0,2,167,0
22.75,19.53,70.8,54.67,33.5,1,97,0
30.25,23.84,65.59,71.46,84.8,3,161,1
40.5,18.28,64.42,34.75,49.9,2,106,1
25.67,16.41,87.75,34.7,7.9,3,20,1
44.07,23.79,51.89,70.78,77.9,2,168,0
42.23,18.69,72.53,65.3,70.9,2,155,0
31.97,20.85,77.24,64.28,50.5,2,130,1
38.01,19.58,85.38,52.92,73.0,3,119,1
44.22,15.64,69.03,73.16,72.5,1,181,0
18.48,18.62,58.42,49.39,54.9,2,140,0
36.36,19.37,58.76,73.31,17.9,1,45,0
44.52,14.79,73.37,68.09,58.9,1,145,0
44.78,24.09,91.18,37.94,40.8,1,102,1
21.54,23.13,90.39,40.85,21.9,1,66,0
26.74,20.95,85.68,59.73,24.3,1,70,0
15.6,15.01,56.05,68.42,25.1,3,47,0
22.56,23.9,64.85,53.66,80.1,3,152,1
33.55,19.17,84.28,22.84,76.3,2,192,1
26.64,19.25,70.18,45.56,13.9,3,27,1
43.86,23.13,67.91,43.24,41.3,1,103,1
29.14,18.43,64.29,54.79,89.3,1,255,0
31.9,25.13,59.64,50.44,12.1,2,30,1
20.72,24.12,65.41,25.23,72.0,3,137,1
33.82,21.05,90.54,41.91,66.6,2,168,1
41.38,18.77,96.14,22.05,13.3,2,30,1
42.51,19.27,71.67,35.3,64.7,3,104,1
36.58,19.24,91.14,21.29,24.9,2,54,1
23.44,22.81,63.99,55.18,86.0,3,164,0
19.47,17.05,81.14,27.68,39.2,1,116,0
33.25,16.06,50.03,20.86,36.6,2,93,1
17.67,23.35,89.58,46.04,83.6,3,160,1
18.84,25.18,77.2,58.13,92.2,3,174,0
24.96,19.25,90.7,40.85,85.9,2,219,0
21.96,15.11,78.31,38.69,49.6,1,147,0
22.64,17.45,80.04,43.41,21.0,2,51,0
21.46,17.68,57.62,64.77,22.4,2,58,0
32.24,24.12,70.02,69.18,84.0,3,161,1
23.71,23.86,75.66,25.88,34.1,1,101,0
40.59,21.5,84.87,21.26,46.3,1,115,1
27.7,24.72,83.17,51.16,71.5,3,137,1
17.45,18.72,63.24,31.7,86.0,1,250,0
20.0,21.25,63.87,71.62,35.4,2,91,0
30.62,23.22,55.64,44.69,19.7,2,48,1
39.96,18.65,94.38,50.64,15.3,1,39,0
39.11,16.6,70.57,66.32,90.0,1,225,0
23.39,23.31,65.17,31.51,31.5,3,59,1
22.9,18.71,94.86,74.05,8.3,3,20,0
17.97,16.46,83.72,34.34,56.6,3,108,1
18.14,23.56,50.8,20.19,74.1,3,144,1
17.5,18.59,52.29,46.22,97.7,3,187,1
37.02,24.28,51.85,50.69,26.4,1,65,0
27.84,22.35,62.36,51.93,87.5,3,168,1
37.81,17.42,86.25,75.6,23.2,3,36,1
16.4,19.75,92.52,21.42,67.3,2,171,1
22.7,19.89,91.35,75.1,12.6,2,32,0
24.81,21.3,64.54,26.51,24.7,3,48,1
19.85,18.67,88.29,34.01,2.4,3,20,1
31.88,22.39,95.92,37.73,91.1,1,255,0
39.8,19.72,86.97,41.51,76.6,3,124,1
39.2,24.9,51.43,79.06,7.9,2,30,0
19.25,15.34,97.4,63.17,24.7,2,60,0
43.09,21.36,75.14,54.09,76.6,3,125,1
15.96,15.22,77.0,40.36,96.4,1,255,0
25.97,22.34,81.15,21.99,94.1,1,255,1
30.18,19.23,68.69,74.01,72.3,3,138,1
45.07,16.22,92.05,59.06,90.4,1,226,0
43.29,23.76,92.39,43.71,3.3,3,20,1
24.14,20.09,90.73,54.26,69.2,1,204,0
35.18,19.66,56.71,25.11,83.1,3,157,1
35.41,16.55,54.8,30.45,8.3,1,40,1
18.84,22.91,69.87,77.18,93.3,3,178,0
34.52,23.14,52.79,22.87,93.9,3,179,1
17.48,17.11,97.18,70.51,4.6,1,40,0
27.29,21.01,82.18,25.13,49.7,1,145,0
34.29,23.93,55.79,20.35,74.7,1,184,1
44.43,16.45,87.57,79.41,72.1,1,180,0
33.74,17.0,97.46,78.81,26.8,2,69,0
22.27,25.33,73.68,53.22,15.8,1,45,0
21.35,23.58,57.69,31.8,1.3,3,20,1
28.59,24.69,75.42,22.81,45.1,1,129,1
18.5,22.97,53.81,36.9,26.0,3,48,1
27.29,17.13,86.95,26.93,65.8,1,194,0
39.54,18.53,57.05,22.05,58.3,1,144,1
23.59,21.18,85.05,53.09,66.9,3,126,1
28.21,16.28,80.16,67.36,76.2,2,195,0
33.05,22.11,74.5,34.07,67.7,1,199,0
16.14,16.35,51.42,76.38,12.8,1,40,0
36.75,17.57,80.07,40.45,23.2,1,56,1
37.79,16.88,62.84,66.87,66.5,3,108,1
21.76,16.39,72.16,73.56,31.3,2,79,0
25.35,21.37,53.78,75.35,53.1,2,135,0
26.28,20.1,59.59,21.18,34.8,3,67,1
41.57,20.48,85.85,64.93,66.4,2,143,1
17.35,20.27,61.78,41.67,75.2,3,144,1
30.04,22.29,98.06,50.08,77.9,1,227,0
16.79,24.47,94.73,56.07,35.1,1,102,0
15.79,16.82,96.05,47.75,11.7,1,40,0
31.63,21.13,66.25,59.9,68.0,1,200,0
19.72,20.96,63.68,39.2,1.6,2,30,1
30.56,18.31,84.28,48.81,63.5,3,121,1
25.53,22.95,55.11,59.68,77.1,1,228,0
41.47,19.26,75.52,28.13,87.8,2,190,1
41.89,24.22,61.73,71.84,49.5,3,80,1
19.05,16.34,94.8,72.41,59.0,1,168,0
23.47,23.43,69.43,78.24,22.7,3,44,0
37.13,23.66,61.86,34.32,90.5,1,224,1
22.26,18.11,63.29,46.15,76.0,2,193,0
16.56,17.71,59.41,53.87,18.9,1,56,0
30.07,21.66,52.53,73.87,52.3,1,151,0
38.59,17.28,92.3,37.36,41.1,3,66,1
41.97,19.47,86.54,73.58,7.3,1,40,0
38.04,20.37,90.82,60.59,31.7,2,68,1
28.16,20.76,58.81,26.19,54.8,3,104,1
43.68,16.36,87.78,41.7,11.1,1,40,1
36.36,22.47,95.82,29.61,6.6,3,20,1
30.81,15.92,56.03,21.88,93.0,2,236,1
32.29,24.29,81.92,36.24,6.2,3,20,1
42.13,15.61,57.91,24.83,31.0,2,64,1
21.62,23.89,67.82,43.59,81.0,2,203,0
26.52,21.53,52.33,43.5,62.2,1,181,0
24.41,15.87,77.83,37.22,81.3,2,208,1
27.18,16.83,56.31,44.82,47.1,2,122,0
23.46,22.84,74.06,73.12,57.2,2,145,0
19.54,24.15,88.09,68.62,70.8,1,208,0
20.89,21.77,97.31,24.86,18.7,2,50,1
22.87,21.74,53.92,52.69,53.5,3,103,1
38.08,22.22,73.59,32.11,24.2,2,51,1
36.89,15.94,69.04,25.34,71.9,3,116,1
26.87,23.53,93.31,74.47,94.9,2,241,0
34.77,21.06,72.7,28.87,20.5,1,59,0
32.6,24.75,93.79,32.72,30.5,1,90,0
37.91,20.06,84.49,51.15,93.0,1,231,0
20.87,22.36,85.06,42.47,100.0,3,190,1
28.59,16.7,72.66,40.84,49.7,1,147,0
22.03,16.16,79.04,30.76,89.2,2,228,1
38.08,18.95,76.49,37.43,24.1,3,38,1
38.56,17.99,52.26,61.64,19.7,1,49,0
26.13,19.38,82.13,50.44,34.0,1,101,0
36.55,17.01,87.49,75.05,28.2,1,68,0
39.73,24.8,53.95,61.92,37.7,2,81,1
20.33,20.37,89.46,33.46,70.3,1,206,0
18.21,24.94,78.47,48.61,34.4,3,64,1
33.19,23.51,65.01,66.29,56.9,1,167,0
31.88,21.52,94.47,53.93,72.6,3,139,1
32.48,14.64,91.08,41.76,72.6,3,138,1
30.32,20.92,59.61,50.49,54.4,3,101,1
16.64,21.47,79.38,30.92,33.8,1,97,0
24.39,20.23,57.24,37.63,73.6,3,140,1
23.97,23.93,93.35,32.55,40.2,1,117,0
38.71,15.14,78.36,55.49,99.1,3,161,1
32.74,19.16,71.24,79.09,17.1,1,49,0
44.4,20.29,71.59,41.03,81.6,2,175,1
33.32,20.94,87.03,49.7,21.6,3,40,1
33.66,15.71,93.21,33.86,47.8,1,138,0
38.68,17.48,93.99,25.08,89.6,3,146,1
22.84,18.35,53.51,78.58,74.3,3,141,1
19.38,15.01,67.62,59.45,93.1,2,235,0
44.33,16.14,91.87,58.38,72.7,3,118,1
22.67,15.66,93.48,66.51,70.1,3,133,0
29.2,15.21,63.19,39.02,78.0,2,199,1
43.41,23.46,51.23,34.4,54.6,3,89,1
26.5,17.87,67.15,40.57,81.8,3,157,1
16.4,17.19,91.62,39.87,96.0,3,182,1
26.46,24.89,87.69,74.31,28.2,2,72,0
41.61,25.38,70.05,75.74,78.0,1,194,0
17.33,15.55,76.05,42.38,72.3,2,183,0
26.78,19.93,82.24,30.17,43.7,3,82,1
22.39,15.01,96.49,43.34,51.6,2,133,0
21.41,20.83,78.93,68.56,36.0,2,92,0
35.66,18.45,66.99,76.83,41.2,3,66,1
25.51,20.77,84.85,24.81,99.8,1,255,0
21.26,17.98,65.77,66.22,25.8,1,77,0
26.2,16.81,95.37,71.35,36.5,3,70,1
40.18,19.48,78.11,24.48,10.1,1,40,1
37.26,18.06,66.83,45.92,30.4,3,49,1
31.38,16.06,82.61,51.65,70.2,3,135,1
36.65,19.34,55.24,36.83,51.4,1,128,1
36.65,18.04,88.51,70.97,76.9,3,124,1
29.54,20.6,75.5,65.5,98.1,1,255,0
39.49,17.33,87.51,62.51,62.5,2,137,1
33.53,23.23,54.46,68.29,7.0,2,30,0
40.45,25.27,78.46,51.51,84.4,1,209,0
24.02,16.25,91.07,64.14,75.1,1,221,0
32.78,24.07,91.73,71.48,30.2,2,77,0
43.99,16.03,72.92,43.92,73.8,3,119,1
26.73,22.52,81.9,54.03,74.3,1,216,0
31.41,15.09,75.67,74.33,21.8,2,57,0
17.28,16.38,64.27,73.04,92.6,1,255,0
25.39,18.49,91.63,40.66,88.7,3,168,1
25.35,22.75,65.55,36.26,7.4,2,30,1
33.36,17.41,67.88,70.94,17.7,1,51,0
30.15,22.41,87.72,60.81,19.5,3,37,1
40.06,19.17,95.94,55.35,44.5,3,71,1
20.64,24.16,66.39,26.11,86.3,3,165,1
18.53,24.01,82.0,27.21,26.4,2,67,1
19.49,22.57,50.68,21.97,50.8,1,149,1
29.87,23.4,91.97,73.56,6.9,1,40,0
41.54,24.4,95.41,28.77,37.7,2,81,1
41.31,18.38,74.19,65.86,74.3,2,161,0
29.34,15.95,63.91,52.87,17.8,2,45,0
36.67,18.56,83.38,35.39,31.3,1,78,1
29.52,24.59,52.57,59.49,80.7,3,153,1
42.5,23.59,75.61,31.72,20.7,2,44,1
31.31,24.23,59.31,58.25,9.4,1,40,0
44.2,18.01,71.89,44.65,47.4,3,77,1
24.97,22.95,65.17,46.15,91.3,1,255,0
39.57,15.1,57.49,70.73,94.5,1,233,0
36.12,18.48,80.41,32.83,49.1,2,107,1
43.67,17.69,96.96,47.43,14.0,2,30,1
38.12,17.31,55.74,56.95,29.9,3,48,1
26.84,17.2,80.9,63.37,34.4,3,65,1
22.6,20.72,74.32,78.34,77.4,2,197,0
27.38,23.95,51.07,69.69,95.4,2,242,0
27.71,22.25,80.35,36.37,53.5,2,136,1
23.07,22.57,80.19,55.69,46.9,2,119,0
26.21,19.6,69.8,76.07,81.9,2,209,0
36.12,15.25,81.66,47.17,18.8,3,29,1
34.32,23.22,67.05,37.87,58.8,1,171,0
40.91,22.34,81.45,74.58,28.9,2,64,0
18.89,18.52,59.92,57.19,9.6,2,30,0
27.55,18.42,79.66,57.87,26.0,2,65,0
16.92,15.84,80.57,24.85,37.0,1,108,0
24.46,22.2,60.76,69.14,80.4,1,236,0
26.07,17.44,90.61,37.03,59.6,3,113,1
26.32,17.15,75.91,48.5,59.0,1,171,0
28.64,23.27,65.92,78.34,81.8,1,239,0
37.54,16.96,94.72,35.74,46.0,3,75,1
42.61,17.03,71.34,63.37,66.9,3,110,1
22.71,21.93,73.09,76.43,33.9,3,64,0
39.3,18.92,86.69,38.79,94.0,1,232,1
44.15,23.01,89.99,63.03,34.6,1,87,0
16.77,18.22,92.85,51.44,24.3,1,70,0
23.8,17.79,96.74,41.04,36.8,1,109,0
29.3,19.53,80.52,78.89,56.3,3,109,1
17.83,18.95,73.22,68.12,53.1,2,134,0
30.94,19.09,69.04,23.23,0.8,2,30,1
41.07,18.4,72.17,63.85,78.6,3,127,1
26.19,22.97,88.61,30.28,51.8,3,99,1
17.87,22.12,57.2,63.37,43.9,2,112,0
43.77,15.85,81.05,48.78,6.2,2,30,1
30.39,22.94,92.86,50.16,14.2,2,37,1
22.48,18.0,80.75,66.23,35.0,2,89,0
40.8,17.37,69.17,56.68,14.5,1,37,0
23.56,18.79,55.3,65.45,61.2,1,178,0
19.14,15.37,91.97,71.45,43.9,2,110,0
42.52,15.38,52.5,43.36,41.7,3,68,1
23.5,19.51,91.11,65.63,87.8,2,225,0
21.72,17.94,64.16,68.97,90.6,3,171,0
27.0,17.37,60.57,55.62,86.7,2,218,0
28.68,22.96,87.96,20.53,15.5,3,29,1
25.93,15.99,83.64,21.26,11.3,2,30,1
25.53,20.84,83.04,64.53,48.5,3,93,1
38.33,23.51,53.83,72.47,80.1,1,197,0
26.04,21.69,61.9,68.01,93.4,1,255,0
23.89,24.09,78.6,68.18,60.8,2,153,0
21.61,23.71,75.58,55.67,15.0,3,28,0
39.96,15.78,63.27,23.15,4.8,3,20,1
40.06,18.71,86.61,53.93,21.3,3,34,1
19.87,16.59,57.52,71.97,61.1,2,158,0
24.18,18.99,71.77,64.31,51.2,2,130,0
41.97,19.48,78.36,51.05,3.2,3,20,1
42.06,15.65,90.12,50.71,21.1,2,46,1
35.05,23.94,79.74,41.99,31.3,1,78,1
21.34,23.99,83.88,30.2,60.0,1,177,0
35.35,20.58,89.21,61.61,18.4,2,40,1
26.08,18.95,87.08,72.54,78.3,3,147,1
18.69,15.83,74.59,66.09,95.4,1,255,0
39.78,19.84,74.87,29.25,74.1,1,183,1
21.84,15.53,90.0,42.52,86.6,3,165,1
30.11,17.21,55.85,40.83,15.8,1,46,0
32.85,24.61,82.43,72.25,9.8,3,20,1
41.68,24.35,58.86,24.3,54.8,1,138,1
21.81,23.0,88.02,63.78,46.5,3,88,0
20.85,18.73,89.51,36.54,26.3,2,67,1
16.82,18.31,54.53,70.85,72.4,2,182,0
40.19,17.59,91.47,78.06,67.1,1,167,0
27.13,18.48,56.09,51.9,10.6,3,20,1
33.95,16.44,76.88,73.36,29.1,2,73,0
28.91,22.73,61.69,30.24,1.3,3,20,1
28.49,16.96,79.02,27.05,50.0,1,146,0
34.44,18.37,93.68,69.75,35.6,3,67,1
31.68,15.81,63.14,65.46,38.7,2,98,1
19.86,17.97,75.15,21.45,75.5,2,193,1
32.43,19.14,86.46,38.16,92.4,1,255,0
20.38,15.14,83.35,65.81,35.1,1,103,0
41.75,18.14,51.15,65.09,59.1,3,95,1
18.86,23.15,81.76,43.11,8.1,1,40,0
35.98,21.51,94.9,39.75,20.5,2,43,1
43.86,20.04,96.59,51.9,70.4,1,176,0
16.48,18.86,72.33,74.37,61.2,3,118,0
37.35,22.23,68.66,25.54,60.7,2,132,1
23.27,19.17,80.65,52.3,77.4,1,227,0
23.07,17.11,61.76,76.28,40.6,2,103,0
20.87,19.67,52.23,75.31,56.2,2,143,0
23.59,16.25,63.41,62.74,59.3,2,152,0
33.35,20.94,60.9,75.37,82.4,1,243,0
15.57,22.34,96.11,74.02,98.3,2,248,0
39.1,18.52,49.55,72.19,18.4,1,46,0
18.61,18.85,57.72,62.2,33.9,1,98,0
17.01,24.11,82.75,59.63,71.5,3,136,0
43.76,16.68,57.5,54.02,18.4,1,45,0
44.4,22.02,61.83,30.78,75.1,1,188,1
22.67,19.46,73.62,21.97,98.5,2,253,1
39.78,21.26,62.05,56.79,27.9,2,59,1
39.76,23.88,75.54,62.63,57.5,2,124,1
36.51,18.22,81.48,71.14,45.4,1,111,0
35.15,17.49,80.17,49.24,11.8,3,20,1
24.27,21.15,91.84,63.48,70.6,1,204,0
37.79,17.93,75.38,53.62,8.8,2,30,1
31.78,18.71,81.05,38.25,64.0,1,187,0
22.82,22.66,61.39,26.6,8.4,1,40,0
44.5,16.75,51.75,58.73,10.3,2,30,1
19.5,19.07,87.73,27.33,29.1,1,85,0
18.1,21.0,80.18,45.72,28.7,1,85,0
18.45,18.64,76.33,68.2,86.9,2,222,0
43.78,19.91,51.1,59.29,11.3,1,40,0
41.62,15.66,85.74,36.68,47.7,3,78,1
21.91,17.18,61.8,33.38,80.9,1,238,0
27.68,15.86,61.96,57.47,75.2,3,143,1
25.86,21.18,71.31,25.56,65.5,3,124,1
17.51,25.09,63.42,23.79,99.8,1,255,1
32.6,21.07,54.62,27.76,82.0,3,155,1
30.09,19.15,52.02,71.44,38.2,2,95,0
32.54,20.4,77.41,63.23,87.0,2,224,1
20.23,24.25,55.71,75.53,19.0,2,48,0
35.16,23.54,52.41,48.79,4.6,1,40,1
29.31,15.54,59.91,28.82,46.8,3,89,1
41.31,22.47,74.54,62.47,94.0,3,152,1
22.69,15.82,99.81,23.57,14.0,3,28,1
17.63,22.21,51.83,63.55,31.7,3,61,1
18.02,24.72,73.2,21.19,59.9,2,152,1
41.98,16.08,52.09,40.82,57.7,3,94,1
17.93,20.93,64.49,48.22,96.3,2,244,0
35.89,17.02,83.01,29.26,32.4,3,51,1
36.01,19.14,86.78,37.66,22.8,3,37,1
32.01,20.31,80.58,69.38,70.6,2,178,0
30.16,21.37,51.73,42.06,42.7,3,81,1
21.19,22.92,74.12,26.82,47.2,3,88,1
31.41,17.24,50.57,76.63,5.1,2,30,0
42.67,19.98,80.51,54.23,19.3,1,48,0
40.06,21.91,88.88,26.62,17.1,3,27,1
41.06,19.6,49.6,67.85,13.0,3,20,1
19.58,18.82,78.41,48.63,35.1,3,66,1
31.88,23.73,94.91,24.59,96.2,2,247,1
30.51,24.34,76.14,21.46,68.2,2,174,1
32.57,17.74,72.78,58.38,77.6,3,148,1
32.94,24.65,79.01,72.59,66.8,3,128,1
32.45,19.08,63.71,49.25,37.6,1,111,0
43.1,18.19,82.76,41.85,26.6,3,42,1
31.87,21.86,62.38,70.93,3.7,3,20,1
38.68,18.07,67.76,40.31,76.1,2,166,1
34.42,18.87,69.02,66.6,51.7,3,99,1
35.82,23.7,96.66,27.69,59.8,1,149,1
30.27,21.11,69.09,22.25,61.3,1,177,1
24.55,14.58,81.01,72.26,70.9,1,210,0
19.65,19.05,58.57,51.47,52.7,2,135,0
26.51,22.47,60.01,68.23,78.9,3,151,1
44.34,16.06,93.94,24.93,87.9,1,217,1
35.69,20.64,55.74,70.08,17.6,3,29,1
26.89,23.78,78.03,45.49,59.8,1,174,0
20.21,17.08,76.73,50.17,40.6,1,120,0
21.65,19.57,82.23,31.32,8.5,2,30,1
30.31,17.94,90.06,60.21,29.1,1,87,0
25.85,20.94,58.61,45.7,6.3,1,40,0
35.42,22.03,68.95,25.53,91.9,3,149,1
35.65,19.63,91.37,79.3,54.1,3,85,1
37.05,24.45,75.55,41.68,16.6,1,40,1
31.55,22.5,82.4,71.38,80.6,3,155,1
32.44,16.02,58.81,58.5,14.9,1,43,0
24.31,15.26,85.05,47.44,89.8,1,255,0
43.4,18.7,71.95,24.03,37.1,3,59,1
20.08,24.15,88.64,55.85,57.1,2,148,0
43.82,20.39,93.64,54.4,19.5,3,33,1
38.04,21.63,64.81,71.92,8.6,1,40,0
32.12,23.73,55.72,70.05,66.3,1,194,0
22.76,23.2,97.15,64.08,69.9,2,177,0
34.92,16.77,89.54,63.72,92.9,1,255,0
36.89,18.8,51.51,38.98,80.6,3,131,1
22.95,17.55,60.88,45.55,76.4,2,195,0
21.34,19.56,72.56,59.59,44.4,2,114,0
22.18,19.25,61.72,40.36,80.1,1,235,0
31.99,18.07,55.93,35.2,36.0,2,91,1
44.37,19.04,88.34,60.99,13.5,3,21,1
21.97,23.23,92.71,35.71,58.5,3,112,1
43.78,18.31,58.52,77.91,6.2,2,30,0
42.77,17.94,84.52,21.14,59.4,2,129,1
42.78,19.16,81.19,42.76,72.6,1,182,1
22.26,23.86,89.44,20.69,95.6,3,181,1
21.13,19.22,95.54,70.39,49.3,1,143,0
38.78,20.81,68.44,56.38,61.9,3,101,1
27.94,15.85,64.63,25.01,97.3,3,187,1
19.56,15.64,79.45,53.7,16.0,1,46,0
32.46,16.37,58.69,35.08,66.5,2,166,1
43.41,19.58,82.23,34.36,52.3,3,85,1
18.6,23.98,53.19,45.07,74.7,2,190,0
21.35,21.47,52.62,56.56,74.6,2,189,0
37.78,21.42,62.32,44.95,78.9,3,127,1
35.53,24.17,90.46,49.27,58.6,2,125,1
28.21,24.09,63.34,70.5,50.8,3,98,1
37.56,21.33,70.45,57.78,25.7,1,65,0
22.61,19.77,96.49,36.78,40.7,3,79,1
27.89,21.45,93.61,50.95,87.5,3,169,1
42.27,17.76,78.71,28.55,62.4,3,102,1
17.86,16.39,69.4,24.68,35.9,2,92,1
36.66,15.54,54.32,24.87,58.9,3,96,1
38.72,17.3,72.62,72.43,31.8,2,68,0
30.68,21.85,52.27,39.81,56.2,2,141,1
44.69,18.85,81.12,54.66,40.2,1,96,0
29.54,16.75,62.18,27.13,72.7,1,212,0
29.86,15.39,51.42,73.97,10.1,2,30,0
28.84,17.67,88.19,45.16,28.5,3,53,1
40.33,22.16,71.28,76.24,32.8,2,71,0
16.98,15.11,69.09,67.65,57.0,1,168,0
28.22,24.43,69.05,69.35,9.9,2,30,0
40.83,23.29,85.0,69.03,67.1,1,167,0
43.2,18.81,93.33,33.73,76.9,1,191,1
26.98,18.69,79.48,60.98,46.7,2,116,0
16.27,14.95,93.24,60.36,79.4,2,201,0
36.2,22.71,49.84,64.17,64.3,3,103,1
29.69,21.25,66.69,62.97,87.5,1,254,0
36.59,21.67,86.18,56.73,66.9,3,110,1
21.57,17.4,53.46,23.94,87.3,1,254,1
28.59,23.45,56.8,47.95,59.9,3,115,1
44.32,18.76,53.51,65.3,58.4,3,95,1
17.64,19.42,73.29,70.39,38.7,2,98,0
16.36,21.07,88.73,66.74,65.9,3,127,0
42.94,17.65,75.71,63.49,7.1,2,30,1
26.85,15.87,87.88,40.6,11.3,1,40,0
34.51,17.54,94.79,38.22,53.8,3,102,1
41.21,22.08,68.88,41.19,35.3,1,89,1
36.99,18.05,70.83,30.27,90.1,1,223,1
36.45,17.71,65.31,32.1,98.1,3,160,1
41.55,18.61,84.48,60.53,6.4,3,20,1
36.01,19.42,59.48,36.69,88.2,3,142,1
37.59,21.6,50.56,62.32,33.3,2,74,1
30.42,24.71,51.42,79.16,85.1,3,162,1
39.15,18.71,81.3,66.37,56.5,3,93,1
41.28,24.26,57.82,28.51,8.0,3,20,1
15.75,23.73,53.76,63.04,92.5,3,176,1
36.32,22.28,87.7,73.1,78.8,3,128,1
42.23,24.15,92.8,36.13,31.9,1,78,1
39.41,18.94,82.61,35.47,47.2,2,102,1
17.43,17.58,84.46,35.89,21.5,3,39,1
29.78,24.42,86.95,27.47,95.2,1,255,0
29.34,22.48,85.4,70.85,2.6,3,20,1
29.43,24.32,86.01,36.93,44.5,2,113,1
35.96,21.27,95.13,70.34,37.1,3,59,1
29.67,16.35,69.87,35.78,0.1,3,20,1
25.61,18.93,89.78,73.99,97.3,1,255,0
29.23,22.03,65.91,54.13,73.2,3,140,1
42.34,22.63,69.01,62.72,31.2,1,76,0
42.44,17.36,60.51,27.47,26.5,3,43,1
42.43,22.32,56.26,25.22,46.6,3,76,1
43.05,22.17,53.38,72.7,19.2,1,47,0
17.41,18.38,70.41,28.49,23.6,2,61,1
26.35,18.69,84.14,59.6,99.1,1,255,0
30.09,15.43,53.04,65.25,90.9,1,255,0
23.44,23.83,65.15,33.61,96.5,1,255,0
41.4,20.6,84.94,66.95,38.8,3,62,1
42.24,20.1,63.33,61.36,11.3,1,40,0
43.15,18.77,71.82,44.03,3.2,3,20,1
41.05,24.46,52.04,53.34,92.1,3,149,1
28.03,20.78,56.31,77.92,10.9,1,40,0
27.06,19.79,74.05,26.06,4.2,3,20,1
19.4,19.91,65.73,69.61,69.0,3,132,0
23.16,20.88,68.98,39.56,30.3,3,57,1
16.6,15.82,50.93,46.35,4.9,1,40,0
20.17,18.46,73.38,51.22,2.4,3,20,1
18.4,21.34,76.98,78.19,39.9,2,103,0
30.24,16.26,54.46,68.29,81.9,1,241,0
41.48,17.1,76.15,40.26,49.8,2,108,1
37.1,24.5,87.77,51.47,58.7,1,146,0
33.75,19.31,55.92,34.26,21.0,2,51,1
32.86,16.91,84.89,21.18,74.9,1,220,1
23.42,23.2,61.89,58.13,22.9,3,44,0
20.28,24.59,87.16,56.14,6.9,1,40,0
31.67,15.71,92.83,72.8,55.8,2,143,0
44.42,21.2,64.85,42.45,45.4,3,73,1
36.95,16.66,55.74,46.67,98.0,1,246,1
19.54,24.22,65.76,37.94,74.5,3,142,1
33.06,21.46,66.5,36.93,46.7,2,118,1
24.79,17.18,51.56,36.99,33.7,3,64,1
25.7,22.32,86.85,43.48,57.4,1,165,0
16.78,16.36,70.92,76.99,65.0,2,164,0
32.59,16.75,56.54,34.52,82.8,1,243,0
18.28,20.66,90.63,53.96,80.1,2,203,0
32.88,22.64,83.55,51.06,4.0,3,20,1
41.84,19.32,72.75,27.17,50.4,1,125,1
27.84,22.75,67.43,34.37,11.0,2,30,1
33.45,17.94,71.03,46.75,20.7,3,39,1
29.41,16.26,92.33,61.85,3.5,2,30,0
21.15,17.74,90.57,77.52,88.7,1,255,0
36.75,21.82,84.75,76.53,11.9,3,20,1
22.72,19.1,49.9,63.99,78.0,2,197,0
34.72,17.19,59.66,73.57,66.7,1,165,0
36.17,20.4,90.36,31.33,85.9,1,214,1
42.18,22.04,53.22,24.48,51.6,1,126,1
22.52,18.12,75.21,27.6,21.1,1,61,0
41.99,18.98,73.78,27.04,53.9,2,115,1
37.17,21.57,83.27,26.84,56.9,2,122,1
29.48,20.52,89.92,26.83,6.2,2,30,1
19.55,15.15,60.6,27.17,29.7,1,86,0
19.43,15.49,56.99,35.53,26.8,2,68,1
33.86,19.4,79.23,32.23,12.5,1,40,0
29.08,18.57,97.37,78.69,70.7,1,203,0
19.6,19.11,56.23,50.17,7.0,1,40,0
43.75,19.37,85.01,21.73,93.5,1,233,1
37.09,20.68,59.08,36.95,28.5,3,46,1
44.45,23.88,59.25,72.89,84.7,2,183,0
33.75,19.26,87.0,73.06,76.0,1,220,0
40.57,20.22,75.54,46.55,13.7,2,30,1
18.89,16.96,67.9,49.0,32.1,2,82,0
41.71,18.84,72.49,58.4,6.1,3,20,1
23.09,18.34,58.04,62.91,16.9,2,43,0
41.41,23.43,60.94,70.6,69.0,1,172,0
30.6,21.92,78.1,22.59,20.4,3,39,1
34.13,23.27,69.72,79.33,23.0,3,41,1
30.51,21.1,63.1,32.36,39.0,2,100,1
40.37,23.67,97.17,42.17,66.8,3,108,1
26.7,16.54,54.8,53.76,36.8,1,109,0
17.01,19.32,97.72,47.06,41.2,3,80,1
25.25,23.0,51.61,64.9,97.7,3,186,1
34.05,17.21,65.96,39.25,28.3,3,52,1
28.96,20.85,58.61,57.46,80.5,1,233,0
43.22,18.66,77.53,77.61,90.5,1,224,0
30.35,22.93,60.83,66.23,21.4,3,40,1
22.34,19.77,76.99,25.16,50.0,2,125,1
41.45,17.82,54.79,43.19,26.0,1,63,1
29.88,21.68,78.06,62.66,38.3,1,111,0
18.53,18.44,67.06,77.35,83.7,3,158,0
25.8,21.52,55.35,23.21,80.0,2,204,1
18.82,20.27,84.89,59.6,67.2,3,129,0
39.43,18.99,59.26,36.79,84.8,2,181,1
40.54,16.55,64.51,67.02,43.4,3,70,1
38.44,16.25,80.83,47.12,81.0,2,175,1
27.61,16.15,91.79,49.25,55.3,2,139,0
29.35,23.47,58.84,73.58,85.0,3,163,1
37.04,17.67,88.74,77.64,0.5,1,40,0
38.5,21.03,68.82,28.93,82.1,1,205,1
43.34,16.64,55.41,29.56,13.3,2,30,1
32.87,20.78,76.42,29.99,56.3,1,162,0
41.46,17.56,55.66,77.7,3.7,1,40,0
39.38,17.21,53.39,47.84,6.4,2,30,1
41.16,17.37,75.27,68.13,36.7,3,60,1
44.74,20.06,89.18,28.71,29.7,3,49,1
40.54,19.31,80.31,70.47,31.2,3,50,1
19.85,19.2,87.17,26.04,9.5,1,40,0
23.75,20.46,79.74,66.49,4.1,3,20,0
31.31,22.66,94.11,70.03,26.8,2,69,0
19.44,23.49,59.2,59.87,33.9,2,86,0
32.29,15.89,54.8,46.22,51.2,2,132,1
23.2,24.4,64.87,30.89,25.5,2,63,1
27.85,22.67,64.73,72.23,28.4,2,70,0
34.83,21.48,75.05,34.75,43.6,1,108,1
29.96,24.03,77.86,23.28,3.6,1,40,1
37.25,17.22,90.0,39.44,11.5,2,30,1
22.66,20.97,93.35,21.38,81.9,1,241,1
17.56,16.7,95.65,78.89,48.2,1,144,0
45.0,17.38,70.98,65.44,46.1,2,101,0
27.98,23.18,66.61,36.51,84.3,3,160,1
20.88,14.98,58.39,41.48,5.2,2,30,0
26.69,21.55,56.02,55.69,24.4,1,71,0
26.58,17.24,87.5,74.03,83.9,3,162,1
37.31,17.4,61.6,50.11,66.1,2,144,1
30.05,20.18,80.26,30.8,25.9,1,77,0
22.94,18.29,58.03,51.51,51.0,2,131,0
22.04,20.09,85.54,75.74,29.9,1,88,0
42.55,15.9,58.1,56.62,25.3,2,52,1
18.31,21.55,96.86,47.0,51.1,3,98,1
21.67,15.18,92.74,23.66,41.5,3,79,1
31.52,21.5,74.32,74.22,14.6,3,26,1
39.39,18.32,73.22,26.61,73.1,2,157,1
43.21,22.19,55.46,67.77,8.4,1,40,0
44.39,15.05,77.14,53.28,27.8,2,59,1
44.85,19.99,94.18,52.14,39.5,1,99,0
24.97,23.14,53.83,54.51,51.4,1,150,0
40.42,15.27,97.91,53.08,50.7,2,109,1
32.43,16.85,56.28,27.45,25.6,2,66,1
34.63,20.77,92.12,67.31,9.9,1,40,0
22.6,24.26,57.31,54.78,49.0,2,126,0
33.67,22.59,64.32,62.72,88.3,3,168,1
24.39,20.57,85.31,69.1,31.7,3,58,0
25.78,20.65,49.3,63.26,79.9,1,235,0
27.73,19.14,92.84,21.22,14.3,2,35,1
26.08,16.5,79.3,23.36,92.3,3,176,1
28.43,16.31,49.45,57.61,33.4,2,85,0
26.02,24.43,53.42,53.47,96.8,3,185,1
34.87,23.47,72.03,46.81,29.3,2,73,1
25.75,19.39,52.58,42.59,86.6,3,166,1
22.05,20.32,76.3,68.63,40.8,1,121,0
27.66,15.56,51.78,75.05,76.9,1,224,0
38.77,22.79,81.84,69.61,72.5,2,157,0
40.53,17.94,61.8,32.71,66.3,2,143,1
37.15,15.88,60.76,41.69,5.0,1,40,1
23.49,15.78,88.38,39.65,90.4,3,171,1
22.05,19.35,64.51,55.44,56.3,2,142,0
44.72,22.25,92.67,78.26,48.3,3,76,1
32.62,18.77,97.24,74.06,61.8,1,178,0
21.14,19.09,93.06,26.93,97.9,1,255,0
18.63,24.04,64.96,50.08,64.3,3,122,1
27.79,22.55,83.1,21.98,55.1,2,140,1
25.45,22.38,69.0,46.47,61.0,3,114,1
26.3,24.11,73.52,68.34,64.6,3,121,1
25.92,19.91,67.26,74.13,58.0,3,111,1
25.3,15.38,76.43,56.93,93.4,3,179,1
20.18,23.56,63.69,64.97,8.4,3,20,0
44.24,24.51,90.24,35.7,29.3,1,72,1
31.47,21.22,59.64,79.56,93.1,2,238,0
42.11,15.23,52.43,30.16,97.4,3,158,1
20.25,24.05,77.42,26.43,37.8,3,73,1
27.83,16.4,75.48,63.74,16.1,3,29,1
21.09,21.94,70.64,74.93,61.3,3,117,0
30.37,18.77,57.18,27.52,73.7,1,217,0
38.4,22.29,71.38,24.83,67.9,3,109,1
17.11,24.37,74.48,51.86,35.5,1,106,0
17.63,20.22,74.27,46.09,28.1,2,71,0
27.94,20.88,93.05,80.44,46.8,1,136,0
35.77,24.38,65.48,47.06,36.2,2,75,1
45.14,23.35,52.75,29.72,3.3,1,40,1
24.31,22.6,87.21,37.74,22.9,2,57,1
25.61,22.18,71.16,46.98,72.0,3,138,1
45.12,19.02,55.39,36.9,90.9,2,197,1
38.05,20.77,88.0,29.83,71.9,3,117,1
36.81,17.57,83.21,55.38,25.4,3,40,1
29.55,17.66,91.44,70.62,85.4,2,219,0
41.52,20.45,81.07,57.06,23.9,2,51,1
22.4,19.49,66.56,26.96,28.1,2,72,1
43.38,20.87,64.63,59.66,78.7,2,170,1
33.74,20.37,89.93,36.07,1.9,3,20,1
23.12,22.89,77.45,48.44,24.5,3,44,1
44.62,16.63,96.11,36.49,19.3,2,41,1
40.67,20.63,62.94,51.77,83.5,2,181,1
31.61,18.44,93.97,30.09,5.5,3,20,1
19.07,23.56,76.29,48.44,84.0,3,160,1
22.45,17.8,92.08,24.57,69.4,3,134,1
22.43,15.0,55.24,64.32,1.8,2,30,0
25.68,23.43,97.77,50.79,49.9,1,144,0
38.12,22.62,86.63,79.25,41.2,2,89,0
16.62,24.48,86.93,67.48,53.3,2,136,0
26.08,20.94,61.62,53.4,38.4,2,98,0
27.74,17.29,95.78,56.42,46.7,3,88,1
41.72,21.78,53.82,73.92,78.0,2,166,0
31.7,23.45,87.58,79.75,16.7,1,49,0
23.8,20.6,57.13,58.29,97.0,2,246,0
31.85,21.7,73.86,30.68,29.8,1,86,0
28.02,21.43,98.01,20.53,84.6,2,216,1
31.24,23.13,54.5,72.99,19.8,3,36,1
41.82,24.85,82.8,54.65,96.0,1,238,0
26.31,20.54,92.89,53.0,48.9,2,125,0
36.59,19.08,52.61,73.99,6.0,3,20,1
25.51,22.1,66.59,59.01,72.0,2,185,0
42.18,19.16,66.72,70.51,96.6,3,156,1
25.1,20.09,62.98,27.85,83.7,2,213,1
41.17,24.29,83.28,66.92,19.3,1,50,0
33.17,20.17,64.13,43.2,18.1,3,34,1
24.74,19.94,77.99,40.31,77.0,1,224,0
34.88,17.75,63.77,43.62,43.7,2,112,1
39.98,22.37,84.51,25.41,48.2,3,78,1
29.3,19.43,59.82,47.44,75.7,3,143,1
22.78,22.12,51.69,52.1,84.0,1,247,0
34.67,14.82,76.07,41.41,45.7,3,87,1
16.17,17.27,63.86,65.08,44.6,3,86,0
16.33,24.94,80.0,55.89,65.6,2,165,0
22.73,21.94,84.57,44.82,52.0,2,133,0
25.18,18.6,53.96,66.7,60.0,1,176,0
41.16,16.42,75.14,50.73,51.9,2,112,1
18.41,16.84,58.59,28.55,94.8,2,240,1
20.1,21.18,93.65,69.79,29.2,1,84,0
41.84,23.73,54.13,51.86,74.4,1,184,0
25.44,18.68,65.64,28.6,77.0,2,195,1
21.1,18.87,73.56,22.74,79.9,3,152,1
27.37,19.62,51.52,51.0,12.0,3,22,1
38.07,17.34,75.59,29.83,80.0,3,131,1
35.57,15.87,90.32,66.06,37.3,3,60,1
38.39,17.26,89.98,45.85,49.9,3,81,1
41.17,15.28,51.01,59.05,46.1,1,115,0
34.99,15.64,88.49,32.36,91.1,1,255,0
19.16,24.89,77.85,54.95,38.1,2,97,0
32.85,22.12,53.66,56.69,35.9,3,71,1
40.9,21.97,89.36,78.95,98.0,2,211,0
21.71,21.25,62.01,43.77,49.6,1,144,0
34.5,19.5,86.08,77.87,33.4,2,84,0
41.92,15.7,60.11,39.45,67.7,3,111,1
19.35,18.69,87.28,70.3,79.2,1,233,0
26.13,16.86,70.1,67.62,2.7,1,40,0
24.42,17.68,55.29,28.56,47.4,2,119,1
31.51,21.29,84.8,69.01,57.0,2,146,0
25.63,19.36,87.41,31.31,17.0,2,43,1
32.74,24.14,71.24,65.81,24.1,1,68,0
29.62,16.31,49.25,34.0,16.7,1,53,0
43.53,17.23,77.55,51.86,44.8,3,72,1
31.91,19.5,79.28,62.93,27.4,1,81,0
25.89,18.73,85.25,41.02,79.4,3,151,1
35.92,17.9,50.72,71.05,99.2,2,215,0
19.22,21.15,64.9,26.95,82.2,2,210,1
35.72,21.7,49.86,33.44,69.7,2,179,1
21.36,17.31,78.64,36.21,45.9,1,136,0
37.72,16.38,58.07,47.05,36.0,3,58,1
24.84,21.82,53.84,62.3,74.1,1,218,0
42.04,20.51,88.75,55.51,91.8,1,226,0
19.31,18.7,82.11,74.41,21.9,2,55,0
16.62,18.55,74.59,50.94,82.7,1,240,0
18.67,17.93,91.66,28.64,65.6,3,125,1
21.72,24.31,85.69,27.61,26.8,3,51,1
33.8,18.63,71.77,61.14,65.7,1,191,0
23.56,19.9,71.74,51.83,85.1,3,163,1
30.66,23.39,71.06,64.6,1.7,3,20,1
20.81,18.41,64.65,73.71,69.4,3,132,0
22.44,24.05,86.9,39.85,75.7,1,221,0
34.35,16.54,71.73,54.68,68.1,2,174,1
21.96,25.5,87.6,28.48,47.2,1,139,0
34.24,19.54,85.26,64.0,70.2,3,135,1
38.93,23.05,76.78,31.39,80.3,2,175,1
34.82,22.21,82.0,71.11,90.1,1,255,0
41.92,21.48,68.64,75.4,29.2,2,64,0
40.73,21.55,73.7,25.38,41.0,1,104,1
20.22,21.49,82.77,78.81,71.8,1,211,0
33.74,23.78,57.13,22.33,96.6,2,246,1
36.09,22.85,55.49,27.84,94.3,3,151,1
30.09,15.01,85.09,66.77,10.8,1,40,0
31.89,22.76,69.99,55.86,5.4,2,30,1
36.21,19.6,57.66,48.89,80.1,1,198,1
35.42,18.5,63.51,47.16,59.8,2,130,1
43.17,15.17,51.0,49.85,25.3,2,53,1
37.87,17.02,63.58,21.14,7.9,3,20,1
44.28,15.87,59.95,75.72,88.7,2,191,0
34.24,24.94,84.1,78.6,2.7,2,30,0
34.63,18.8,98.11,75.06,26.7,3,50,1
18.83,18.37,70.44,35.79,54.1,1,158,0
30.27,15.37,74.07,35.8,15.4,1,43,0
26.92,19.14,76.59,25.23,75.4,1,224,0
25.88,19.29,68.79,65.84,52.6,1,154,0
18.56,17.03,55.01,21.0,80.8,1,234,1
17.73,17.58,60.4,21.6,7.5,3,20,1
43.67,24.05,77.81,45.75,56.5,2,122,1
39.79,16.02,77.22,21.26,27.0,1,69,1
33.84,19.65,77.8,22.21,37.8,1,110,1
44.84,15.91,65.2,25.85,85.5,1,214,1
36.6,18.72,82.88,36.7,54.4,1,135,1
19.94,21.92,87.6,33.24,74.0,1,217,0
33.17,20.14,72.93,40.08,4.4,3,20,1
28.36,22.42,86.11,72.96,53.6,1,158,0
29.32,18.81,78.93,53.12,43.3,3,82,1
18.44,16.82,68.52,42.72,4.8,2,30,0
42.54,18.38,91.84,28.7,86.6,2,186,1
43.0,16.78,62.42,68.1,25.0,1,61,0
18.45,21.97,68.92,55.72,91.3,1,255,0
28.0,18.39,54.12,68.6,73.7,2,189,0
37.2,22.18,88.36,67.65,63.4,3,101,1
38.39,18.89,75.56,32.49,25.6,2,54,1
35.01,17.44,59.53,43.05,55.5,1,163,0
17.86,19.66,76.12,59.95,41.2,1,119,0
31.15,20.39,86.5,73.46,22.4,3,41,1
33.82,19.76,53.29,78.61,42.0,2,107,0
26.23,20.02,65.31,64.22,67.7,3,130,1
21.17,16.85,73.98,77.83,2.7,1,40,0
33.63,19.21,64.68,71.97,16.6,1,47,0
16.4,23.21,62.75,72.87,41.9,1,124,0
28.38,21.8,69.72,42.41,34.3,3,63,1
38.05,21.99,77.71,47.95,95.6,2,204,1
28.49,24.86,70.94,26.72,3.1,1,40,0
22.42,17.58,91.22,20.92,74.4,1,216,1
34.95,21.91,95.39,44.61,56.6,3,106,1
37.46,18.26,94.2,66.62,40.0,3,65,1
42.96,24.63,93.07,34.57,64.4,2,138,1
30.73,20.68,65.32,33.51,15.3,2,40,1
35.93,24.06,69.19,39.4,93.1,1,233,1
33.96,21.66,87.65,72.47,0.3,3,20,1
34.45,18.37,83.78,20.89,95.9,2,242,1
33.56,16.9,64.63,24.88,65.5,3,126,1
34.13,21.34,84.86,58.5,48.7,3,92,1
42.02,19.04,75.29,77.7,37.0,3,60,1
44.42,19.26,63.16,58.51,11.9,2,30,1
24.9,17.91,61.25,28.13,5.8,2,30,1
28.28,23.14,76.81,27.07,38.4,3,73,1
33.57,18.9,56.41,21.36,3.8,3,20,1
38.79,22.06,85.06,26.17,30.3,1,76,1
42.89,15.94,96.68,70.43,26.5,1,65,0
28.73,23.12,60.18,48.08,63.6,3,121,1
24.42,20.13,68.45,28.83,1.8,2,30,1
22.12,20.07,65.87,22.31,65.2,2,166,1
24.47,21.87,56.49,65.46,78.7,1,228,0
29.09,15.57,52.52,34.51,79.5,3,151,1
29.29,15.47,66.18,43.91,28.4,3,54,1
31.52,23.7,64.16,68.62,43.6,3,84,1
31.86,16.68,56.99,64.27,43.5,2,111,1
34.4,24.83,57.33,28.26,95.2,2,242,1
30.2,21.32,67.42,24.28,31.7,1,94,1
21.59,23.37,85.58,54.68,31.5,3,60,1
40.05,21.12,70.36,63.5,95.9,1,241,0
19.0,23.56,86.77,27.08,25.7,1,74,0
29.9,19.96,68.19,63.03,83.0,3,158,1
35.58,17.98,96.7,67.43,7.3,1,40,0
28.78,17.66,65.05,62.37,29.8,1,88,0
43.93,23.77,70.64,71.23,5.5,2,30,0
21.19,22.91,89.74,21.37,71.2,3,135,1
40.18,16.68,94.78,67.36,14.5,3,22,1
23.78,16.42,92.09,77.8,88.3,1,255,0
44.25,20.15,80.73,26.97,15.4,1,38,1
35.05,20.23,72.75,69.63,17.2,3,34,1
19.02,17.0,59.26,29.7,93.0,1,255,0
29.37,19.84,93.17,36.28,41.2,3,77,1
37.8,18.49,85.52,31.34,59.7,3,95,1
32.68,19.98,71.6,63.04,97.3,3,184,1
35.84,22.42,63.25,56.18,75.2,2,162,1
26.71,17.25,69.38,43.94,55.8,1,162,0
38.55,19.23,66.77,78.18,86.7,3,140,1
19.88,21.34,57.81,63.73,0.6,2,30,0
42.95,17.44,67.02,53.5,21.1,1,54,0
26.99,17.45,62.67,49.31,93.7,1,255,0
35.88,24.65,62.28,38.57,12.0,2,30,1
44.17,22.08,70.52,65.95,2.0,1,40,0
21.17,23.44,88.98,44.54,12.9,3,23,1
37.53,21.38,71.81,39.33,0.3,3,20,1
23.36,19.21,72.12,29.13,3.2,1,40,0
39.97,20.25,73.26,57.69,55.9,3,91,1
28.06,16.15,55.69,57.21,63.2,1,185,0
25.12,16.6,78.53,65.51,22.5,3,44,1
24.06,16.32,58.32,70.74,54.3,1,158,0
35.63,22.83,63.04,52.96,29.7,1,75,0
40.0,16.43,98.37,44.79,22.8,3,36,1
43.58,17.53,85.47,23.82,74.3,3,120,1
36.5,21.6,58.68,34.36,70.7,3,114,1
29.89,16.21,75.05,51.14,63.2,1,185,0
39.69,16.63,90.76,45.71,5.4,2,30,1
36.29,20.61,71.85,79.89,47.0,3,76,1
22.24,17.26,64.09,68.94,75.1,3,142,0
26.4,24.82,65.0,28.68,17.9,1,51,0
25.02,15.69,52.64,46.06,48.7,2,123,0
23.15,19.96,51.68,77.99,84.0,2,212,0
30.72,15.43,89.22,50.66,11.2,1,40,0
28.27,22.24,51.82,41.77,71.6,1,212,0
19.44,21.73,73.32,38.17,65.7,2,169,1
20.76,22.12,63.52,69.64,24.4,3,47,0
17.42,20.77,78.14,48.03,63.0,3,121,1
20.52,24.6,84.09,46.06,85.7,3,164,1
29.03,18.83,91.31,53.01,80.1,3,151,1
42.42,24.65,63.82,73.93,4.2,1,40,0
35.35,18.5,63.04,36.07,49.7,2,109,1
25.74,20.37,77.63,33.48,38.0,3,72,1
39.48,20.84,77.05,28.89,25.3,1,63,1
18.62,23.64,96.56,36.65,48.1,2,123,1
37.85,23.58,92.06,55.83,95.5,2,208,1
24.3,20.69,93.49,34.4,98.6,1,255,0
41.03,17.79,50.12,31.03,42.0,3,69,1
40.94,22.35,90.25,43.35,64.1,2,140,1
41.57,22.69,92.24,75.3,67.7,1,169,0
40.23,19.62,74.11,77.76,89.0,1,220,0
18.14,23.37,97.79,62.19,97.8,3,186,0
30.99,24.35,85.3,19.25,71.4,3,134,1
28.24,20.9,80.79,61.15,75.5,1,223,0
21.24,24.49,59.42,54.95,37.3,1,108,0
42.49,15.9,83.56,57.62,59.0,3,97,1
20.91,17.44,82.47,66.34,10.3,1,40,0
30.59,18.29,73.16,77.06,7.3,1,40,0
34.83,18.66,54.02,64.62,65.4,1,162,0
33.35,18.07,54.19,63.98,30.8,3,59,1
39.82,24.84,87.18,28.26,61.8,2,134,1
25.02,19.3,77.14,21.9,60.5,2,155,1
26.34,18.63,84.7,44.5,53.1,1,155,0
18.04,24.56,53.67,58.17,2.0,2,30,0
40.25,18.88,61.36,66.37,93.1,3,153,1
30.18,22.51,62.25,34.53,62.8,2,160,1
29.17,22.12,58.64,79.56,54.7,3,104,1
33.56,15.54,78.76,63.97,63.3,2,161,1
23.92,19.11,51.99,20.57,42.2,1,124,1
44.01,17.47,48.99,26.56,92.6,3,149,1
20.86,23.03,86.86,24.64,46.0,1,135,0
17.5,18.13,87.1,31.73,98.4,3,187,1
29.93,20.62,73.13,36.18,68.1,3,130,1
44.48,23.9,69.93,39.73,73.0,3,119,1
35.63,18.12,97.01,37.59,53.7,2,118,1
32.3,19.72,54.63,25.04,19.9,1,60,1
41.85,19.51,69.4,32.53,19.3,3,31,1
17.22,21.07,95.85,71.4,8.5,1,40,0
42.41,20.51,62.64,40.35,85.6,3,139,1
27.97,24.77,90.89,76.92,10.6,1,40,0
37.57,24.04,76.85,64.31,52.1,2,113,1
43.84,17.98,59.98,76.42,48.8,2,106,0
32.78,24.93,81.85,66.93,46.4,1,134,0
31.81,20.85,63.2,34.25,88.6,2,227,1
41.82,18.37,76.29,38.52,78.9,3,127,1
29.99,20.87,56.38,46.92,15.5,2,38,1
27.67,21.53,88.33,77.63,87.2,1,254,0
33.5,22.07,52.66,53.81,30.1,1,86,0
43.67,15.97,92.4,54.44,75.1,1,187,0
17.27,22.31,87.74,21.19,23.6,3,44,1
32.45,23.55,77.82,29.49,85.7,3,165,1
32.26,20.42,76.66,39.04,85.7,1,252,0
36.84,23.03,85.67,65.71,64.1,2,139,0
41.78,24.35,90.02,30.13,5.7,3,20,1
24.25,15.61,70.81,45.71,75.7,3,145,1
34.09,15.75,97.85,25.27,68.4,2,175,1
22.6,19.7,73.87,50.4,83.8,2,210,0
30.81,17.97,75.41,63.19,38.6,1,115,0
40.88,23.01,88.67,80.17,31.0,3,50,1
41.28,24.09,56.17,62.42,40.6,3,65,1
39.78,18.86,51.8,75.96,78.0,1,195,0
32.9,15.96,97.26,52.99,41.3,2,106,1
21.07,20.77,81.11,42.73,5.9,3,20,1
39.8,23.95,68.58,69.26,46.9,2,100,0
19.56,23.43,94.31,24.93,32.5,3,61,1
32.85,22.62,93.16,72.79,30.4,2,77,0
17.86,21.6,67.9,49.85,24.0,3,45,1
17.83,19.64,97.97,72.75,1.3,2,30,0
43.69,17.29,69.32,65.87,82.0,3,133,1
17.19,22.96,61.64,29.5,13.2,3,23,1
41.93,22.49,97.17,24.27,75.1,2,162,1
21.81,20.26,88.7,46.41,87.6,3,168,1
33.81,23.5,79.2,36.64,79.6,1,235,0
23.58,22.11,74.47,39.22,85.9,2,220,1
25.38,19.68,54.33,26.72,73.1,1,213,0
17.18,17.73,66.58,78.67,65.7,1,191,0
26.72,20.98,68.59,25.11,93.2,3,177,1
30.01,23.45,76.47,39.76,93.1,3,177,1
22.73,15.91,66.7,73.16,16.7,1,47,0
26.37,17.0,87.76,30.47,21.3,2,55,1
32.23,22.61,73.33,27.07,45.0,1,131,0
21.03,16.72,96.24,44.71,93.6,1,255,0
24.67,18.32,59.9,76.84,23.0,2,60,0
37.9,18.94,65.51,37.19,92.0,1,228,1
43.5,22.21,54.61,30.12,17.9,2,38,1
43.33,23.84,89.16,41.53,11.3,2,30,1
20.52,22.8,68.15,74.77,4.2,1,40,0
39.06,17.8,71.48,66.79,83.0,1,207,0
40.91,16.93,86.62,56.5,85.7,1,213,0
22.22,23.89,75.06,32.71,39.5,1,114,0
44.71,16.62,79.59,74.49,90.0,3,146,1
22.7,16.37,62.88,22.63,31.0,2,79,1
42.7,19.72,93.21,58.84,72.7,2,158,1
31.29,23.52,80.89,21.77,12.1,3,24,1
28.23,18.7,66.69,24.59,39.1,3,74,1
32.29,22.57,77.47,60.37,88.1,3,168,1
17.64,19.64,61.22,57.5,17.9,1,55,0
41.72,20.99,70.46,55.94,75.2,3,121,1
41.47,24.69,79.01,33.94,66.4,3,108,1
17.03,18.65,74.94,67.21,34.5,3,64,0
15.36,17.48,98.69,27.33,7.3,2,30,1
19.68,18.86,58.64,40.71,54.9,3,105,1
37.01,20.95,64.08,78.54,26.3,2,57,0
33.67,16.78,55.01,25.19,65.5,3,125,1
35.46,15.3,53.51,22.61,49.3,1,120,1
41.53,15.67,79.2,67.51,87.5,3,140,1
17.86,15.84,96.04,79.32,27.0,2,70,0
42.03,23.73,94.71,34.84,82.4,1,206,1
16.66,22.92,92.4,67.39,36.8,1,109,0
23.96,21.59,53.7,22.94,69.1,2,177,1
32.87,23.32,73.88,55.96,97.0,1,255,0
28.76,21.46,98.12,78.39,66.8,1,195,0
44.77,17.41,80.08,32.06,63.8,2,138,1
31.35,24.77,80.33,20.8,44.9,3,85,1
35.62,15.51,71.85,33.95,39.3,2,86,1
44.36,21.56,93.75,70.97,55.6,1,139,0
30.92,23.93,81.01,60.1,15.7,3,29,1
25.66,18.13,50.28,37.71,42.2,3,81,1
37.87,21.95,83.37,37.56,81.5,1,202,1
24.79,16.61,92.8,48.63,35.7,3,68,1
20.22,24.12,93.75,33.44,5.7,3,20,1
42.19,17.08,51.7,30.6,86.7,2,187,1
28.86,19.0,61.83,29.69,77.3,3,148,1
20.12,18.0,50.93,43.21,66.7,3,128,1
29.26,15.67,76.19,46.05,90.0,2,230,0
40.03,25.01,91.18,43.33,8.6,2,30,1
36.38,19.49,80.05,57.53,53.9,1,134,0
37.53,15.07,87.16,55.09,65.4,1,162,0
30.45,20.86,71.06,67.54,95.9,1,255,0
17.24,23.38,70.87,39.46,53.0,3,100,1
38.53,16.29,86.81,43.78,39.4,2,85,1
33.29,23.35,65.69,60.56,78.9,2,200,1
38.44,17.26,58.4,76.02,84.5,3,136,1
30.45,19.77,54.91,42.65,12.3,3,22,1
17.11,17.45,82.48,45.99,49.8,3,95,1
17.67,17.74,68.26,37.56,2.5,2,30,1
19.88,23.36,78.0,73.76,25.2,2,65,0
16.11,21.46,58.48,20.57,54.8,3,103,1
28.54,15.79,85.36,72.24,58.7,2,149,0
39.56,20.6,95.14,29.51,10.0,2,30,1
24.15,17.75,55.71,46.24,6.5,2,30,0
